season,date,away,home,game_num,home_gf,home_ga,away_gf,away_ga,home_gf_home,home_ga_home,away_gf_away,away_ga_away,home_rest,away_rest,home_b2b,away_b2b,home_goalie_sv,away_goalie_sv,home_severity,away_severity,line,implied_over,implied_under,over_odds,under_odds,actual_total,label
2024-25,2024-10-26,TOR,BOS,121,3.0268866741316924,3.343126400192974,3.066434995274159,3.172116593506971,3.133438006093507,3.324198387168844,3.0215028930859495,3.109084614904039,1,1,0,0,0.911675,0.9295666666666667,0.0,10.0,6.0,51.92307692307693,52.60663507109005,-108,-111,7,1
2024-25,2024-10-26,CHI,DAL,124,3.1833672286534287,2.739141809504716,2.951358759039013,3.278102198017154,3.1109996422481268,2.6770596976943413,3.0276543618096348,3.0974177066777537,1,0,0,1,0.9169999999999999,0.9018750000000001,2.0,4.0,6.0,52.83018867924528,51.690821256038646,-112,-107,6,
2024-25,2024-10-26,UTA,LAK,125,3.165562910895841,3.2640916072644974,3.019318646054198,3.3668883402298952,3.133995037220844,3.1612903225806455,3.3627423513746164,3.4089651225821087,1,1,0,0,0.8903076923076922,0.88965,2.0,4.0,6.0,50.73891625615764,53.70370370370371,-103,-116,5,0
2024-25,2024-10-26,SJS,VGK,134,3.6286188666753323,3.173860670172829,2.7096132215034263,3.4893566418328548,3.782603628516661,3.0540248156601106,2.890485238023992,3.452932840033515,0,1,1,0,0.9021307692307692,0.8882,4.0,10.0,6.0,52.38095238095239,52.38095238095239,-110,-110,10,1
2024-25,2024-10-27,EDM,DET,136,3.112495361677767,3.183558785087508,2.9001488252863292,3.224618232128417,3.23021603725434,3.2942478324501963,3.1289363290121948,3.187958863906586,0,1,1,0,0.9132857142857144,0.8956692307692309,2.0,0.0,6.5,55.55555555555556,48.07692307692308,-125,108,5,0
2024-25,2024-10-27,MTL,PHI,138,3.165121240960467,3.7073472385262103,3.112700407381845,3.4418463262493253,3.139270767662227,3.3814042058269673,3.263003348603774,3.4715104238116705,0,0,1,1,0.905,0.9028461538461539,4.0,7.0,6.5,53.48837209302325,50.98039215686274,-115,-104,7,1
2024-25,2024-10-28,FLA,BUF,139,3.3266642330442986,3.3007595232454014,3.2664258193793954,3.2357063963366213,3.2456708850991616,3.1054590366695907,3.296407502978355,3.1410227665699035,1,1,0,0,0.90615,0.9031470588235294,2.0,5.0,6.0,53.91705069124424,50.24875621890548,-117,-101,7,1
2024-25,2024-10-28,CHI,COL,141,3.4634834578239544,3.4458710661452954,2.9273925632838127,3.330728382923611,3.346691099633028,3.6440994941927203,2.9447307686317394,3.2238468886621843,0,1,1,0,0.8679666666666667,0.9015823529411766,8.0,3.0,6.5,51.45631067961165,53.051643192488264,-106,-113,7,1
2024-25,2024-10-28,NSH,TBL,142,3.4589455852536792,3.160659163486868,3.0395291745220043,3.296614942860339,3.2256344813477194,2.9432778802893043,3.002084739502682,3.1234986611984343,1,1,0,0,0.8983588235294119,0.906875,2.0,0.0,6.5,48.07692307692308,55.55555555555556,108,-125,5,0
2024-25,2024-10-28,SJS,UTA,143,2.98894115275911,3.3602678905917185,2.754054904674029,3.6770173828969277,2.9154279008129995,3.1937825659004746,2.9070102711042054,3.6847240940574135,1,1,0,0,0.8884529411764706,0.8981999999999999,4.0,12.0,6.0,53.051643192488264,51.45631067961165,-113,-106,9,1
2024-25,2024-10-28,CGY,VGK,145,3.8118665236103038,3.188237478828936,3.335868790127286,3.1675206692611666,3.9877537366422864,3.068194471061346,3.3154736387247015,3.111912998790249,1,1,0,0,0.8941666666666668,0.8880142857142858,4.0,0.0,6.5,52.83018867924528,51.45631067961165,-112,-106,5,0
2024-25,2024-10-28,TOR,WPG,146,3.6981605765145438,2.821055396720353,3.0952539184955663,3.2437853137750667,3.564810442464412,2.9470352959114563,3.0048461029347653,3.2610550288653957,1,1,0,0,0.92805,0.92615,4.0,10.0,5.5,54.12844036697248,50.24875621890548,-118,-101,10,1
2024-25,2024-10-29,PHI,BOS,147,3.1174471542338913,3.357533915669136,3.170833951357931,3.7214523472808465,3.279280973549668,3.293960824424749,3.2362181575529587,3.6950338102443556,2,1,0,0,0.8829999999999999,0.8836875,0.0,4.0,6.5,53.91705069124424,50.0,-117,-100,2,0
2024-25,2024-10-29,SEA,MTL,148,3.1643540789553817,3.416328319334579,3.1609711281454254,3.193824487137178,3.066779418826022,3.296987116550124,3.3912177007647957,3.1783033671520022,1,2,0,0,0.906925,0.9138,5.0,2.0,6.0,52.83018867924528,51.45631067961165,-112,-106,10,1
2024-25,2024-10-29,ANA,NYI,149,3.0183931028321127,3.1637996831525745,2.8734943226023657,3.1838941285709628,3.0961003886543903,3.386008572403037,2.864876186072292,3.184554365392351,2,1,0,0,0.9168285714285715,0.9144375,5.0,2.0,6.0,48.309178743961354,55.55555555555556,107,-125,4,0
2024-25,2024-10-29,STL,OTT,150,3.4360520809232593,3.4406862176728836,3.0964803495654354,3.102364114276241,3.448941039832391,3.3893512547716758,3.354426357483811,3.208678522478869,1,2,0,0,0.9068142857142857,0.9185384615384614,3.0,6.0,6.0,54.54545454545454,50.0,-120,-100,9,1
2024-25,2024-10-29,MIN,PIT,151,3.1197196179869136,3.669484974545819,3.4086270024062095,3.039085951374988,3.062513257285011,3.5841868113894058,3.4067562398017404,2.9898880607551916,2,2,0,0,0.9070333333333334,0.89575,6.0,3.0,6.0,53.051643192488264,51.21951219512195,-113,-105,8,1
2024-25,2024-10-29,LAK,SJS,152,2.889583692401781,3.692555788448333,3.1867945865128298,3.2263547232339285,2.921209409097826,3.339514314728774,3.2159156262311708,3.3590940770695417,0,2,1,0,0.8827333333333333,0.9053666666666668,12.0,2.0,6.0,54.54545454545454,50.0,-120,100,6,
2024-25,2024-10-30,NYI,CBJ,154,3.5867965675625695,3.182849006633509,2.926460496636266,3.1627727701827433,3.5814171113987348,3.1089891333059767,3.0837392700182216,3.0101026435888274,1,0,0,1,0.8979230769230768,0.8999428571428572,6.0,5.0,6.0,50.98039215686274,53.48837209302325,-104,-115,2,0
2024-25,2024-10-30,TBL,COL,155,3.3876992587590697,3.5199887254971802,3.431037246964752,3.1051037456850845,3.268803763495001,3.712816205926552,3.548552033963638,3.43687449013682,1,1,0,0,0.9117875000000001,0.9023333333333334,10.0,2.0,6.5,54.54545454545454,49.01960784313725,-120,104,7,1
2024-25,2024-10-30,WPG,DET,156,3.0665447550906926,3.183190463361889,3.7033460216408876,2.997855611713778,3.168095016371167,3.2805011810901092,3.540660023376838,2.9532139518356164,2,1,0,0,0.916,0.9228117647058824,3.0,4.0,6.0,52.38095238095239,51.690821256038646,-110,-107,8,1
2024-25,2024-10-30,VGK,LAK,157,3.12685198616229,3.262429631989376,3.8577255882114128,3.03411760728243,3.1929300072853035,3.0859203267201365,3.150816533756027,3.3739177223601007,0,1,1,0,0.8922285714285714,0.9017999999999999,2.0,4.0,6.0,55.55555555555556,48.07692307692308,-125,108,9,1
2024-25,2024-10-30,CGY,UTA,158,3.058946584325639,3.4514402824739134,3.169806834634483,3.2707041739955707,3.0031103366528833,3.324885930484846,3.111039982273312,3.2457421979114116,1,1,0,0,0.8897,0.9016714285714286,4.0,0.0,6.0,54.95495495495496,49.01960784313725,-122,104,6,
2024-25,2024-10-30,NJD,VAN,159,3.3073741522954547,3.1868923609110626,3.4652999150528117,3.31836089205296,3.306421795289031,3.4177180601487214,3.279004314771193,3.143498767577974,1,2,0,0,0.8719833333333334,0.9004222222222222,5.0,2.0,6.5,55.55555555555556,47.61904761904761,-125,110,6,0
2024-25,2024-10-31,BOS,CAR,160,3.315863359587337,2.9203328818170515,2.9676399778916718,3.288433352705272,3.1349187382994197,3.2239117442787415,3.0606288811015894,3.346268235020483,2,1,0,0,0.9060571428571429,0.9096764705882352,3.0,0.0,6.0,52.38095238095239,51.92307692307693,-110,-108,10,1
2024-25,2024-10-31,EDM,NSH,161,3.007271743393614,3.2952566484092602,2.847742222133116,3.3240940168238304,3.1913695654050818,3.4045099279289506,3.0077590834692796,3.332737635576261,2,2,0,0,0.9059117647058823,0.8991428571428572,2.0,2.0,6.0,54.54545454545454,49.504950495049506,-120,102,6,
2024-25,2024-10-31,STL,PHI,162,3.121536466780877,3.5310751979519868,3.009965886619722,3.3620336201214718,3.1503221054183284,3.4464843012314557,3.215184695774738,3.516971845640533,1,1,0,0,0.8905647058823529,0.9052882352941176,4.0,7.0,6.0,49.01960784313725,54.95495495495496,104,-122,3,0
2024-25,2024-10-31,ANA,PIT,163,3.1192504387791593,3.7243511958590347,2.8924821080096206,3.075998431547738,3.070071387352471,3.662572239958403,2.873435137399872,3.076669515490699,1,1,0,0,0.8953153846153847,0.9184235294117647,4.0,2.0,6.5,53.051643192488264,51.21951219512195,-113,-105,3,0
2024-25,2024-10-31,CHI,SJS,164,2.945242561730422,3.5927176566117756,3.0406125477427817,3.2645952019703595,3.0014771387626684,3.2322780233908515,3.0793571972903346,3.15194056813873,1,2,0,0,0.8948624999999999,0.9026000000000001,12.0,3.0,6.0,54.54545454545454,49.504950495049506,-120,102,5,0
2024-25,2024-10-31,SEA,TOR,165,3.2411810049646332,3.2793334573992756,3.4027286653142017,3.135959373858184,3.2601112939932846,3.183215574425802,3.673934715062411,3.1105231751602456,2,1,0,0,0.9012,0.9148874999999999,8.0,2.0,6.0,54.54545454545454,50.0,-120,-100,5,0
2024-25,2024-10-31,MTL,WSH,166,3.4627599245658196,3.1350254258877603,3.1061039733849203,3.6359532998645747,3.5173380385610016,3.1507925758331,3.3047041857529726,3.4389967086782987,1,1,0,0,0.906557142857143,0.8966333333333334,9.0,2.0,6.5,51.21951219512195,53.48837209302325,-105,-115,9,1
2024-25,2024-11-01,NYI,BUF,167,3.262297296623629,3.3869275921777766,2.780350661381888,3.0976577434058616,3.1928789493965444,3.2081457242683897,2.875667890618803,2.960294726947758,3,1,0,0,0.8934461538461538,0.9164666666666667,2.0,6.0,5.5,54.54545454545454,50.0,-120,-100,7,1
2024-25,2024-11-01,WPG,CBJ,168,3.4869882453258336,3.0125421929583007,3.8033088219674185,2.9536089025870553,3.482101331769154,2.9114284104176713,3.662335134718902,2.918742664628222,1,1,0,0,0.9050714285714285,0.8809166666666667,6.0,4.0,6.5,53.051643192488264,51.21951219512195,-113,-105,8,1
2024-25,2024-11-01,NJD,CGY,169,3.0583029350008295,3.3495725388821387,3.5703398144170495,3.1609728830504316,3.3246651098710647,3.2457023606726874,3.4286802130327447,2.9595646421395747,1,1,0,0,0.8861333333333333,0.9041473684210528,0.0,2.0,6.5,56.52173913043478,47.61904761904761,-130,110,3,0
2024-25,2024-11-01,FLA,DAL,170,3.2426272351610574,2.731082543505911,3.3501261048872713,3.177618219275702,3.241154552430415,2.619784035857007,3.379919911106629,3.092450710437473,5,3,0,0,0.91725,0.9046666666666666,2.0,3.0,6.0,53.271028037383175,50.98039215686274,-114,-104,10,1
2024-25,2024-11-01,TBL,MIN,171,3.48418141629308,3.041426093181426,3.5059982970389596,3.056393844845401,3.2841097014846774,3.2772290734400173,3.626966584013298,3.3486441626287,2,1,0,0,0.9080124999999999,0.9051052631578949,2.0,2.0,6.0,54.54545454545454,49.504950495049506,-120,102,8,1
2024-25,2024-11-01,OTT,NYR,172,3.5297252860381523,2.9126302957734347,3.6706892100131805,3.316617236499999,3.179884290576625,3.1013670098697057,3.249885737999342,3.3868324874514624,2,2,0,0,0.9170411764705882,0.9115,2.0,3.0,6.5,49.26108374384236,54.54545454545454,103,-120,3,0
2024-25,2024-11-02,BUF,DET,173,3.0164224248150275,3.322237955613485,3.2492923379628764,3.412715566634328,3.1150815978355784,3.4192851947955143,3.2979166351447318,3.482915225798524,2,0,0,1,0.9132,0.9020882352941176,2.0,2.0,6.5,50.24875621890548,53.91705069124424,-101,-117,3,0
2024-25,2024-11-02,DAL,FLA,174,3.467796117834732,3.2143570336900065,3.2766427707407346,2.9031943324695066,3.226729338952957,3.341082880013171,3.2224738380573834,3.182253002811264,0,0,1,1,0.9030000000000001,0.9051307692307693,3.0,3.0,6.5,50.73891625615764,53.48837209302325,-103,-115,6,0
2024-25,2024-11-02,CHI,LAK,175,3.25665213926254,3.238128082750344,2.988782209258516,3.2442013866412562,3.4012707444890666,3.0368093802694376,2.9993305239425623,3.155253313018004,2,1,0,0,0.8918333333333334,0.9023052631578947,2.0,3.0,6.0,54.95495495495496,48.78048780487805,-122,105,7,1
2024-25,2024-11-02,COL,NSH,176,2.8946364807748988,3.358708872846644,3.310628380839694,3.577185694720129,3.061443295136002,3.4546602468756213,3.397203973991254,3.160324031387861,1,2,0,0,0.9015333333333333,0.9189875000000001,2.0,10.0,6.5,52.15311004784689,52.38095238095239,-109,-110,7,1
2024-25,2024-11-02,SEA,OTT,177,3.516133706547062,3.238615373528333,3.280341333654176,3.1773876510993038,3.754883313001863,3.190781291698736,3.4742949359585573,3.185536101883838,0,1,1,0,0.8916999999999999,0.8939142857142858,3.0,2.0,6.5,47.61904761904761,56.14035087719298,110,-128,3,0
2024-25,2024-11-02,BOS,PHI,178,3.048030082599506,3.379224063241648,2.9106657586874016,3.4958325061076123,3.0882962015840825,3.230459163503682,2.942894790672475,3.6390303579210537,1,1,0,0,0.893511111111111,0.8842857142857142,4.0,0.0,6.0,50.73891625615764,53.70370370370371,-103,-116,3,0
2024-25,2024-11-02,MTL,PIT,179,3.0483706756156677,3.56325255261469,3.09297823422676,3.7276586299825607,3.007602065329445,3.435379670947168,3.253076604263929,3.594444093293624,1,1,0,0,0.8983714285714287,0.8980647058823529,4.0,2.0,6.5,55.947136563876654,48.07692307692308,-127,108,4,0
2024-25,2024-11-02,VAN,SJS,180,2.9355102205593204,3.489716969827433,3.1064446715724787,3.3026216223417366,3.0100568412355377,3.1062253650434406,3.20779362222969,2.9942775864024225,1,2,0,0,0.8968235294117646,0.912625,12.0,5.0,6.5,51.92307692307693,52.83018867924528,-108,-112,5,0
2024-25,2024-11-02,TOR,STL,181,2.88500632806819,3.2590266996341435,3.257501621478102,3.148766087209461,2.944311826809758,3.0086027903197543,3.1487845202826596,3.295160066881464,1,1,0,0,0.9051444444444444,0.9059166666666667,7.0,8.0,6.0,54.12844036697248,50.0,-118,-100,6,
2024-25,2024-11-02,UTA,VGK,182,3.773208026941555,3.1546460166005508,3.1252122783190672,3.2965602618012997,4.0228365653016125,2.8448477943776864,3.2062035765721335,3.438580274926585,2,2,0,0,0.8975125,0.8943947368421054,4.0,4.0,6.5,50.495049504950494,53.70370370370371,-102,-116,7,1
2024-25,2024-11-02,CBJ,WSH,183,3.5680087293751956,3.1125686011365614,3.383621706203605,3.143477360099488,3.6514928478825204,3.1035419311617205,3.2599719889021896,3.322199965592713,1,0,0,1,0.8991285714285714,0.9008333333333333,9.0,6.0,6.5,50.98039215686274,53.48837209302325,-104,-115,9,1
2024-25,2024-11-03,CHI,ANA,184,2.7833242388189476,3.0023474921103324,3.031166691808208,3.221531793563045,3.201507824119763,3.1145274493587713,3.0275793345205666,3.155836153088765,2,0,0,1,0.9206555555555556,0.8851166666666668,2.0,3.0,6.5,53.48837209302325,51.21951219512195,-115,-105,6,0
2024-25,2024-11-03,SEA,BOS,185,2.9149175758518924,3.3179542789524827,3.112752182559878,3.157226123074688,3.091750830965387,3.1564633289479063,3.2370758332009726,3.1731121159294653,0,0,1,1,0.9018777777777777,0.9139117647058823,0.0,2.0,6.0,50.24875621890548,54.12844036697248,-101,-118,2,0
2024-25,2024-11-03,WSH,CAR,186,3.519050711533427,2.8475914620640763,3.7245112686478903,3.056250403491293,3.474239743753876,3.0432761307274907,3.1598550641082888,3.190540374399593,2,0,0,1,0.9041333333333335,0.9014666666666665,3.0,9.0,6.0,53.48837209302325,51.21951219512195,-115,-105,6,
2024-25,2024-11-03,EDM,CGY,187,3.031324964323645,3.1569648670687815,2.9223257936677887,3.171322715248234,3.305705296738939,2.9868583013151473,3.0478838668510115,3.1786452163265606,1,2,0,0,0.8916625,0.8913823529411765,0.0,2.0,6.5,53.48837209302325,51.21951219512195,-115,-105,6,0
2024-25,2024-11-03,TOR,MIN,188,3.522216549927498,3.014229053400363,3.1931510060673873,3.1855863285692467,3.3929988195207526,3.1793561646483184,3.064079965629369,3.3425445909146814,1,0,0,1,0.9074470588235294,0.9214470588235294,2.0,8.0,6.0,54.54545454545454,50.0,-120,-100,3,0
2024-25,2024-11-03,NYI,NYR,189,3.407866823104207,2.7883701217345687,2.81958033203006,3.0653718302571913,3.0943515903560814,2.9019120490539905,2.8894182041516103,2.958606854550933,1,1,0,0,0.9210222222222223,0.9160375000000001,0.0,11.0,6.0,49.504950495049506,54.54545454545454,102,-120,7,1
2024-25,2024-11-03,TBL,WPG,190,3.862936729984777,2.8840676290062452,3.441018811505752,3.120746734994432,3.58195186790664,3.0637806648626618,3.5001137210447095,3.4380480883585753,1,1,0,0,0.9220666666666667,0.8879999999999999,4.0,2.0,6.5,49.75124378109453,54.337899543378995,101,-119,11,1
2024-25,2024-11-04,NJD,EDM,191,2.9815869143205,3.1193190805983617,3.3794274548304206,3.131100265146638,2.951695518068346,3.197552523991864,3.1597323334981744,2.9829599114157572,0,2,1,0,0.9049333333333335,0.8933428571428571,2.0,4.0,6.5,56.52173913043478,46.948356807511736,-130,113,3,0
2024-25,2024-11-04,LAK,NSH,192,2.9813897979960284,3.267037542042533,3.2224147847652804,3.2518966671226015,3.169847596969169,3.3193204186469654,3.0641222671013755,3.3985421371779774,1,1,0,0,0.9034526315789473,0.890325,2.0,2.0,6.0,50.98039215686274,53.271028037383175,-104,-114,3,0
2024-25,2024-11-05,VAN,ANA,193,2.7406393857904185,3.039487387775922,3.0894324425610664,3.2211115795002385,3.1059696256877007,3.1507639675970966,3.163084954341739,2.9381664453591054,1,2,0,0,0.918363157894737,0.9127294117647059,2.0,7.0,6.0,54.12844036697248,50.24875621890548,-118,-101,6,
2024-25,2024-11-05,OTT,BUF,194,3.1107496998147273,3.3090850468108526,3.454381046896969,3.0533481401655798,3.160591904454852,3.1977014827014703,3.0417192459053766,3.2701436868546807,2,2,0,0,0.9024222222222222,0.91025,0.0,3.0,6.0,53.48837209302325,50.73891625615764,-115,-103,6,
2024-25,2024-11-05,PHI,CAR,195,3.5242032537512102,2.8049741602401177,2.886389692525065,3.3337678974352687,3.4871591161246185,2.9674986515707364,3.0804201303134136,3.454549093490084,1,2,0,0,0.9040875,0.8991000000000001,3.0,5.0,6.0,55.55555555555556,48.309178743961354,-125,107,10,1
2024-25,2024-11-05,SEA,COL,196,3.2242915206090177,3.6116846308562165,2.9630400581313063,3.0953057576266207,3.1984347116504526,3.6996181825716006,3.0365791601301617,3.104726636737851,2,1,0,0,0.9161764705882353,0.8947333333333333,8.0,2.0,6.5,49.75124378109453,54.337899543378995,101,-119,9,1
2024-25,2024-11-05,LAK,MIN,197,3.4413257105982575,2.9229304423123583,3.2143843645702685,3.105436826170852,3.3102620965137586,3.030723971280285,3.0637117581066002,3.225882494532316,1,0,0,1,0.9105666666666666,0.9020125,2.0,4.0,6.0,51.21951219512195,53.48837209302325,-105,-115,6,
2024-25,2024-11-05,CGY,MTL,198,2.988391877452406,3.6707432672679623,2.986942283365471,3.196886234952207,3.025314771745955,3.4878614787282856,2.8986600821595587,3.352671953030328,2,1,0,0,0.8987555555555556,0.8976000000000001,2.0,0.0,6.5,51.21951219512195,53.051643192488264,-105,-113,5,0
2024-25,2024-11-05,PIT,NYI,199,2.7938357721520743,3.1619574768623786,3.0386480617210845,3.426535085418427,2.9888405224857677,3.2619403015277078,3.151514363515544,3.5033358593785473,1,2,0,0,0.9143588235294118,0.9021333333333333,11.0,4.0,6.0,53.70370370370371,50.73891625615764,-116,-103,7,1
2024-25,2024-11-05,CBJ,SJS,200,2.8926158818569507,3.4534347982276175,3.3069495659565815,3.3246914478842604,2.963430624487738,3.079961184540917,3.158399913861146,3.556711738200902,2,2,0,0,0.885675,0.9004333333333333,8.0,6.0,6.5,51.690821256038646,52.83018867924528,-107,-112,3,0
2024-25,2024-11-05,TBL,STL,201,2.9352971262200893,3.189055440785031,3.45914818090994,3.301943026777918,3.022531145724986,2.922719305390555,3.518574209300042,3.623249302853293,2,1,0,0,0.9082,0.90305,9.0,3.0,6.0,52.38095238095239,52.15311004784689,-110,-109,5,0
2024-25,2024-11-05,BOS,TOR,202,3.086168781182478,3.124588665854391,2.865616897189095,3.1494975443409974,3.3033077357121536,2.9813621512835553,2.9111799710498647,3.4033193332957223,1,1,0,0,0.9226,0.9058684210526317,10.0,0.0,5.5,52.38095238095239,51.92307692307693,-110,-108,4,0
2024-25,2024-11-05,UTA,WPG,203,3.9855642637479254,2.9371208221744216,3.10696941216107,3.312659209677646,3.7642707088224734,3.107255329286141,3.154006480433819,3.468326321053291,1,2,0,0,0.9189631578947368,0.8952846153846153,4.0,4.0,6.0,53.48837209302325,50.495049504950494,-115,-102,3,0
2024-25,2024-11-06,DET,CHI,204,3.0563807750723138,3.1424951540956094,2.9313020328721238,3.1664528561191,3.1141420481247644,3.252253112002724,2.951496829938261,3.12275069025721,2,3,0,0,0.9039000000000001,0.9168875000000001,3.0,0.0,6.5,50.73891625615764,53.48837209302325,-103,-115,5,0
2024-25,2024-11-06,VGK,EDM,205,2.831989348430145,3.096431546991041,3.7485763291722214,3.1278562233223526,2.773166708460894,3.1625469344891126,3.0157015120581137,3.5365022237804644,1,3,0,0,0.8945,0.8947705882352942,0.0,6.0,6.5,53.48837209302325,50.495049504950494,-115,-102,6,0
2024-25,2024-11-06,NSH,WSH,206,3.608617268892954,3.0858788954468914,2.8321060771312707,3.2372157763989224,3.8127781672134766,3.0033946000327836,2.8275031310256344,3.11295849714217,2,1,0,0,0.9034,0.9042999999999999,7.0,2.0,6.0,54.12844036697248,50.0,-118,-100,5,0
2024-25,2024-11-07,CGY,BOS,207,2.73468081560966,3.176544726601886,2.973446927499692,3.1232223332653066,3.015335652315008,2.9390036070621495,2.880957845237807,3.2539366793112077,1,1,0,0,0.8909999999999999,0.8986375,2.0,3.0,6.0,52.38095238095239,52.38095238095239,-110,-110,7,1
2024-25,2024-11-07,PIT,CAR,208,3.6234947710566376,2.8614779884164574,3.0246030658257834,3.430314639490916,3.626990248537578,3.0118039808199177,3.114650871065011,3.512395772241119,1,1,0,0,0.8973764705882354,0.9011250000000001,3.0,6.0,6.5,53.70370370370371,50.495049504950494,-116,-102,6,0
2024-25,2024-11-07,CHI,DAL,209,3.174137335775559,2.924382404950569,2.9643754951057564,3.177647836196326,3.2767274667345996,2.7383441255735366,3.0370545099194977,3.0834594117131484,4,0,0,1,0.9098764705882353,0.8908692307692309,3.0,2.0,6.0,54.95495495495496,49.01960784313725,-122,104,4,0
2024-25,2024-11-07,NSH,FLA,210,3.445263359206106,3.1186780779559133,2.7980589386252865,3.220230442830952,3.2644308330226366,3.1570563587991,2.764553454956068,3.1171916461833886,4,0,0,1,0.9038105263157895,0.8917833333333333,1.0,3.0,6.0,52.38095238095239,52.38095238095239,-110,-110,8,1
2024-25,2024-11-07,VAN,LAK,211,3.273561054601352,2.9946680553747003,3.170597967603402,3.100443048522275,3.36720902480685,3.0011264420787054,3.2273790084614724,2.8450790964867623,1,1,0,0,0.8941470588235294,0.9146444444444444,4.0,7.0,5.5,53.91705069124424,50.24875621890548,-117,-101,6,1
2024-25,2024-11-07,MTL,NJD,212,3.337471555302558,2.9757130008035513,2.928625251988183,3.60860764472986,3.47541333408123,3.2628300150831513,3.03597466625327,3.547573509844575,2,1,0,0,0.9059000000000001,0.8999105263157896,4.0,2.0,6.5,52.38095238095239,52.38095238095239,-110,-110,8,1
2024-25,2024-11-07,BUF,NYR,213,3.4652580239762734,2.7475680709980943,3.1883374277942056,3.1909546821408097,3.2162399768404066,2.8176802143562307,3.047937538029842,3.3823780160531594,3,1,0,0,0.9224157894736842,0.9073105263157896,0.0,0.0,6.5,53.48837209302325,51.21951219512195,-115,-105,7,1
2024-25,2024-11-07,NYI,OTT,214,3.323527029194449,3.1380458477157998,2.8434818573188165,3.1403489468742123,3.6813504547054086,2.928215535684288,2.818880032785116,3.079967422176788,1,1,0,0,0.8975124999999999,0.9037333333333334,2.0,11.0,6.0,52.38095238095239,50.73891625615764,-110,-103,6,
2024-25,2024-11-07,MIN,SJS,215,2.844405478608766,3.3225258630726193,3.302885767300468,3.0084881964034844,2.910466086513327,2.935783430103714,3.381122799419454,2.994838342541981,1,1,0,0,0.8949470588235293,0.8958230769230769,7.0,2.0,6.0,51.45631067961165,53.051643192488264,-106,-113,7,1
2024-25,2024-11-07,UTA,STL,216,2.9336102659150756,3.124129254753376,2.9616832304747676,3.289320171708855,3.0197478144029524,2.8570006823524605,2.9742838451753633,3.42606565116659,1,1,0,0,0.9112714285714285,0.8940000000000001,9.0,4.0,6.0,48.309178743961354,55.55555555555556,107,-125,6,
2024-25,2024-11-07,PHI,TBL,217,3.374887021767619,3.274154154320286,2.9356496073944367,3.442581563589613,3.2052815493475375,2.795208613372623,3.1179879492232025,3.5821157971224857,1,1,0,0,0.9015809523809524,0.8134230769230769,3.0,5.0,6.5,50.98039215686274,53.70370370370371,-104,-116,3,0
2024-25,2024-11-07,COL,WPG,218,3.9104868009644953,2.7991615718618266,3.3317324153482946,3.55561148573541,3.686308574053014,2.930914770974152,3.227708939559354,3.2463830913560243,1,1,0,0,0.9220500000000001,0.8688875,4.0,8.0,6.5,53.48837209302325,51.21951219512195,-115,-105,1,0
2024-25,2024-11-08,MIN,ANA,219,2.6496165337182687,3.113649392265667,3.366132523855139,2.956004995328581,2.959773039651058,3.2308021127825426,3.4546686320908506,2.9285741567472803,2,0,0,1,0.91555,0.9076473684210526,2.0,2.0,5.5,54.12844036697248,50.0,-118,-100,7,1
2024-25,2024-11-08,VGK,SEA,220,2.947086764455028,3.2033545272250485,3.735802159046432,3.0676771679456545,3.012620049749913,3.1233073516602703,3.0763294063700086,3.409178015828831,2,1,0,0,0.9153777777777776,0.8972333333333334,3.0,8.0,6.0,49.01960784313725,55.15695067264574,104,-123,7,1
2024-25,2024-11-08,DET,TOR,221,3.111076166863074,2.9694733780131166,2.976176145256118,3.0543857897075504,3.3142640300091557,2.8020850905552686,3.0208885854532044,2.9686545552476904,2,1,0,0,0.9266315789473685,0.9196588235294118,8.0,1.0,6.0,50.0,54.54545454545454,-100,-120,4,0
2024-25,2024-11-08,PIT,WSH,222,3.557330951592071,3.025538542946755,2.9300819681515913,3.482049298328648,3.736700439682816,2.942592778914635,2.999413009196038,3.5635121970833046,1,0,0,1,0.9056,0.9063875,10.0,6.0,6.5,54.54545454545454,50.0,-120,-100,6,0
2024-25,2024-11-09,OTT,BOS,223,2.7900656082362083,3.1590576299217425,3.2472004705390405,3.1656277166351656,3.0547996349438256,2.942413922308341,2.8930687357977867,3.348490592891053,1,1,0,0,0.90485,0.9056588235294116,2.0,2.0,5.5,54.337899543378995,49.75124378109453,-119,101,5,0
2024-25,2024-11-09,CGY,BUF,224,3.2998019276994315,3.0804958822803146,2.9679207513399937,3.1518031483955924,3.238347379728779,3.047730098318267,2.889189548510577,3.271141510969982,1,1,0,0,0.9096500000000001,0.8921235294117648,0.0,3.0,6.0,55.35714285714286,48.54368932038835,-124,106,5,0
2024-25,2024-11-09,CAR,COL,225,3.168811658185884,3.4217303964730545,3.661767127386562,2.767897389178476,3.311405286639228,3.6155871210655928,3.266359647214028,2.87030964402826,1,1,0,0,0.876570588235294,0.9016625,8.0,3.0,6.5,54.337899543378995,50.0,-119,100,10,1
2024-25,2024-11-09,NYR,DET,226,2.8887283911428394,3.0523653890532674,3.332334774852883,2.8996576006591135,3.0215213969249133,3.189449448219938,3.6023071407546134,2.8916075596256006,0,1,1,0,0.8759363636363635,0.9186692307692308,1.0,0.0,6.5,57.6271186440678,46.08294930875576,-136,117,4,0
2024-25,2024-11-09,PHI,FLA,227,3.5430960126664055,3.061447676614537,2.8863592968110843,3.3142775949191723,3.387557968643142,3.099311457816046,3.0496883078774153,3.4115655641529123,1,1,0,0,0.9030999999999999,0.895657894736842,0.0,4.0,6.0,54.54545454545454,49.504950495049506,-120,102,7,1
2024-25,2024-11-09,CBJ,LAK,228,3.206106762729115,3.0325366993333063,3.1672246237982318,3.230362569491533,3.238734163246658,3.079085827201788,2.992928742472686,3.4117430362073753,1,3,0,0,0.9057823529411765,0.9019124999999999,4.0,6.0,6.0,55.55555555555556,48.309178743961354,-125,107,7,1
2024-25,2024-11-09,UTA,NSH,229,2.764457107402223,3.335155332399484,3.000637063851031,3.2171719523172926,2.977079393383638,3.2716037409519125,3.0231328557180706,3.325275239931346,1,1,0,0,0.9050476190476191,0.8930190476190476,2.0,4.0,6.0,53.48837209302325,50.0,-115,-100,4,0
2024-25,2024-11-09,NJD,NYI,230,2.88830065895349,3.076169785868214,3.3931742885423524,2.9702331547035365,3.0265914477375753,3.1969752841617365,3.1143479716126845,2.790271308572886,1,1,0,0,0.9143111111111111,0.9046333333333335,11.0,4.0,6.0,53.91705069124424,51.21951219512195,-117,-105,7,1
2024-25,2024-11-09,WSH,STL,231,2.883989759672817,3.1501784960414487,3.4744549249918824,3.0708425636632066,2.9512756054640374,2.9115420140043575,3.0346827166474593,3.2075019663935755,1,0,0,1,0.9084,0.9064625,8.0,8.0,6.0,54.95495495495496,49.01960784313725,-122,104,9,1
2024-25,2024-11-09,MTL,TOR,232,3.105721300343181,2.886897122565827,2.9301105557781653,3.6522924302032425,3.2882426383149412,2.7175137950564268,3.051688876902426,3.5864095178064237,0,1,1,0,0.9032846153846154,0.8973000000000001,8.0,2.0,6.0,55.15695067264574,49.01960784313725,-123,104,5,0
2024-25,2024-11-09,EDM,VAN,233,3.1994814656905604,3.0410295257468616,2.7915784707961286,3.1266354332829804,3.0591193230252944,3.4516464764686536,3.0721081612529915,3.0730520248954285,1,2,0,0,0.9154000000000001,0.895778947368421,9.0,0.0,6.0,53.91705069124424,50.495049504950494,-117,-102,10,1
2024-25,2024-11-09,DAL,WPG,234,3.759909840752084,2.680229886934431,3.1597734124233083,2.8346463599517606,3.518175207836982,2.7841125582501314,3.072107323314873,3.1945259973887743,1,1,0,0,0.926657142857143,0.9124777777777777,2.0,2.0,6.0,53.48837209302325,50.495049504950494,-115,-102,5,0
2024-25,2024-11-10,CBJ,ANA,235,2.633940342252425,3.2018140746409824,3.1170130982877557,3.3120890978092823,2.908490768811942,3.335988381900927,2.942795509190422,3.501180884450466,1,0,0,1,0.8907071428571428,0.8900375,4.0,6.0,6.5,50.495049504950494,53.70370370370371,-102,-116,6,0
2024-25,2024-11-10,MIN,CHI,236,2.876617687587593,3.1623217732358717,3.434563514867148,2.9194345454050104,2.9610571963126957,3.292534851801055,3.527626975205212,2.887568962579413,2,1,0,0,0.9027190476190476,0.9097,2.0,2.0,6.0,54.54545454545454,50.0,-120,-100,3,0
2024-25,2024-11-10,SJS,NJD,237,3.4137486447234737,2.9763429318058425,2.8030822291164115,3.3792770011692923,3.51998594378378,3.2493658336575844,2.931661877103347,3.66542224049803,0,2,1,0,0.9016000000000001,0.8966222222222222,4.0,7.0,6.5,51.21951219512195,53.48837209302325,-105,-115,1,0
2024-25,2024-11-11,MTL,BUF,238,3.2776955126827287,3.0297032727203055,2.842964893126278,3.6469106340794166,3.2205546677247034,2.9868590219122226,2.9241944799469137,3.5913490600685662,1,1,0,0,0.9102,0.89155,0.0,2.0,6.5,52.38095238095239,51.92307692307693,-110,-108,12,1
2024-25,2024-11-11,LAK,CGY,239,2.930935455746896,3.145871394045115,3.2806055980212627,2.991120203928626,3.1905500258115893,3.016605666558064,3.13794544331238,3.0747115160862952,1,1,0,0,0.8982941176470589,0.8927555555555556,3.0,4.0,6.0,49.26108374384236,54.54545454545454,103,-120,4,0
2024-25,2024-11-11,NSH,COL,240,3.2907036288529024,3.4400352796405835,2.82347837553615,3.1826678105021675,3.4461314003818524,3.619890303710332,2.7340530465117245,3.2618639628793304,1,1,0,0,0.8767111111111111,0.9090363636363636,8.0,2.0,6.5,53.48837209302325,50.73891625615764,-115,-103,5,0
2024-25,2024-11-11,SJS,PHI,241,2.89411264337543,3.336775671760588,2.7309626400475415,3.2270443930280304,2.8665931551658943,3.1425164577237257,2.8299239403687406,3.4525736546842425,1,0,0,1,0.89605,0.8934444444444445,6.0,7.0,6.0,54.337899543378995,50.0,-119,-100,7,1
2024-25,2024-11-11,DAL,PIT,242,2.9765329943649146,3.4075491055946214,3.05296073357656,2.886983732856709,2.9802634678010516,3.2144997049765855,2.9341541582119364,3.2392766316532735,2,1,0,0,0.9082941176470589,0.9075157894736844,6.0,2.0,6.5,52.15311004784689,52.38095238095239,-109,-110,8,1
2024-25,2024-11-11,CAR,VGK,243,3.685027746899751,3.106939043336883,3.6655034898027963,2.9251904040309675,3.9642665632890326,2.818011568166438,3.3082731432067836,3.0488403011603373,2,1,0,0,0.8959789473684211,0.9041333333333333,8.0,5.0,6.5,51.690821256038646,52.83018867924528,-107,-112,7,1
2024-25,2024-11-12,NYI,EDM,244,2.9810090052480622,3.1203049787009474,2.9002536130009235,3.1189098497710717,2.711614570132272,3.208577444625597,2.8982793201286103,2.9876852999497787,2,2,0,0,0.89395,0.9122578947368423,0.0,11.0,6.0,54.12844036697248,50.24875621890548,-118,-101,7,1
2024-25,2024-11-12,NJD,FLA,245,3.554529908745332,3.0617275970070805,3.269125173214438,2.9000486782797954,3.4117576705137886,3.1000404003144384,3.1759542891526324,2.799820738936231,2,1,0,0,0.9041333333333335,0.9030909090909092,1.0,4.0,6.0,52.38095238095239,51.92307692307693,-110,-108,5,0
2024-25,2024-11-12,WPG,NYR,246,3.3550513026257063,2.7708812724055045,3.750054822605698,2.6125024402501102,3.043185350407366,3.0215936975793185,3.700614821959271,2.818050446077602,2,2,0,0,0.9161999999999999,0.9289090909090909,0.0,4.0,6.5,51.45631067961165,53.051643192488264,-106,-113,9,1
2024-25,2024-11-12,CBJ,SEA,247,2.996609312182215,3.192408493864684,3.0665500912481702,3.3369842228496833,3.055837559426853,3.130444483838476,2.908402411137168,3.50249149750795,3,1,0,0,0.9137526315789474,0.8982058823529411,3.0,6.0,6.5,48.54368932038835,55.35714285714286,106,-124,7,1
2024-25,2024-11-12,BOS,STL,248,2.811821703060017,3.363617405933185,2.7667289273855444,3.154007407482132,2.841020082312875,3.2087913397989167,2.7500622572287314,3.391615821537914,2,2,0,0,0.8986619047619046,0.9053619047619047,6.0,2.0,5.5,51.21951219512195,53.48837209302325,-105,-115,5,0
2024-25,2024-11-12,OTT,TOR,249,3.143659006297137,2.811879660053872,3.2345166030531853,3.1141730548638957,3.3115308480805217,2.6484447083047677,2.9201483868059137,3.2561706959591037,2,2,0,0,0.92775,0.9042111111111111,10.0,0.0,6.0,50.0,54.54545454545454,100,-120,3,0
2024-25,2024-11-12,CGY,VAN,250,3.185952120446222,3.2204229988032833,2.9365435897220284,3.0525742072306103,3.0369603166630434,3.659976884422147,2.862433062701385,3.23690160313959,2,0,0,1,0.90685,0.8925222222222222,9.0,3.0,6.0,53.91705069124424,50.24875621890548,-117,-101,4,0
2024-25,2024-11-13,VGK,ANA,251,2.6986922916014273,3.139036207262627,3.595784214026626,3.1863558826658345,2.9531718664143027,3.258983704260797,3.0783974724544274,3.411691797918132,2,1,0,0,0.912395238095238,0.8923,6.0,8.0,6.5,53.70370370370371,51.21951219512195,-116,-105,5,0
2024-25,2024-11-13,LAK,COL,252,3.271510293984913,3.368650897141008,3.1770134156304173,2.989249543847185,3.397573131049628,3.537119980764937,3.040535402578303,3.054697858927318,1,1,0,0,0.8807157894736841,0.8945684210526316,8.0,4.0,6.0,54.95495495495496,49.26108374384236,-122,103,6,
2024-25,2024-11-13,DET,PIT,253,2.8949742602005615,3.547841256298293,2.7586724993340406,3.0885152081041647,2.8559855705966832,3.43284118371605,2.9096692290669024,2.9494135613070442,1,3,0,0,0.8929111111111112,0.918911111111111,6.0,1.0,6.5,52.38095238095239,52.38095238095239,-110,-110,5,0
2024-25,2024-11-13,CAR,UTA,254,2.865684099898941,3.2411173387933965,3.7056578875111286,2.882921960739249,3.0621055372538892,3.07406050109072,3.394316818050866,2.9793799877111122,3,1,0,0,0.8977142857142857,0.9065368421052633,4.0,4.0,6.0,53.48837209302325,50.73891625615764,-115,-103,5,0
2024-25,2024-11-13,TOR,WSH,255,3.6591692791694665,2.972714497391741,3.0033432314024755,2.817577823763369,3.6075544215581434,3.0037485451479684,2.9176918556777363,3.20772347401261,3,0,0,1,0.909164705882353,0.9063,8.0,8.0,6.0,50.73891625615764,53.70370370370371,-103,-116,7,1
2024-25,2024-11-14,STL,BUF,256,3.345760000286756,3.198835359992199,2.7747168163685254,3.332841422850949,3.293083779395875,3.198836426285352,2.9773425725733715,3.3619734112308532,2,1,0,0,0.8883,0.8987909090909091,5.0,6.0,6.0,52.38095238095239,52.38095238095239,-110,-110,7,1
2024-25,2024-11-14,BOS,DAL,257,3.225800100586852,2.805079670881084,2.7755700891212105,3.096437996637163,3.210730287454286,2.6580508588708827,2.7612596941679715,3.3001488248060387,2,1,0,0,0.9093,0.9053545454545454,2.0,5.0,6.0,51.92307692307693,52.38095238095239,-108,-110,9,1
2024-25,2024-11-14,NSH,EDM,258,3.0240301382729595,3.111791517842478,2.7939039249196216,3.1720210251210665,2.789360302862013,3.1867682129977046,2.7067755260975352,3.235442295068485,1,2,0,0,0.900325,0.8859615384615385,2.0,2.0,6.5,50.495049504950494,53.48837209302325,-102,-115,5,0
2024-25,2024-11-14,NJD,FLA,259,3.430801512363575,3.0975032826115263,3.2901158839569886,2.823571350211323,3.2733743199340455,3.1369477670474075,3.2045967887283693,2.7174167631253585,1,1,0,0,0.9042714285714285,0.9054125000000001,0.0,4.0,6.0,51.45631067961165,53.051643192488264,-106,-113,8,1
2024-25,2024-11-14,MTL,MIN,260,3.3153149711373624,2.8779541623248313,3.0282699753322193,3.694782084969997,3.1045023591425682,3.1274809386135716,3.1580657868451434,3.6470671928827176,3,2,0,0,0.9097666666666667,0.8956000000000001,3.0,2.0,6.0,53.91705069124424,50.495049504950494,-117,-102,3,0
2024-25,2024-11-14,SJS,NYR,261,3.3278270148195346,2.916650032990778,2.748083432144069,3.2539404650784127,3.043214539560096,3.1684207137322753,2.848972991229576,3.4621024460008702,1,2,0,0,0.9126428571428572,0.9041052631578946,0.0,7.0,6.5,53.48837209302325,50.73891625615764,-115,-103,5,0
2024-25,2024-11-14,PHI,OTT,262,3.212529264331271,2.9702012613641147,2.9421158904238203,3.313400478451376,3.5288520296969392,2.9868214886110023,3.0409312231269485,3.425066625684455,1,2,0,0,0.9101947368421053,0.8227857142857143,0.0,9.0,6.0,51.21951219512195,53.48837209302325,-105,-115,9,1
2024-25,2024-11-14,CHI,SEA,263,3.07762656742434,3.1333492365266205,2.8370924248330094,3.0616850688362667,3.1630088951711572,3.0509651353282274,2.938710702777762,3.0459440068667214,1,3,0,0,0.916,0.9061636363636364,2.0,0.0,6.0,49.504950495049506,54.75113122171946,102,-121,4,0
2024-25,2024-11-14,WPG,TBL,264,3.2441432128569554,3.194647480515116,3.8247290045528595,2.6343173050995063,3.0438883822178093,2.7411416720374526,3.7923964633298786,2.838507217438426,5,1,0,0,0.9052,0.8832307692307692,3.0,4.0,6.5,51.92307692307693,52.60663507109005,-108,-111,5,0
2024-25,2024-11-14,NYI,VAN,265,3.169390266927715,3.1128062420761236,2.9015084436628107,3.1482849035423937,3.047657022114391,3.47002664322199,2.8902607328768,3.043178414231327,1,1,0,0,0.9097714285714286,0.90605,7.0,11.0,6.0,51.45631067961165,53.051643192488264,-106,-113,7,1
2024-25,2024-11-15,DET,ANA,266,2.6747242694864903,3.1289825169181067,2.7755282086074953,3.0399853553010385,2.914813570228277,3.2250475907155485,2.9071136930426253,2.9106261107344475,1,1,0,0,0.8932727272727271,0.9085125,8.0,0.0,6.5,49.504950495049506,54.54545454545454,102,-120,10,1
2024-25,2024-11-15,PIT,CBJ,267,3.0155921958516054,3.3979802951509197,2.8649201519133545,3.517515530022558,3.343870561230199,2.9967111802776443,3.0496765411163924,3.465564393594599,2,1,0,0,0.8967666666666667,0.8872923076923077,6.0,7.0,6.5,56.52173913043478,46.948356807511736,-130,113,8,1
2024-25,2024-11-15,NSH,CGY,268,2.8597161483975677,3.051469248274759,2.769767929571319,3.1652234333307754,3.181797836616715,2.9031590443223956,2.67201544871119,3.2311632693694037,2,0,0,1,0.901611111111111,0.908913043478261,3.0,2.0,6.0,52.60663507109005,51.690821256038646,-111,-107,2,0
2024-25,2024-11-15,WSH,COL,269,3.2973320308518512,3.305083004296855,3.6195268418712763,3.022289848746756,3.4382142379093743,3.431078220420249,3.3280621410584588,3.064595808001852,1,1,0,0,0.9126555555555557,0.9055352941176471,6.0,8.0,6.5,57.26495726495726,46.51162790697674,-134,115,7,1
2024-25,2024-11-15,VGK,UTA,270,2.92073081422432,3.144337317187358,3.557991586369861,3.1329218165767343,3.1352032476084983,2.9441732975449795,3.055267811661211,3.340996781275206,1,1,0,0,0.9068666666666666,0.8933333333333334,4.0,7.0,6.0,54.54545454545454,50.0,-120,-100,6,
2024-25,2024-11-16,STL,BOS,271,2.752108105455749,3.2568232392686296,2.7931499111991145,3.3570720148103264,2.9952457650437645,2.9422620255139527,2.9715235390875026,3.4032791524861907,1,1,0,0,0.8935,0.8978347826086955,5.0,6.0,5.5,54.54545454545454,49.504950495049506,-120,102,5,0
2024-25,2024-11-16,OTT,CAR,272,3.5742978626605897,2.936571973444756,3.2443754009905668,3.0603215232512953,3.6571652142036823,2.885995051787135,2.9074797396657126,3.0811200991437198,2,1,0,0,0.8811666666666667,0.8962941176470587,5.0,1.0,6.5,51.21951219512195,53.48837209302325,-105,-115,4,0
2024-25,2024-11-16,WPG,FLA,273,3.36028655243142,3.2146804463078054,3.6894239485446567,2.7000760900591696,3.206718867174634,3.2703632026509486,3.614981073843846,2.913099913293658,1,1,0,0,0.9005090909090909,0.9281782608695653,0.0,4.0,6.0,52.38095238095239,52.38095238095239,-110,-110,5,0
2024-25,2024-11-16,DET,LAK,274,3.1228910886357197,3.028556067990353,2.832676570317564,3.1646809762554287,3.3346756408217204,2.9917642393078663,2.954548707432829,3.090484772609332,2,0,0,1,0.9049947368421053,0.9200789473684211,6.0,2.0,5.5,53.48837209302325,50.0,-115,-100,5,0
2024-25,2024-11-16,DAL,MIN,275,3.289413532072072,2.753392473390599,3.381815965251491,2.7725004939902953,3.111779081629756,2.9124850585975075,3.1422834077502797,3.111315800999892,1,1,0,0,0.9127545454545453,0.9098142857142856,6.0,2.0,6.0,51.21951219512195,53.48837209302325,-105,-115,3,0
2024-25,2024-11-16,CBJ,MTL,276,2.8936168235703104,3.6421389393127135,3.1343197382841845,3.32200320495075,2.933171363640322,3.3900755645172023,2.8190912215885224,3.577321905214116,1,0,0,1,0.8970347826086956,0.8904705882352941,3.0,6.0,6.5,53.051643192488264,51.21951219512195,-113,-105,6,0
2024-25,2024-11-16,BUF,PHI,277,3.024819536049054,3.3307189754664592,3.360585041067671,3.181499445633489,2.9371763718218427,3.1045582516666097,3.192314176048034,3.196561680465775,1,1,0,0,0.8282999999999999,0.8884125,8.0,7.0,6.0,53.48837209302325,51.21951219512195,-115,-105,7,1
2024-25,2024-11-16,SJS,PIT,278,2.826563147435311,3.599193778693623,2.7186141041721843,3.233449504269201,2.840143874646998,3.3579043698670734,2.782319246641463,3.444533001567868,0,1,1,0,0.8936052631578948,0.8959578947368421,7.0,8.0,6.5,51.21951219512195,53.48837209302325,-105,-115,7,1
2024-25,2024-11-16,NYI,SEA,279,3.067383493637536,3.036371980633565,2.988880166475019,3.0950925180269975,3.168750802556762,2.912984149034317,2.976091908229644,3.0069358247269014,1,1,0,0,0.9169095238095237,0.9117000000000001,4.0,11.0,5.5,53.48837209302325,51.21951219512195,-115,-105,5,0
2024-25,2024-11-16,NJD,TBL,280,3.2666698040351916,3.0904548888242704,3.3847521716072517,2.7888262704690483,3.115354184470829,2.6213215921894486,3.303182553121131,2.7059489010616766,1,1,0,0,0.9073739130434784,0.9068652173913044,3.0,4.0,6.0,54.12844036697248,50.24875621890548,-118,-101,4,0
2024-25,2024-11-16,EDM,TOR,281,3.038512107629639,2.8236279102517825,3.0129917491630485,3.0535456377486496,3.1576975785045485,2.6220034072173126,3.241671781382986,3.074628133812668,2,1,0,0,0.9276523809523809,0.8926238095238096,8.0,2.0,6.0,53.48837209302325,51.21951219512195,-115,-105,7,1
2024-25,2024-11-16,CHI,VAN,282,3.110073871377896,3.1872982924910107,2.7567490837731428,3.0501039215691206,3.0116864542859805,3.505309282239936,2.809207155769883,3.0629267538806886,1,1,0,0,0.860057142857143,0.8952285714285715,7.0,2.0,6.0,53.91705069124424,50.73891625615764,-117,-103,5,0
2024-25,2024-11-17,STL,CAR,283,3.5723152486351717,2.806612425279874,2.7985092074340145,3.2861415799778397,3.6806078216710962,2.6881615519065054,2.93467930229093,3.3401398057005975,0,0,1,1,0.9037500000000002,0.9105333333333333,4.0,6.0,6.0,53.48837209302325,50.73891625615764,-115,-103,5,0
2024-25,2024-11-17,NYR,SEA,284,3.061159902471767,2.9912923601796813,3.2971742963426562,2.8701337694995854,3.1673794408990283,2.8537811931847408,3.5506847516749964,2.7385955030593765,0,2,1,0,0.8906000000000001,0.9257857142857143,4.0,2.0,6.0,55.55555555555556,48.309178743961354,-125,107,2,0
2024-25,2024-11-17,NSH,VAN,285,3.1417680172322777,3.0866721382681837,2.6462326181129177,3.098420340703312,3.0639520457782212,3.3525285850193067,2.4918572934515946,3.1663956216536038,0,1,1,0,0.9078181818181819,0.9116249999999999,7.0,2.0,6.0,50.0,54.54545454545454,-100,-120,8,1
2024-25,2024-11-17,WSH,VGK,286,3.552610576224492,3.071631897469607,3.653115669191134,2.9676762475226743,3.8491337415844216,2.883591328000356,3.3746837167916572,3.0115567410170994,1,1,0,0,0.8951666666666666,0.9074555555555555,7.0,8.0,6.5,52.38095238095239,52.38095238095239,-110,-110,7,1
2024-25,2024-11-18,CBJ,BOS,287,2.717441743329709,3.2310491454159056,3.0402879063005375,3.3822615505660183,2.957440399961942,2.9108744998545846,2.713969196046394,3.6455931093336122,1,1,0,0,0.9003869565217392,0.8974421052631579,4.0,6.0,6.0,54.54545454545454,49.504950495049506,-120,102,6,
2024-25,2024-11-18,ANA,DAL,288,3.3090883704651914,2.697206478812901,2.814238769568859,3.1539371447917217,3.4239147374098944,2.5894264219454914,2.6253279841378485,2.9804083435727144,1,2,0,0,0.9068,0.9129,2.0,8.0,6.5,53.051643192488264,51.21951219512195,-113,-105,6,0
2024-25,2024-11-18,EDM,MTL,289,2.979375704437028,3.5175710119338306,3.0113554977316235,3.090165001656939,3.045097291917871,3.2462386898340294,3.2264771341485305,3.11487999909757,1,1,0,0,0.899825,0.9009352941176472,2.0,3.0,6.5,51.21951219512195,53.051643192488264,-105,-113,3,0
2024-25,2024-11-18,COL,PHI,290,3.099798401981698,3.2640285066711088,3.225144090281705,3.3548292621468305,3.0484744126532797,3.0297164652247863,2.9780042873440498,3.092030537249762,1,2,0,0,0.8951923076923077,0.9053315789473684,9.0,6.0,6.5,49.01960784313725,54.54545454545454,104,-120,5,0
2024-25,2024-11-18,DET,SJS,291,2.7293909414498265,3.2524929477883777,2.750004360500049,3.1854652232379306,2.833095040827072,2.999775930917647,2.8320282833921606,3.1330497550124004,1,1,0,0,0.9069190476190475,0.9202999999999999,9.0,0.0,6.0,51.45631067961165,52.38095238095239,-106,-110,9,1
2024-25,2024-11-18,WSH,UTA,292,2.872052492223048,3.164484413905958,3.695585263368253,2.9293493313077392,3.074177307884028,2.967614722178634,3.4600604860639756,2.9516373064847095,2,0,0,1,0.8914090909090909,0.9049888888888888,4.0,8.0,6.5,51.45631067961165,53.051643192488264,-106,-113,8,1
2024-25,2024-11-19,NYI,CGY,293,2.8142379902311854,2.9123112335295205,2.945268791620417,3.085605475200281,3.1116024899102155,2.7280179458246208,2.9278214574382524,3.0001957103883097,3,2,0,0,0.9063052631578947,0.9070176470588235,3.0,10.0,5.5,54.54545454545454,50.0,-120,-100,3,0
2024-25,2024-11-19,ANA,CHI,294,2.6864778659004394,3.083796477204346,2.867227853086683,3.1019853773803017,2.8933238413877667,3.104181735468679,2.7093284566774956,2.9273889224271774,2,0,0,1,0.8979,0.89095,2.0,10.0,6.5,50.24875621890548,53.91705069124424,-101,-117,5,0
2024-25,2024-11-19,EDM,OTT,295,3.090924077098939,3.08499374922551,2.88907108622653,3.0832937136330676,3.54243829975281,3.0582722825731943,3.0532536775539163,3.104272960296219,2,0,0,1,0.9029499999999999,0.8896454545454546,1.0,3.0,6.5,49.26108374384236,54.54545454545454,103,-120,7,1
2024-25,2024-11-19,TBL,PIT,296,2.870922043710296,3.55713160778844,3.2859753514479424,2.95159514523602,2.8917125168982105,3.327290480876817,3.3621754821099716,3.530815666024448,2,2,0,0,0.8868,0.9116416666666668,7.0,2.0,6.5,52.38095238095239,51.92307692307693,-110,-108,5,0
2024-25,2024-11-19,MIN,STL,297,2.726606158721083,3.3043771274326295,3.178464432391982,2.718390349616516,2.795729258429767,3.142720728501656,3.351652191462331,2.8279163766295965,1,2,0,0,0.8974166666666665,0.9148173913043477,4.0,4.0,5.5,52.38095238095239,52.38095238095239,-110,-110,6,1
2024-25,2024-11-19,NYR,VAN,298,3.1327433707013403,3.164341488150773,3.2317829554154867,2.7478300737532626,3.0412189203516107,3.442653896819639,3.466475238743598,2.5682539725586575,1,1,0,0,0.8708333333333333,0.9131818181818182,7.0,2.0,6.0,54.54545454545454,50.0,-120,-100,7,1
2024-25,2024-11-19,FLA,WPG,299,3.5129818951002094,2.789921092972087,3.4085905819150564,3.0681096359534523,3.5104629337172293,2.6569047989215093,3.3941443765544257,3.0866001746520535,2,2,0,0,0.9242083333333334,0.9046826086956522,2.0,0.0,5.5,53.91705069124424,50.495049504950494,-117,-102,9,1
2024-25,2024-11-20,SJS,DAL,300,3.248769832965175,2.7592794228274222,2.8293182066831446,3.281172816914541,3.333647719657479,2.6812971658334934,2.799891398277184,3.4488556954405447,1,1,0,0,0.9117000000000001,0.9038727272727272,2.0,9.0,6.5,53.48837209302325,51.21951219512195,-115,-105,7,1
2024-25,2024-11-20,BUF,LAK,301,3.148889792797545,2.940101477796276,3.2944496931431155,3.249054203352246,3.358261929559467,2.867321240519401,3.1178015022793373,3.286031145705199,3,3,0,0,0.9066500000000002,0.9063818181818182,6.0,6.0,5.5,53.48837209302325,50.495049504950494,-115,-102,1,0
2024-25,2024-11-20,CAR,PHI,302,3.0537669275854533,3.247938999156037,3.5721368637282622,2.730783495433669,2.9878965352626965,3.03352718993039,3.2174129490637764,3.040019813917618,1,2,0,0,0.8337625,0.9074476190476191,9.0,4.0,6.0,53.48837209302325,51.21951219512195,-115,-105,5,0
2024-25,2024-11-20,NSH,SEA,303,2.932250207813436,2.946892290291031,2.746848623426073,3.090890661277575,2.9859647890757395,2.829943590134747,2.6506530830997646,3.1332676348771984,2,2,0,0,0.9169090909090908,0.9107599999999999,4.0,2.0,5.5,52.60663507109005,51.92307692307693,-111,-108,3,0
2024-25,2024-11-20,VGK,TOR,304,3.0675483257639296,2.825853733507027,3.471510979239386,3.143217761802195,3.1735083972743565,2.6497385169371657,3.0692720885737086,3.246101007767649,3,2,0,0,0.9049999999999999,0.8959545454545456,12.0,9.0,6.0,55.35714285714286,48.78048780487805,-124,105,3,0
2024-25,2024-11-21,UTA,BOS,305,2.6473132380984294,3.2874401455996782,2.8321579316260688,3.2694189960761952,2.847884511336658,3.009639630741413,2.8208734685868517,3.328529047749394,2,2,0,0,0.8941294117647058,0.9044882352941177,3.0,6.0,6.0,50.24875621890548,53.91705069124424,-101,-117,1,0
2024-25,2024-11-21,TBL,CBJ,306,3.1065045007088785,3.2637316936207923,3.2575716862139448,2.903048952263489,3.457280087916597,2.891730712389643,3.3156417002690994,3.430880206642411,2,1,0,0,0.9009499999999999,0.8841307692307692,4.0,3.0,6.5,56.52173913043478,47.61904761904761,-130,110,13,1
2024-25,2024-11-21,NYR,CGY,307,2.7785237165010557,2.830438695734204,3.2551278534056345,2.76062206772338,3.047676095194094,2.63808666005589,3.467076054239057,2.6092638301036803,1,1,0,0,0.90905,0.9118956521739131,3.0,2.0,6.0,51.45631067961165,52.83018867924528,-106,-112,5,0
2024-25,2024-11-21,FLA,CHI,308,2.660260513154519,3.073110934082989,3.378535715031585,3.179389553841256,2.842849902529377,3.08452553554863,3.345318894963636,3.238810593212499,1,1,0,0,0.9066695652173913,0.9021125000000001,2.0,0.0,5.5,54.75113122171946,49.504950495049506,-121,102,4,0
2024-25,2024-11-21,NYI,DET,309,2.800393783255519,3.249262396818287,2.8587704655137443,3.0305262714149515,2.8388217078919515,3.1715331202390664,2.8232130986543233,2.9474023511307053,2,1,0,0,0.903664705882353,0.9107380952380953,0.0,10.0,6.0,50.0,54.12844036697248,-100,-118,3,0
2024-25,2024-11-21,MIN,EDM,310,2.9661243782147966,3.030222731232394,3.1994618269628727,2.6867213783335577,2.7967631676327396,3.0667258221404095,3.353163837841041,2.7929135274621792,1,1,0,0,0.8917347826086958,0.8975857142857143,5.0,4.0,6.0,56.896551724137936,46.728971962616825,-132,114,8,1
2024-25,2024-11-21,CAR,NJD,311,3.230453059601066,2.8255273192481387,3.570531713009079,2.659695079608272,3.3046782524786114,3.0761138745997094,3.2351878450124767,2.937505524603064,4,0,0,1,0.9059916666666666,0.8949,4.0,4.0,6.0,51.21951219512195,52.38095238095239,-105,-110,6,
2024-25,2024-11-21,VGK,OTT,312,3.036890759092902,3.153755468125105,3.3189639698006532,3.131252059036703,3.445502568288219,3.1401545147784433,2.8965608376650045,3.2323992810348763,1,0,0,1,0.8991047619047619,0.8922625,1.0,10.0,6.5,51.92307692307693,52.60663507109005,-108,-111,5,0
2024-25,2024-11-21,SJS,STL,313,2.695949482781713,3.3174623963886716,2.7904079402630932,3.331699521223854,2.7612415027920476,3.162210707002178,2.746136886181817,3.5066232750825215,1,0,0,1,0.8971000000000001,0.9113166666666667,4.0,9.0,6.0,50.495049504950494,53.48837209302325,-102,-115,5,0
2024-25,2024-11-21,COL,WSH,314,3.762908259683876,2.8816553143626393,3.2013799502164475,3.282952523723166,3.561376697588215,2.9962430293518505,2.9648485037067274,3.0169366935363042,2,2,0,0,0.9107157894736841,0.87995,8.0,4.0,6.5,54.54545454545454,50.0,-120,-100,3,0
2024-25,2024-11-22,BUF,ANA,315,2.8629054869804627,3.0420845803490177,3.181525595375342,3.0988414637724375,3.0638012825329644,3.2044253065740538,2.9756695307417873,3.091312689407937,2,1,0,0,0.8918230769230769,0.909691304347826,10.0,6.0,6.0,53.271028037383175,50.98039215686274,-114,-104,5,0
2024-25,2024-11-22,WPG,PIT,316,2.8272042140526916,3.5111590244208535,3.588949801591903,2.790305220872703,2.8411801344312058,3.2794049478707743,3.3664542841692744,3.0048449887210187,2,2,0,0,0.8895333333333333,0.92244,6.0,2.0,6.0,53.48837209302325,50.495049504950494,-115,-102,5,0
2024-25,2024-11-23,CAR,CBJ,317,3.2575900123366885,3.3650018852064294,3.490729324787584,2.716393283136516,3.6229601389210635,3.0499214240103734,3.1660082050061655,2.9832737869468824,1,1,0,0,0.8958857142857143,0.9088363636363636,4.0,4.0,6.5,52.15311004784689,52.38095238095239,-109,-110,9,1
2024-25,2024-11-23,MIN,CGY,318,2.786408055921983,2.7957282113348945,3.266454412563197,2.7052227293031033,3.037800300661176,2.6096114002665276,3.422716506222169,2.8041771151861665,1,1,0,0,0.8932473684210526,0.9149583333333333,3.0,6.0,5.5,54.54545454545454,50.0,-120,-100,7,1
2024-25,2024-11-23,BOS,DET,319,2.7700947649244196,3.151118002844415,2.587145767569309,3.1501166367749804,2.7958424767209786,3.0536242376334877,2.670418767898424,3.4745709615425793,1,1,0,0,0.916647619047619,0.8972000000000001,0.0,3.0,6.0,48.07692307692308,55.55555555555556,108,-125,3,0
2024-25,2024-11-23,NYR,EDM,320,2.9656685357913584,3.10358953252661,3.190761573403928,2.7681777882198055,2.8057705589974633,3.1577242065495206,3.369397604745916,2.6308927181558803,1,1,0,0,0.8882083333333334,0.9304666666666667,3.0,2.0,6.5,53.70370370370371,50.73891625615764,-116,-103,8,1
2024-25,2024-11-23,COL,FLA,321,3.271629394505992,3.1634689963658538,3.1489566312240065,3.1861309221671537,3.275494257955888,3.0564160115079275,2.9124766996364744,2.9096027229994985,1,1,0,0,0.9022,0.885047619047619,0.0,4.0,6.0,53.271028037383175,51.21951219512195,-114,-105,11,1
2024-25,2024-11-23,SEA,LAK,322,3.011012182095322,2.8543580549765792,2.9306382257264074,2.826076208286991,3.159654863639872,2.753841802310377,2.953645104261354,3.2000617914993303,2,2,0,0,0.9084238095238096,0.9198391304347827,6.0,4.0,5.5,50.73891625615764,53.70370370370371,-103,-116,3,0
2024-25,2024-11-23,VGK,MTL,323,2.96736430888399,3.352001598971433,3.2984663981244715,3.0827312166446013,3.0261923989019732,3.061523432426534,2.9043957371374756,3.162432463704041,4,1,0,0,0.9046000000000001,0.8969478260869564,2.0,8.0,6.5,49.504950495049506,54.54545454545454,102,-120,8,1
2024-25,2024-11-23,WPG,NSH,324,2.637259072289732,3.0786938653167866,3.597551677575313,2.7291584224213916,2.999798927062255,3.0550259410392013,3.396999526491207,2.908930733812731,2,0,0,1,0.9122923076923077,0.8840285714285715,4.0,4.0,6.0,54.54545454545454,50.0,-120,-100,5,0
2024-25,2024-11-23,STL,NYI,325,2.786876016711895,2.9876253735398466,2.7144144546206146,3.2598857922341384,2.992047886832527,3.1871321731357796,2.8329365533560944,3.3335457336159795,1,1,0,0,0.9118545454545455,0.8977461538461539,10.0,4.0,5.5,53.70370370370371,50.73891625615764,-116,-103,4,0
2024-25,2024-11-23,VAN,OTT,326,2.9923651524928916,3.1421000843286886,3.113559464474369,3.183976701588287,3.3584980207876063,3.127612910556212,3.212910866207588,2.7412005460438933,1,3,0,0,0.8997363636363637,0.9045260869565217,1.0,7.0,6.0,51.45631067961165,53.051643192488264,-106,-113,7,1
2024-25,2024-11-23,CHI,PHI,327,2.9623235645036257,3.263001885033497,2.6768151640241626,2.9856846068436034,2.8832116029656203,3.0637077666240713,2.716825216530798,3.0777092818269325,2,1,0,0,0.8954571428571428,0.90955,6.0,2.0,6.0,48.07692307692308,55.55555555555556,108,-125,5,0
2024-25,2024-11-23,UTA,PIT,328,2.763206436943288,3.5216064707084627,2.7176540566246206,3.1679775810114514,2.7610877652735795,3.308422648932808,2.6768580258268955,3.2021919740087785,0,1,1,0,0.89375,0.9083999999999999,4.0,6.0,6.5,49.504950495049506,54.54545454545454,102,-120,7,1
2024-25,2024-11-23,BUF,SJS,329,2.763692984928366,3.3113132628842767,3.172724173242237,3.0556301009570657,2.930077185924511,3.0430444026243624,2.9850572084384717,3.031253934253227,1,0,0,1,0.9036043478260869,0.8970166666666666,8.0,6.0,6.0,53.48837209302325,51.21951219512195,-115,-105,6,
2024-25,2024-11-23,DAL,TBL,330,3.363616508536004,3.0722079288528787,3.3014201887713943,2.7203070131277824,3.1247697168523523,2.477845694750217,3.0509417111843593,2.9664058647356235,1,2,0,0,0.9112,0.9117695652173914,3.0,3.0,6.0,53.271028037383175,50.98039215686274,-114,-104,6,
2024-25,2024-11-23,NJD,WSH,331,3.635347794408283,2.848671384950596,3.25322755256705,2.7956598499937138,3.4144988589153202,2.9572781017242376,3.129625196421527,2.7417786511002755,1,1,0,0,0.9059473684210527,0.9066235294117648,8.0,4.0,6.0,53.48837209302325,50.0,-115,-100,5,0
2024-25,2024-11-24,UTA,TOR,332,3.0562126732411383,2.710901645158357,2.8541183146121765,3.0798684216482313,3.1492814704403993,2.5295587197849687,2.8533192528114495,3.0850969802361288,3,0,0,1,0.9122875,0.9113631578947368,14.0,6.0,6.0,48.309178743961354,55.55555555555556,107,-125,5,0
2024-25,2024-11-25,SEA,ANA,333,2.83173987015385,3.039936743789563,2.8540147395065643,2.794543267931882,3.001497149381311,3.197851668900894,2.8567483265784945,3.1230358775191105,2,1,0,0,0.9142739130434784,0.9193916666666665,8.0,4.0,5.5,54.95495495495496,49.01960784313725,-122,104,5,0
2024-25,2024-11-25,DAL,CAR,334,3.5015842282018697,2.813772958611933,3.321731356521983,2.696353931793339,3.6318170296036154,2.6032285366988974,3.0981122465457065,2.914931205970562,1,1,0,0,0.8874333333333334,0.9126249999999999,4.0,3.0,6.5,52.38095238095239,52.38095238095239,-110,-110,10,1
2024-25,2024-11-25,WSH,FLA,335,3.296383568477077,3.311189517889384,3.558982598315365,2.85958137054447,3.2982034924873007,3.2546454610763087,3.5751694411461092,2.876037524011898,1,1,0,0,0.9017058823529412,0.9114000000000001,1.0,8.0,6.0,51.45631067961165,53.48837209302325,-106,-115,5,0
2024-25,2024-11-25,WPG,MIN,336,3.251408222612435,2.7637425759598147,3.4830199520907077,2.7831099209212162,2.9555746501622835,2.841003835834054,3.2750025222341166,2.957547206206205,1,1,0,0,0.9143799999999999,0.9230307692307693,5.0,4.0,5.5,54.75113122171946,49.504950495049506,-121,102,5,0
2024-25,2024-11-25,NSH,NJD,337,3.2386030350650414,2.7699204762027416,2.6959324653540047,2.994447012085538,3.3139445084338544,3.0297495051930654,2.5209239214110464,3.1057511337318533,1,1,0,0,0.9061400000000001,0.9137555555555555,4.0,4.0,6.0,51.690821256038646,52.83018867924528,-107,-112,7,1
2024-25,2024-11-25,DET,NYI,338,2.799148437680478,2.9102181138696332,2.7055591431863335,3.1028505175409737,2.983832397038074,3.0732155241107852,2.892029515913617,3.196590552804652,1,1,0,0,0.9110222222222224,0.9060222222222222,11.0,2.0,5.5,53.91705069124424,50.495049504950494,-117,-102,6,1
2024-25,2024-11-25,STL,NYR,339,3.1414032623388026,2.9053251927350896,2.654165545923602,3.2439860788752677,3.0136765215923997,3.062012013516962,2.757775654395334,3.2989186592884123,1,1,0,0,0.9136166666666666,0.90655,3.0,4.0,6.0,51.92307692307693,52.38095238095239,-108,-110,7,1
2024-25,2024-11-25,CGY,OTT,340,2.994340695088788,3.1744082526765767,2.8395079787146553,2.8094399359383084,3.3203625327523927,3.1814563502826765,2.716366440646373,3.1951913998216903,1,1,0,0,0.8958444444444444,0.9100809523809523,5.0,3.0,6.0,50.24875621890548,53.91705069124424,-101,-117,7,1
2024-25,2024-11-25,VGK,PHI,341,2.966069336952568,3.2099151809030437,3.3982210385090217,3.0400816979311687,2.8820066231506614,3.0245073569325465,3.069138323475288,3.0915884401912987,1,1,0,0,0.8375294117647059,0.8964764705882352,6.0,9.0,6.0,54.75113122171946,49.504950495049506,-121,102,9,1
2024-25,2024-11-25,LAK,SJS,342,2.743225777266968,3.334464525710252,2.972448454898356,2.786343388732974,2.881217244105261,3.1032049413867284,2.949177383272831,3.082169205914051,1,1,0,0,0.9422272727272727,0.9102454545454545,7.0,6.0,5.5,53.48837209302325,51.21951219512195,-115,-105,9,1
2024-25,2024-11-25,COL,TBL,343,3.3068885145492404,3.113685821343275,3.3016130323152373,3.22007107597438,3.0678827318939303,2.581029097580441,3.1440931115634556,2.9644773263534936,1,1,0,0,0.9089076923076923,0.9068000000000002,3.0,4.0,6.5,51.92307692307693,52.60663507109005,-108,-111,10,1
2024-25,2024-11-26,VAN,BOS,344,2.581120058828498,3.0726062158058016,3.155529719331586,3.181498460931309,2.766334544819484,2.8753325413550934,3.265324697966043,2.7691582742880727,2,2,0,0,0.89852,0.9041750000000001,3.0,5.0,5.5,48.78048780487805,54.95495495495496,105,-122,2,0
2024-25,2024-11-26,UTA,MTL,345,2.934833819299907,3.453833202234397,2.830330462072248,3.081394574121076,2.976393547708235,3.2128580227975436,2.8220990986356256,3.089240386585821,2,1,0,0,0.9006461538461539,0.9113499999999999,2.0,6.0,6.0,53.48837209302325,50.98039215686274,-115,-104,5,0
2024-25,2024-11-27,MIN,BUF,346,3.2058172929811954,3.01807355165721,3.16389503538929,2.8219175817637825,3.310414376456412,3.141166492056759,3.4043429266795244,2.8638543399290164,3,1,0,0,0.9099666666666667,0.9139,4.0,9.0,5.5,53.70370370370371,50.0,-116,100,1,0
2024-25,2024-11-27,NYR,CAR,347,3.5916175477456194,2.8673267504198496,3.095382467002762,2.991973873616917,3.7413928277296864,2.6892889002433487,3.302223303686296,2.805060276486802,1,1,0,0,0.8803875,0.91328,4.0,3.0,6.5,54.54545454545454,49.75124378109453,-120,101,7,1
2024-25,2024-11-27,MTL,CBJ,348,3.325033303854718,3.38647562341222,2.897784666432081,3.4245405508701325,3.6744518530078665,3.1062359321406037,2.9412027324420413,3.574734067885683,3,0,0,1,0.8955000000000001,0.8796555555555555,5.0,2.0,6.5,55.55555555555556,48.78048780487805,-125,105,7,1
2024-25,2024-11-27,DAL,CHI,349,2.6594706538272717,2.9886775573006665,3.3464216897148717,2.8379488699971165,2.8413054441959056,2.976961825765981,3.1452627289073614,3.0769568159275273,3,1,0,0,0.91002,0.9025749999999999,2.0,4.0,6.0,51.45631067961165,52.83018867924528,-106,-112,8,1
2024-25,2024-11-27,VGK,COL,350,3.245076314438459,3.397948394887482,3.4544657148210436,3.079190943610952,3.336048663458732,3.462688268976328,3.152853653803187,3.1441481547300953,1,1,0,0,0.8823913043478262,0.8963833333333334,4.0,8.0,6.5,55.15695067264574,49.01960784313725,-123,104,3,0
2024-25,2024-11-27,CGY,DET,351,2.764247890149731,3.060092164655893,2.8506895446382847,2.8606627608863864,2.7102859914398825,3.005363585774536,2.729654193352499,3.2426060038824485,1,1,0,0,0.9172727272727272,0.8923500000000001,4.0,3.0,5.5,54.95495495495496,49.504950495049506,-122,102,3,0
2024-25,2024-11-27,TOR,FLA,352,3.201610543294285,3.3303442443478275,3.053169698367551,2.6897030505208988,3.1863582681757574,3.2782003285538144,2.921199747895503,3.1771915386405687,1,2,0,0,0.8968,0.9263818181818183,1.0,14.0,5.5,53.48837209302325,51.21951219512195,-115,-105,6,1
2024-25,2024-11-27,WPG,LAK,353,2.932985732418661,2.949197234399707,3.492696610864501,2.7192827797878776,3.0920841256440648,2.665735277979809,3.2923276362403673,2.8765935356634365,1,1,0,0,0.8993391304347828,0.926037037037037,6.0,4.0,5.5,51.21951219512195,53.051643192488264,-105,-113,5,0
2024-25,2024-11-27,STL,NJD,354,3.299330988728903,2.745797840337412,2.749215027469138,3.191475439767646,3.401237393603729,2.9648183121417504,2.8542867578975692,3.243599302531589,1,1,0,0,0.9062307692307693,0.8992259259259259,4.0,4.0,6.0,52.15311004784689,52.38095238095239,-109,-110,3,0
2024-25,2024-11-27,PHI,NSH,355,2.67350140006672,3.0692037271709367,3.002613637457433,3.2703386972754305,3.0445055221643536,2.9451426075432288,3.083293912887252,3.4225105547064656,1,1,0,0,0.9120499999999999,0.8956333333333333,6.0,6.0,6.0,50.0,54.54545454545454,-100,-120,5,0
2024-25,2024-11-27,BOS,NYI,356,2.7693398466891095,2.95039019854505,2.4818245610671155,3.0201960992933947,2.9387039471210885,3.104764392087046,2.6413738719330304,3.332767395068175,1,0,0,1,0.913604347826087,0.8992444444444444,10.0,3.0,5.5,49.26108374384236,54.75113122171946,103,-121,9,1
2024-25,2024-11-27,VAN,PIT,357,2.699831432725781,3.6028164768735085,3.097650503649244,3.0431642868428774,2.6789908873828114,3.428067561609399,3.179463507500312,2.6242097095809216,3,0,0,1,0.8899750000000001,0.8720375,3.0,5.0,6.0,52.38095238095239,51.21951219512195,-110,-105,9,1
2024-25,2024-11-27,ANA,SEA,358,2.8638699358730157,2.769640403991863,2.80381319933639,3.0387876666092555,2.9778863371568014,2.6866298290830373,2.718820844706241,2.8612681299451825,1,1,0,0,0.9192599999999999,0.8928571428571429,4.0,9.0,5.5,53.91705069124424,50.0,-117,-100,7,1
2024-25,2024-11-27,OTT,SJS,359,2.905066871028749,3.2760460825332616,3.033926612255837,3.164382934943741,3.0883776388490607,3.0362472242250576,2.717919798904805,3.1018456835066814,1,1,0,0,0.9034666666666666,0.8962260869565217,7.0,4.0,6.0,53.48837209302325,51.21951219512195,-115,-105,7,1
2024-25,2024-11-27,WSH,TBL,360,3.482044772529382,3.063963158564655,3.5649089064852704,2.790891889018886,3.3101269690289046,2.555200884768797,3.5809165188353256,2.784970505000741,1,1,0,0,0.9093074074074075,0.9061999999999999,4.0,8.0,6.5,49.01960784313725,54.95495495495496,104,-122,9,1
2024-25,2024-11-29,LAK,ANA,361,2.897488947890179,3.0019044198299896,2.979024596168498,2.881059051526248,2.95910408628743,3.1880041131316488,2.901139063188323,3.26531603692653,1,1,0,0,0.8981666666666667,0.905,9.0,9.0,5.5,53.48837209302325,50.0,-115,-100,3,0
2024-25,2024-11-29,PIT,BOS,362,2.6289883161879386,3.024654838689279,2.79547590148131,3.6093265287548655,2.6369159390447865,2.8340453778099866,2.9577306545782696,3.5465737986150474,1,1,0,0,0.8988692307692308,0.8883058823529412,3.0,3.0,5.5,54.12844036697248,49.504950495049506,-118,102,3,0
2024-25,2024-11-29,VAN,BUF,363,3.0743732391305416,2.9359742699722235,3.1326695695283377,3.1202757461014263,3.141736486777135,3.0330085371322526,3.221702808328356,2.7507092156100033,1,1,0,0,0.91242,0.90874,6.0,7.0,5.5,54.95495495495496,49.01960784313725,-122,104,7,1
2024-25,2024-11-29,FLA,CAR,364,3.594295427161409,2.8744736374326783,3.266317978858953,3.236581510336415,3.7325462629491435,2.713007010221181,3.223188536910918,3.2008284133102523,1,1,0,0,0.8795470588235295,0.8988615384615385,4.0,0.0,6.0,50.24875621890548,53.91705069124424,-101,-117,9,1
2024-25,2024-11-29,CGY,CBJ,365,3.306166198802536,3.4027600056527145,2.78470727333054,2.8318445868411466,3.621236444836802,3.1511350506858937,2.661545104828176,3.170785285509332,1,1,0,0,0.8930608695652174,0.9082818181818181,5.0,3.0,6.5,49.26108374384236,54.54545454545454,103,-120,7,1
2024-25,2024-11-29,COL,DAL,366,3.287445120750694,2.9647364462160386,3.1924895096711023,3.29872017241541,3.3861289616694776,2.645545533451802,3.0801298891030724,3.2117916889624056,1,1,0,0,0.9094200000000001,0.8844833333333333,3.0,8.0,6.5,53.48837209302325,50.98039215686274,-115,-104,8,1
2024-25,2024-11-29,NJD,DET,367,2.7424430147362417,2.982564142093801,3.1769988785009073,2.7652985323242225,2.683823334645107,2.915222257293431,3.124923251407302,2.7167778086323287,1,1,0,0,0.9188826086956523,0.9046222222222222,4.0,4.0,6.0,51.92307692307693,52.38095238095239,-108,-110,9,1
2024-25,2024-11-29,CHI,MIN,368,3.0790849639393683,2.7190184620409017,2.797917674197921,2.9546315351264436,2.860287670660034,2.913863531677168,2.704927773993586,3.068737846909068,1,1,0,0,0.8979666666666667,0.9105692307692308,8.0,2.0,5.5,52.83018867924528,51.690821256038646,-112,-107,5,0
2024-25,2024-11-29,TBL,NSH,369,2.662931705382924,3.073349348841518,3.4964170078835797,3.1421970736570985,2.998169007470806,2.9657642254288548,3.451892836672272,3.590342445257833,1,1,0,0,0.9109172413793104,0.8799999999999999,6.0,4.0,6.5,53.051643192488264,51.45631067961165,-113,-106,5,0
2024-25,2024-11-29,NYR,PHI,370,3.0099359022439556,3.224335295494669,3.0929512383952,3.0345641327432338,2.9441299376283405,3.1158140385491055,3.2844733684613296,2.870999121081689,1,1,0,0,0.8391222222222221,0.9116923076923077,6.0,3.0,6.5,51.21951219512195,53.051643192488264,-105,-113,4,0
2024-25,2024-11-29,SEA,SJS,371,2.913187327235141,3.2999191493966804,2.8373817301224653,2.861869762058719,3.0844072677695826,3.0848526954619877,2.8725041511314267,3.068032934242813,1,1,0,0,0.89455,0.8917529411764706,8.0,4.0,6.0,50.73891625615764,53.48837209302325,-103,-115,13,1
2024-25,2024-11-29,EDM,UTA,372,2.84251435977065,3.0404975379841823,3.090418059527674,3.0671326670416823,2.9971216538798657,3.123961694320462,3.1465845491338706,3.034241267274017,2,5,0,0,0.9101904761904762,0.902,8.0,3.0,6.5,50.73891625615764,53.91705069124424,-103,-117,7,1
2024-25,2024-11-29,WPG,VGK,373,3.356878585214934,3.041188691608636,3.3968238935307293,2.7816550020898387,3.707143615536267,2.9991110632044364,3.1956467933582995,2.935948710142641,1,1,0,0,0.9003999999999999,0.8861,8.0,2.0,6.0,50.98039215686274,52.83018867924528,-104,-112,7,1
2024-25,2024-11-29,NYI,WSH,374,3.615717334753293,2.8491033758937285,2.794833739484195,3.0785808321900627,3.3481325087966805,2.967741264984418,2.756850635227248,2.9007377378806094,1,1,0,0,0.9128047619047619,0.9084578947368421,8.0,11.0,6.0,50.73891625615764,53.271028037383175,-103,-114,9,1
2024-25,2024-11-30,EDM,COL,375,3.189808893013623,3.364454035562119,3.12717485020189,3.0675001065624214,3.275691810682977,3.346575823802768,3.187121885308095,3.039212397603194,0,0,1,1,0.8822,0.8910800000000001,10.0,3.0,6.5,54.337899543378995,50.0,-119,100,5,0
2024-25,2024-11-30,CAR,FLA,376,3.3726809187283595,3.232876770293014,3.5697240335734763,3.005028217447638,3.273099372854741,3.1823975352985587,3.2194519423140786,3.0846070018233402,0,0,1,1,0.9037111111111111,0.8757444444444444,0.0,4.0,6.5,51.45631067961165,53.48837209302325,-106,-115,6,0
2024-25,2024-11-30,OTT,LAK,377,2.949588683154366,2.8199925063225573,3.079275021630711,3.163766764896766,3.145765450175318,2.6065691066762615,2.796878593571618,3.1096751528509796,0,2,1,0,0.89986,0.8954578947368421,10.0,4.0,6.0,49.75124378109453,54.54545454545454,101,-120,7,1
2024-25,2024-11-30,NSH,MIN,378,3.079885923280674,2.703030160360422,2.651033575819704,3.075131736431399,2.8890445273346956,2.8663992547256774,2.509576760678388,3.2173317595315263,0,0,1,1,0.918074074074074,0.9103333333333334,8.0,6.0,5.5,53.271028037383175,50.98039215686274,-114,-104,5,0
2024-25,2024-11-30,WSH,NJD,379,3.24600529329992,2.8210173743713667,3.657675961156898,2.8979331146651,3.2441144777324524,2.9808849760818545,3.638735224544624,2.869400285559311,0,0,1,1,0.9073555555555556,0.9037571428571428,5.0,8.0,6.5,50.495049504950494,53.91705069124424,-102,-117,11,1
2024-25,2024-11-30,BUF,NYI,380,2.8490098539028175,3.1537145822908554,3.083198666692057,2.9905988046757312,2.965594840527065,3.2643194296824514,3.046854341373711,2.9959019160018068,0,0,1,1,0.9090916666666667,0.9002846153846153,11.0,6.0,5.5,53.91705069124424,50.24875621890548,-117,-101,3,0
2024-25,2024-11-30,MTL,NYR,381,3.0180832354876035,3.0396754508945096,2.9505092386697225,3.4079172435669918,2.988342720896135,3.155970480259441,2.996632130513589,3.5512380960769367,0,2,1,0,0.92265,0.9004703703703704,0.0,2.0,6.5,51.21951219512195,53.48837209302325,-105,-115,7,1
2024-25,2024-11-30,CGY,PIT,382,2.779928420717482,3.510785386428228,2.7692202292355774,2.925425558485025,2.81395622390657,3.452204180357335,2.6362932491789546,3.2783346543641216,0,0,1,1,0.8890190476190476,0.8939142857142857,2.0,6.0,6.0,54.95495495495496,49.01960784313725,-122,104,8,1
2024-25,2024-11-30,SJS,SEA,383,2.9310034121290083,3.065860642325497,3.109513031463148,3.3653952749350626,2.956861086272314,2.805275039757963,2.7263384561271575,3.482857270182927,0,0,1,1,0.9161538461538462,0.89952,3.0,8.0,5.5,54.54545454545454,50.0,-120,100,6,1
2024-25,2024-11-30,PHI,STL,384,2.7761859394669335,3.0812628408510725,3.017797362919538,3.1453623444435075,2.7895755293796114,3.111983416006861,3.09096617753029,3.366594275987092,2,0,0,1,0.9035071428571427,0.8976500000000001,3.0,6.0,6.0,49.504950495049506,54.54545454545454,102,-120,5,0
2024-25,2024-11-30,TOR,TBL,385,3.474412559515716,3.102825933601351,2.9849342666760794,2.7959821268564724,3.3577868504984916,2.6871467530296815,2.833178078329301,3.2880438788256257,0,2,1,0,0.9064214285714287,0.9129176470588236,5.0,12.0,6.5,48.54368932038835,55.35714285714286,106,-124,8,1
2024-25,2024-11-30,UTA,VGK,386,3.379244149050229,3.0444317072933265,2.857857289439012,3.0820627035778534,3.718655092528177,2.9977860076528478,2.8355952312137505,3.0528924419333547,0,0,1,1,0.8959111111111111,0.905,8.0,8.0,6.5,52.38095238095239,51.92307692307693,-110,-108,6,0
2024-25,2024-12-01,OTT,ANA,387,2.836435718443297,2.9729573702675007,3.041121170799842,3.233929202385854,2.884558935027969,3.1349527953160417,2.7685235955839493,3.203668336395937,1,0,0,1,0.9136333333333333,0.8982916666666666,9.0,4.0,6.0,53.271028037383175,51.21951219512195,-114,-105,7,1
2024-25,2024-12-01,MTL,BOS,388,2.587808387455722,2.997826474927075,2.957299569706906,3.425831725027392,2.5922776551562388,2.8092307594098984,3.0044497717971175,3.5608244060016503,1,0,0,1,0.9011777777777779,0.8794315789473683,3.0,2.0,5.5,54.12844036697248,50.24875621890548,-118,-101,9,1
2024-25,2024-12-01,CBJ,CHI,389,2.781568851674825,2.9669067528931303,3.37776136651215,3.353854379040053,3.0315068372900336,2.935198209703583,2.8411471367671957,3.485537865926436,1,1,0,0,0.9100666666666668,0.894675,2.0,4.0,6.5,51.21951219512195,53.051643192488264,-105,-113,9,1
2024-25,2024-12-01,WPG,DAL,390,3.361285922454261,2.981084141487892,3.3832706495502833,2.8407013747053473,3.4791224834443133,2.6820557667613096,3.189121107435905,2.999830665502675,1,1,0,0,0.9092230769230769,0.9252428571428571,3.0,2.0,6.0,51.92307692307693,52.83018867924528,-108,-112,4,0
2024-25,2024-12-01,VAN,DET,391,2.8068746672129725,3.07076567322845,3.1788833712456217,3.1289537131168514,2.7750992666271888,3.021749170301261,3.2650862952689996,2.7969805451531733,1,1,0,0,0.9152083333333333,0.9088769230769231,4.0,7.0,5.5,53.91705069124424,50.24875621890548,-117,-101,9,1
2024-25,2024-12-02,NJD,NYR,392,3.062344681601565,3.0449357450888246,3.312468202300695,2.9470551986894744,3.044619501554215,3.1562896388969803,3.2144969402390835,2.8024035433109336,1,1,0,0,0.912862962962963,0.9028785714285714,1.0,5.0,6.5,50.73891625615764,53.48837209302325,-103,-115,6,0
2024-25,2024-12-02,CHI,TOR,393,3.067996921680522,2.8145524332421314,2.797788306222915,3.084254713550083,3.1593674762543302,2.5335912660092714,2.6900977527379104,3.0818022567013155,1,0,0,1,0.9229695652173912,0.8973625000000001,16.0,2.0,6.0,51.21951219512195,53.48837209302325,-105,-115,5,0
2024-25,2024-12-02,DAL,UTA,394,2.982717225888948,2.9704901932042174,3.3417259549002627,2.908162230493326,3.0131071554279716,3.1730013515197126,3.097871771980779,3.2367772809071047,1,0,0,1,0.9082181818181819,0.8938411764705883,8.0,4.0,6.5,50.24875621890548,53.70370370370371,-101,-116,3,0
2024-25,2024-12-03,DET,BOS,395,2.7227683450956683,3.0006304651470135,2.8560654495280264,3.1420548070077627,2.7530077604112195,2.8249144307103227,2.9594052888593203,3.1549956831921064,1,1,0,0,0.898078947368421,0.8750461538461537,3.0,6.0,6.0,51.92307692307693,52.38095238095239,-108,-110,5,0
2024-25,2024-12-03,COL,BUF,396,2.9690823910742865,2.9935783301279937,3.1096133542046727,3.3847659778737014,3.1542873939908556,3.0871387812680107,3.081296664034318,3.3134034346180243,2,2,0,0,0.909523076923077,0.883353846153846,6.0,10.0,6.5,50.24875621890548,54.12844036697248,-101,-118,9,1
2024-25,2024-12-03,SEA,CAR,397,3.4317152746747785,3.123012797770515,2.9023792564937994,3.1031957037384195,3.7034696691495173,2.891295492078501,2.9895321182809904,3.3234917205215524,2,2,0,0,0.906786956521739,0.9134592592592592,2.0,3.0,6.0,52.60663507109005,51.92307692307693,-111,-108,6,
2024-25,2024-12-03,CBJ,CGY,398,2.7506919803327747,3.0452575744086805,3.4710564438437106,3.3353072378822373,3.092446645240644,2.6596959098051576,3.003045483275043,3.4487212071716975,2,1,0,0,0.8914272727272727,0.8950199999999999,6.0,4.0,6.5,51.21951219512195,53.271028037383175,-105,-114,3,0
2024-25,2024-12-03,VAN,MIN,399,3.0795194610278536,2.687055078634864,3.243842231277771,3.1590738731261725,2.90132415613038,2.834498329078549,3.3396789646474305,2.857644341289218,2,1,0,0,0.9183357142857143,0.9073185185185186,8.0,7.0,5.5,51.21951219512195,53.48837209302325,-105,-115,5,0
2024-25,2024-12-03,NYI,MTL,400,2.9608880045528445,3.514279389961786,2.859054002860046,3.036047352978435,2.942725952121477,3.202550875266973,2.820322780594245,3.005437943157749,1,2,0,0,0.8988142857142858,0.9126400000000001,0.0,10.0,5.5,53.051643192488264,51.45631067961165,-113,-106,3,0
2024-25,2024-12-03,FLA,PIT,401,2.9024364993545113,3.4467535543672776,3.4641074779174534,3.1113996828761668,2.9582013398732414,3.3809144779089957,3.3563381010338174,3.207367772713324,2,2,0,0,0.8930666666666668,0.9079368421052633,0.0,0.0,6.5,50.98039215686274,53.271028037383175,-104,-114,9,1
2024-25,2024-12-03,EDM,VGK,402,3.2486000170394074,3.1536264975350816,3.160234614953392,2.9922121205818706,3.527377524743033,3.1407955417582083,3.2200960966661123,2.95106175854147,2,2,0,0,0.899623076923077,0.8941,8.0,3.0,6.5,51.45631067961165,52.83018867924528,-106,-112,1,0
2024-25,2024-12-03,STL,WPG,403,3.2829373618271807,2.844772377423695,2.7509050779355104,3.0754746549586502,3.6200985733885602,2.671877955205126,2.878779105434143,3.0995159407414663,1,2,0,0,0.9255206896551724,0.9079529411764705,2.0,4.0,5.5,54.54545454545454,50.0,-120,-100,5,0
2024-25,2024-12-03,SJS,WSH,404,3.732189608209604,2.978834688986535,3.1375673595245495,3.307268398110153,3.419225482880702,3.0138461254587954,2.7933430402089976,3.3969661262719355,2,2,0,0,0.9098818181818182,0.901876923076923,8.0,8.0,6.0,54.12844036697248,50.24875621890548,-118,-101,3,0
2024-25,2024-12-04,VGK,ANA,405,2.8797985004058435,2.970630301777121,3.158397319972211,3.0323674549450303,2.9341023920988465,3.1201007804180345,3.0536478381015466,3.092851141206197,2,0,0,1,0.898325,0.8909263157894736,7.0,8.0,6.5,49.504950495049506,54.54545454545454,102,-120,5,0
2024-25,2024-12-04,BOS,CHI,406,2.727464193961126,3.1080920408834998,2.7324353378416695,2.9588871406237875,3.0161934793307488,3.0843404485874673,2.828404773464478,3.3154684972496344,1,0,0,1,0.9078642857142858,0.9008642857142856,2.0,3.0,5.5,50.73891625615764,53.91705069124424,-103,-117,6,1
2024-25,2024-12-04,DAL,LAK,407,3.0239786406285316,2.7913183794426564,3.2771142072294506,2.8311996889045585,3.2243785010129913,2.588878307034735,3.0374640822718932,3.1137391592242616,3,1,0,0,0.9003615384615384,0.9112074074074074,8.0,4.0,5.5,54.337899543378995,49.75124378109453,-119,101,5,0
2024-25,2024-12-04,NSH,TOR,408,3.0923573484014,2.741697021043685,2.6308578131981797,3.0676939963428698,3.181726665126882,2.4664731668919053,2.499403607126195,3.19243564903183,1,3,0,0,0.913811111111111,0.9097333333333334,16.0,6.0,6.0,50.73891625615764,53.48837209302325,-103,-115,5,0
2024-25,2024-12-05,WPG,BUF,409,3.0011122822225778,3.0610243300984954,3.191575113246293,2.8871451725319472,3.1787077076799517,3.16351715550493,3.0808534275573707,2.98697922328582,1,1,0,0,0.9078074074074074,0.9247333333333334,8.0,2.0,5.5,54.12844036697248,50.24875621890548,-118,-101,5,0
2024-25,2024-12-05,COL,CAR,410,3.3617588712274826,3.144188357590904,3.169170975670542,3.3925027123228797,3.5936128075641363,2.9364136965663548,3.1620844578202685,3.3261121150264104,1,1,0,0,0.9045,0.8978375000000001,2.0,10.0,6.5,54.54545454545454,49.01960784313725,-120,104,8,1
2024-25,2024-12-05,STL,CGY,411,2.7572167973422643,2.926103453880792,2.7989328479738993,2.996140226332666,3.077745185106632,2.5367621568211485,2.931553050132035,2.9981942570152778,1,1,0,0,0.8942739130434783,0.9035275862068965,6.0,3.0,5.5,55.15695067264574,48.78048780487805,-123,105,7,1
2024-25,2024-12-05,CBJ,EDM,412,3.036117467340467,2.914436820963623,3.3250473009464794,3.30887279022953,2.9602176147984016,3.1132200299533617,2.8534565987929015,3.407813552595081,1,1,0,0,0.9022631578947369,0.8872333333333333,2.0,4.0,6.5,57.446808510638306,46.51162790697674,-135,115,9,1
2024-25,2024-12-05,NSH,MTL,413,2.9230537977535285,3.408233013901681,2.6182940647521176,3.06700766862529,2.8970873534714583,3.0936231460102426,2.4892553767041985,3.1865012882914505,1,0,0,1,0.9016206896551724,0.8982190476190477,1.0,6.0,6.0,54.54545454545454,50.0,-120,-100,3,0
2024-25,2024-12-05,SEA,NYI,414,2.7893191840023595,2.992767464132932,2.936996562541559,3.053777996380275,2.960678933636162,3.094765026965093,3.0248154575530273,3.2470973637641256,1,1,0,0,0.9131076923076923,0.9130285714285714,13.0,3.0,5.5,48.78048780487805,55.55555555555556,105,-125,7,1
2024-25,2024-12-05,DET,OTT,415,3.0341328825365865,3.253122923763505,2.8214381538416906,3.128003436613109,3.357087604711067,3.16592156210184,2.9074920197554803,3.136812997237747,3,1,0,0,0.8991800000000001,0.8816714285714286,5.0,4.0,6.0,54.54545454545454,50.0,-120,-100,3,0
2024-25,2024-12-05,FLA,PHI,416,3.010819047605818,3.0943382118324023,3.4700354233262325,3.173499457821431,2.954191130560437,3.012359806991021,3.3720445371459857,3.2797744186895383,4,1,0,0,0.8445052631578948,0.9003500000000001,8.0,0.0,6.0,52.38095238095239,52.38095238095239,-110,-110,12,1
2024-25,2024-12-05,SJS,TBL,417,3.4445335586299555,3.170061688065733,3.0948387977293876,3.2195963273309927,3.322527310658747,2.8069069315388475,2.765151522321322,3.2835073587309855,4,1,0,0,0.9045827586206897,0.8917904761904761,4.0,8.0,6.0,54.54545454545454,49.75124378109453,-120,101,9,1
2024-25,2024-12-06,MIN,ANA,418,2.815851992262168,3.0132415971300603,3.0728729655262796,2.6658752914216075,2.858562887729592,3.156310649167202,3.2872088680431464,2.750410257402758,1,2,0,0,0.8987588235294117,0.9190241379310344,7.0,10.0,5.5,54.54545454545454,50.0,-120,-100,6,1
2024-25,2024-12-06,SEA,NJD,419,3.36117291617398,2.873340858276693,3.0170798098777656,3.01940865944822,3.3164403688255115,3.1222837881113823,3.1192923322001667,3.1906509820080298,3,0,0,1,0.9064413793103449,0.8826,4.0,3.0,6.0,51.92307692307693,52.38095238095239,-108,-110,5,0
2024-25,2024-12-06,PIT,NYR,420,2.9780059781221055,3.1106318579299113,2.9793101019158206,3.4574301913726777,2.940791704134691,3.230026421890011,2.9178203891539374,3.427722309561125,3,2,0,0,0.9100357142857142,0.8915454545454545,1.0,0.0,6.5,54.54545454545454,49.504950495049506,-120,102,6,0
2024-25,2024-12-06,WSH,TOR,421,3.091228203111352,2.723662134850776,3.6182321713065657,2.9444376822644904,3.180414620529119,2.457638625911263,3.7366252006577825,2.974546611566543,1,2,0,0,0.9245833333333332,0.8996272727272728,16.0,8.0,6.0,53.70370370370371,50.73891625615764,-116,-103,4,0
2024-25,2024-12-06,CBJ,VAN,422,3.1884961714462654,3.1458563572877836,3.3093541375083837,3.4045164385036735,3.032818698592634,3.4485532881658636,2.8625736888392255,3.523549891000479,2,0,0,1,0.9069785714285715,0.8952692307692308,5.0,4.0,6.0,55.55555555555556,48.309178743961354,-125,107,7,1
2024-25,2024-12-06,DAL,VGK,423,3.187722359914343,2.960714479130393,3.2274223715596473,2.843620532717126,3.3978385557491766,2.9893505650695547,2.9855647515130213,3.116604273421452,1,1,0,0,0.9036851851851851,0.9092785714285715,6.0,4.0,6.0,52.38095238095239,51.92307692307693,-110,-108,5,0
2024-25,2024-12-07,PHI,BOS,424,2.7848536333648126,2.927622358485409,3.0868369469895818,3.238439539705781,2.7673802218035464,2.7840139177447965,3.0828790151166747,3.286484409355594,2,1,0,0,0.9010310344827586,0.8949555555555556,3.0,8.0,5.5,55.15695067264574,48.78048780487805,-123,105,7,1
2024-25,2024-12-07,UTA,BUF,425,2.9684879608256782,3.061423346818438,2.9037460075213257,2.9290191729780126,3.1349450212337215,3.150173885973081,2.975794995120884,2.9123455875478172,1,4,0,0,0.9076928571428572,0.9082217391304347,8.0,8.0,6.0,50.98039215686274,53.48837209302325,-104,-115,7,1
2024-25,2024-12-07,WPG,CHI,426,2.7093929051333543,3.141436010290948,3.18515883163904,2.8616322851801463,2.9763240451468658,3.124747180995123,3.075590388203976,2.9553188239257904,2,1,0,0,0.9061620689655172,0.9249333333333334,2.0,2.0,5.5,54.95495495495496,49.26108374384236,-122,103,6,1
2024-25,2024-12-07,COL,DET,427,2.7617686306429006,3.0875196952681407,3.1644949440873043,3.4474143883834096,2.8291178548199287,3.105516704376588,3.1520330061162753,3.404758410057517,1,1,0,0,0.8870666666666666,0.8781851851851852,4.0,10.0,6.5,56.14035087719298,47.84688995215311,-128,109,3,0
2024-25,2024-12-07,STL,EDM,428,3.1450111947137476,2.921003547675504,2.8482620705155206,2.9985349852732783,3.1050091183795985,3.104058480576946,2.9794967751725947,3.003539770464146,1,1,0,0,0.8949740740740741,0.9045,2.0,2.0,6.0,55.15695067264574,48.54368932038835,-123,106,6,
2024-25,2024-12-07,SJS,FLA,429,3.5908596644706825,3.2387983862831824,3.0191611546887094,3.3840775823586005,3.3892373975647994,3.0297679786225284,2.692224923894494,3.480608600584423,1,1,0,0,0.8990592592592592,0.9031071428571428,0.0,10.0,6.5,50.0,53.91705069124424,-100,-117,4,0
2024-25,2024-12-07,MIN,LAK,430,3.022883155854058,2.766890948282025,3.13907624765206,2.609373737237368,3.215469508126369,2.5651941360038015,3.3511480930832365,2.678054624103962,2,0,0,1,0.8948,0.8988,6.0,10.0,5.5,51.21951219512195,53.051643192488264,-105,-113,5,0
2024-25,2024-12-07,WSH,MTL,431,2.925952353806381,3.2747589688167555,3.5812196502163514,2.8724569197661034,2.908071907151021,2.9467698968936,3.677218369820914,2.883453382288233,1,0,0,1,0.9052666666666667,0.9110695652173912,0.0,8.0,6.0,51.45631067961165,53.051643192488264,-106,-113,6,
2024-25,2024-12-07,CAR,NYI,432,2.76512124912571,3.0652512880298124,3.4155825974592986,3.13744910439748,2.91968799070936,3.178701239125234,3.0565974074936797,3.2163451613275282,1,1,0,0,0.9094296296296297,0.9025200000000001,13.0,2.0,6.0,50.24875621890548,54.12844036697248,-101,-118,7,1
2024-25,2024-12-07,NSH,OTT,433,2.995497520526654,3.1652532212671622,2.530469010238416,3.0622536207343805,3.291905236673215,3.058351907558275,2.384967374713364,3.177362938740856,1,1,0,0,0.9006692307692308,0.9091999999999999,4.0,6.0,5.5,55.55555555555556,48.309178743961354,-125,107,4,0
2024-25,2024-12-07,TOR,PIT,434,2.941780946070259,3.464884588245366,3.0103076384346488,2.736131446749005,3.0453374033861396,3.3889487978336628,2.937776096464046,3.256991842586753,0,0,1,1,0.8939421052631579,0.9139947368421053,1.0,14.0,6.0,53.48837209302325,50.73891625615764,-115,-103,7,1
2024-25,2024-12-08,CGY,DAL,435,3.176325718781269,2.850440124385204,2.7708882624612223,2.9663933628030295,3.4382116480175724,2.5925970245858765,2.608458309998413,3.3899465481266224,1,2,0,0,0.9086379310344826,0.9069173913043478,4.0,6.0,6.0,52.38095238095239,52.38095238095239,-110,-110,8,1
2024-25,2024-12-08,COL,NJD,436,3.339290945029275,2.8427166297327315,3.1186454336672402,3.3504027012123037,3.3013675904726107,3.057385227443661,3.0864299747852426,3.2962726956175326,1,0,0,1,0.9014315789473685,0.8967058823529411,4.0,11.0,6.5,55.55555555555556,48.07692307692308,-125,108,4,0
2024-25,2024-12-08,SEA,NYR,437,3.013226209721238,3.064712764057255,2.977214474666328,3.0150378685075734,2.9933635220241777,3.15848221316259,3.055830166910129,3.180341265722624,1,1,0,0,0.921,0.8854052631578948,1.0,3.0,6.0,51.21951219512195,53.051643192488264,-105,-113,12,1
2024-25,2024-12-08,NYI,OTT,438,2.9992361340547538,3.0866993682791404,2.8174676746310503,3.065490222554781,3.2792246693524265,2.966881800394704,2.7368787616939354,2.9620881243314843,0,0,1,1,0.893,0.9091857142857143,4.0,13.0,6.0,50.73891625615764,53.48837209302325,-103,-115,6,
2024-25,2024-12-08,UTA,PHI,439,3.0833438661850767,3.2625240644207465,2.9828345648920185,2.8975364362760585,3.0552418873525267,3.1888912278443127,3.064129616943033,2.8770197823605894,0,0,1,1,0.8964238095238095,0.9136363636363637,4.0,8.0,6.0,52.83018867924528,51.690821256038646,-112,-107,6,
2024-25,2024-12-08,TBL,VAN,440,3.252550371481558,3.1019115557195183,3.6060701778675557,3.0865557868263713,3.1279451607073456,3.368346653679647,3.414895044661739,3.508590475483038,1,2,0,0,0.9081344827586207,0.9058666666666667,5.0,2.0,6.0,52.83018867924528,51.45631067961165,-112,-106,6,
2024-25,2024-12-08,CBJ,WPG,441,3.210961853603504,2.833960503584226,3.256669328046234,3.4556463421846786,3.476026017844536,2.7439580534136194,2.8276322417025797,3.5790079183613366,0,1,1,0,0.88495,0.892137037037037,2.0,4.0,6.5,51.92307692307693,52.83018867924528,-108,-112,5,0
2024-25,2024-12-09,DET,BUF,442,2.934454761645018,3.1302047081813185,2.702874007408713,3.046538483478148,3.0807080847095647,3.2286756130713647,2.8242189660355717,3.084337441995232,1,1,0,0,0.8997285714285714,0.8892125,6.0,4.0,6.0,54.12844036697248,50.0,-118,-100,11,1
2024-25,2024-12-09,ANA,MTL,443,2.8994720334937627,3.300903254130809,2.753802529303877,3.087215123312942,2.873313225239509,3.004238209548009,2.853261841353038,2.8301415817297735,1,2,0,0,0.9044,0.9133199999999999,0.0,7.0,6.0,53.48837209302325,51.21951219512195,-115,-105,5,0
2024-25,2024-12-09,CHI,NYR,444,3.090526143104059,3.2118931955760694,2.6911364785179472,3.171185064103415,3.0834637537844656,3.336946152330793,2.6158725893367043,3.1129338520514644,0,1,1,0,0.9099827586206896,0.895511111111111,0.0,6.0,6.0,53.271028037383175,50.98039215686274,-114,-104,3,0
2024-25,2024-12-10,SJS,CAR,445,3.395891906503204,3.169183790282547,2.949903719928634,3.3650622013661504,3.6492718303710805,2.943147594371787,2.63219916628928,3.4504013090589307,2,2,0,0,0.9000923076923077,0.8859272727272728,2.0,8.0,6.5,52.38095238095239,52.38095238095239,-110,-110,5,0
2024-25,2024-12-10,PHI,CBJ,446,3.278979949630238,3.3589430185453764,3.0435680311881046,3.284151443363664,3.6813783239948097,3.0925328329290305,3.080736515257221,3.309083125243794,1,1,0,0,0.8943428571428571,0.8937818181818181,4.0,4.0,6.5,52.38095238095239,51.92307692307693,-110,-108,8,1
2024-25,2024-12-10,TBL,EDM,447,3.174968902424238,2.891411056708429,3.6099098909230727,3.046266212235523,3.1435490412688067,3.0561864139884896,3.436845870913073,3.4238049847944807,2,1,0,0,0.8966857142857144,0.9062,2.0,4.0,6.5,54.95495495495496,49.01960784313725,-122,104,3,0
2024-25,2024-12-10,TOR,NJD,448,3.2175984355105443,2.8876080754400726,2.976546948999647,2.8255578051672128,3.1444349280817634,3.1072769057671503,2.9033496166664507,3.3324951214967427,1,2,0,0,0.9061333333333333,0.9244399999999999,3.0,12.0,6.0,54.337899543378995,50.0,-119,100,3,0
2024-25,2024-12-10,CGY,NSH,449,2.4852846970440923,3.059105266842505,2.7487175736738614,3.075974140243033,2.953486865932072,2.965957421440768,2.599147919144714,3.490223798002014,2,1,0,0,0.9088666666666666,0.8921166666666668,7.0,6.0,5.5,55.55555555555556,48.07692307692308,-125,108,7,1
2024-25,2024-12-10,LAK,NYI,450,2.861351169237633,3.0253268002954514,3.0581028149095197,2.7083447209038334,2.967492365513924,3.172250840094481,2.8652421991867643,3.1589609701082786,1,2,0,0,0.9101758620689656,0.8974714285714285,14.0,4.0,5.5,47.16981132075472,56.52173913043478,112,-130,4,0
2024-25,2024-12-10,COL,PIT,451,3.0161759229730674,3.404991751172801,3.1468683284494268,3.2249076913387644,3.1209333356155073,3.328985511677937,3.1343418204597606,3.134622949134863,2,1,0,0,0.8953,0.9021444444444443,0.0,11.0,6.5,55.55555555555556,48.07692307692308,-125,108,8,1
2024-25,2024-12-10,FLA,SEA,452,3.120833293905905,3.0860435480262387,3.5577570536583245,3.1537882790574394,2.893167640317984,2.869719122483196,3.5349523552893305,3.3462412982246588,1,2,0,0,0.9136344827586206,0.9016214285714286,2.0,0.0,6.0,50.0,54.54545454545454,-100,-120,3,0
2024-25,2024-12-10,MIN,UTA,453,3.0168741095298244,2.8643282371965624,3.058254382118644,2.665919095291511,2.893159856224903,3.1056941211934275,3.2500837075616476,2.732139152639298,1,2,0,0,0.9086916666666666,0.9204333333333333,8.0,8.0,5.5,52.38095238095239,51.92307692307693,-110,-108,9,1
2024-25,2024-12-10,STL,VAN,454,3.200516383718992,3.131097553215832,2.820134687001343,3.0333985857339822,3.0625452734272036,3.395262705327024,2.943975547302732,3.0381714950384433,1,2,0,0,0.9155344262295082,0.9099666666666667,5.0,2.0,5.5,52.38095238095239,51.690821256038646,-110,-107,7,1
2024-25,2024-12-10,BOS,WPG,455,3.127966207090697,2.877305440925076,2.8306623296696314,2.9303872853227504,3.338395888235987,2.8165317278923956,2.8931606539836063,3.2391117703181216,1,2,0,0,0.9239333333333334,0.9005,2.0,3.0,5.5,48.78048780487805,55.15695067264574,105,-123,9,1
2024-25,2024-12-11,NYR,BUF,456,3.010201962554623,3.2308225487622866,3.012701750722038,3.163324299571174,3.1574299399271903,3.34212815057847,3.1732566420226913,2.88276660033643,1,1,0,0,0.9047620689655173,0.9109333333333333,4.0,0.0,6.0,52.83018867924528,51.92307692307693,-112,-108,5,0
2024-25,2024-12-11,ANA,OTT,457,2.9629230269988867,3.1175138545851695,2.7293147174404964,3.0804069254239335,3.2083548477496224,3.0204256626101547,2.8162566361973935,2.8375119750083004,2,1,0,0,0.9046074074074073,0.8973333333333334,4.0,6.0,6.0,52.38095238095239,51.92307692307693,-110,-108,6,
2024-25,2024-12-12,WSH,CBJ,458,3.26421943860419,3.4110353509622313,3.586920178714698,2.8455082447763074,3.6337500906296616,3.178265713063245,3.6835816408218855,2.8427558810906928,1,4,0,0,0.9065631578947367,0.9014086956521739,6.0,8.0,6.5,52.38095238095239,51.92307692307693,-110,-108,3,0
2024-25,2024-12-12,TBL,CGY,459,2.7987652631704143,3.072942849263326,3.501134832420563,3.0054967512680495,3.0707269531192365,2.6136402417168343,3.3131006653182125,3.346396444231628,1,1,0,0,0.89098,0.9065333333333334,6.0,4.0,6.0,55.35714285714286,48.54368932038835,-124,106,11,1
2024-25,2024-12-12,UTA,COL,460,3.2476948248373003,3.1817080724005473,3.056086933276817,2.947542300172541,3.158740923293229,3.369308874090481,3.111229133712771,2.8348354595709644,1,1,0,0,0.9033736842105263,0.90776,10.0,10.0,6.5,53.48837209302325,51.21951219512195,-115,-105,5,0
2024-25,2024-12-12,NSH,DAL,461,3.2770069964366897,2.8252435399904074,2.516105973434062,3.093991457916442,3.5335192097433374,2.5923395222035746,2.3518224531073124,3.1576287370733582,3,1,0,0,0.9097000000000002,0.9007727272727273,4.0,6.0,6.0,52.38095238095239,51.92307692307693,-110,-108,5,0
2024-25,2024-12-12,EDM,MIN,462,3.129760242371079,2.7233520206403536,3.1291958579630044,2.8255903353166754,2.8895640185847324,2.801289341008895,3.0734139567329253,2.8448142987747316,1,1,0,0,0.9179666666666667,0.9003500000000001,8.0,2.0,6.0,51.21951219512195,53.48837209302325,-105,-115,8,1
2024-25,2024-12-12,PIT,MTL,463,2.9036663066180903,3.2474259374901817,2.9840364586392463,3.491716239252533,2.869606174752689,2.9703703911243924,2.890800745902593,3.427775152929194,2,1,0,0,0.9052666666666667,0.8916428571428571,1.0,0.0,6.5,53.48837209302325,51.21951219512195,-115,-105,11,1
2024-25,2024-12-12,LAK,NJD,464,3.140560963177054,2.8628542523704814,3.0599468011350366,2.6581547053377705,3.0409216899999816,3.0765888701263826,2.893431254525918,3.0547229630595614,1,1,0,0,0.9056666666666667,0.9020851851851852,3.0,4.0,5.5,54.75113122171946,49.75124378109453,-121,101,4,0
2024-25,2024-12-12,CHI,NYI,465,2.8028835790063216,3.0279313995068824,2.672936192436083,3.0909950275276348,2.873810113678088,3.177752401985787,2.612838254333367,3.0075281488442767,1,2,0,0,0.9108666666666667,0.8993263157894739,13.0,6.0,5.5,51.690821256038646,52.83018867924528,-107,-112,9,1
2024-25,2024-12-12,DET,PHI,466,3.1154588085802333,3.2723999554721717,2.829544622358635,3.118710422026407,2.993850782195202,3.240831098431462,2.987558586245147,3.157668173670534,1,2,0,0,0.8935842105263159,0.9140600000000001,4.0,2.0,6.0,53.48837209302325,51.21951219512195,-115,-105,5,0
2024-25,2024-12-12,BOS,SEA,467,3.0492672054682655,3.051307531716193,2.774467643610475,3.113502737190682,2.813269250290596,2.847480294528791,2.8205075050696293,3.4507910970840396,1,1,0,0,0.8843,0.8991499999999999,3.0,3.0,5.5,52.38095238095239,52.38095238095239,-110,-110,6,1
2024-25,2024-12-12,SJS,STL,468,2.870147291856046,3.0365328381116026,2.920478726359712,3.3481073803923826,2.7352353903843363,3.1201237875009107,2.626041509729026,3.416561535046756,1,1,0,0,0.9023,0.88235,3.0,8.0,6.0,49.26108374384236,54.54545454545454,103,-120,7,1
2024-25,2024-12-12,ANA,TOR,469,2.9463313220674765,2.768012993424709,2.676619240005122,3.152190494401646,3.0720477756419737,2.508066003798671,2.7482931720813553,2.9414521267756117,1,0,0,1,0.927,0.9131923076923077,10.0,4.0,6.0,52.38095238095239,52.38095238095239,-110,-110,5,0
2024-25,2024-12-12,FLA,VAN,470,3.1943038681446856,3.1647280044666157,3.4968408751729334,3.079568102208397,3.0611864656439405,3.4217774639369596,3.464299144101589,3.2354097334771352,1,1,0,0,0.9080666666666667,0.902548275862069,3.0,0.0,5.5,53.051643192488264,51.21951219512195,-113,-105,4,0
2024-25,2024-12-12,VGK,WPG,471,3.299275957402634,2.8174400628930725,3.177896303058634,2.9277346651804095,3.546100301252737,2.7432572457932385,3.105149317066887,2.9898950780469766,1,5,0,0,0.9247333333333334,0.9062071428571429,4.0,5.0,5.5,52.38095238095239,51.92307692307693,-110,-108,5,0
2024-25,2024-12-13,OTT,CAR,472,3.3751394234254795,3.1252610851531437,3.0384064346704096,3.0420163231470965,3.598392853319654,2.91163814608211,2.7907458486312873,3.2185478900974345,2,1,0,0,0.9005370370370371,0.9074642857142857,4.0,4.0,6.0,54.337899543378995,49.75124378109453,-119,101,3,0
2024-25,2024-12-14,ANA,CBJ,473,3.180124128100257,3.3542318616175155,2.656761833581394,3.1418341794137072,3.494695422028352,3.1308403490693295,2.71662705912004,2.94431191579223,1,1,0,0,0.9117181818181819,0.8946578947368421,6.0,4.0,6.0,54.54545454545454,49.504950495049506,-120,102,7,1
2024-25,2024-12-14,FLA,CGY,474,2.8121915375393245,3.2463667543209365,3.3641129994766077,3.1091500548451365,3.0613268745534805,2.8672443779320593,3.3017360104973177,3.261837406648804,1,1,0,0,0.9024666666666666,0.897247619047619,8.0,1.0,5.5,53.48837209302325,51.21951219512195,-115,-105,3,0
2024-25,2024-12-14,NSH,COL,475,3.1642318898807273,3.2057273867596807,2.5767052881706998,3.0185793814558726,3.0567881661980985,3.3903181122597856,2.437908190341312,3.060149038028297,1,1,0,0,0.905548275862069,0.9074000000000001,10.0,6.0,6.0,52.60663507109005,51.92307692307693,-111,-108,7,1
2024-25,2024-12-14,STL,DAL,476,3.1904946439215385,2.870412259275592,2.8749326878601376,3.0673055319284606,3.4080351584582904,2.6647376575329034,2.991237724923569,3.036710908152202,1,1,0,0,0.9087666666666666,0.9014333333333333,6.0,3.0,6.0,51.45631067961165,53.051643192488264,-106,-113,3,0
2024-25,2024-12-14,TOR,DET,477,2.7640719030200835,3.1433421429466923,2.945256762499824,2.74136018575621,2.7388219949144554,3.05805054539854,2.868239932024695,3.2070554318409794,1,1,0,0,0.8830411764705882,0.9141904761904762,4.0,10.0,6.0,50.73891625615764,53.70370370370371,-103,-116,6,
2024-25,2024-12-14,VGK,EDM,478,3.2622791452176125,2.763521024746584,3.165589463825842,2.893757492656151,3.0827529672032523,2.9666753492724958,3.092052263314804,2.946835181687248,1,1,0,0,0.8983551724137931,0.9060206896551724,2.0,5.0,6.0,54.12844036697248,49.504950495049506,-118,102,9,1
2024-25,2024-12-14,PHI,MIN,479,3.0524193013721015,2.8797848553605867,3.1412478791960154,3.1848653337783905,2.8094354002753508,2.9977340129237207,3.1671106513734264,3.282979666219004,1,1,0,0,0.8993,0.891813043478261,8.0,4.0,5.5,54.75113122171946,49.01960784313725,-121,104,5,0
2024-25,2024-12-14,CHI,NJD,480,3.1300296603887197,2.7983033508767985,2.7237764264042594,3.154372831410627,3.0472270112108686,2.972128550914439,2.6649554076681854,3.0992402870022255,1,1,0,0,0.906,0.9136363636363637,3.0,8.0,6.0,52.60663507109005,51.92307692307693,-111,-108,5,0
2024-25,2024-12-14,LAK,NYR,481,3.010463311473275,3.1171902621301553,2.9824687956655787,2.6730879070176377,2.985739171095852,3.2675728240852853,2.79670151039028,3.0611920171692946,2,1,0,0,0.9116666666666667,0.8994545454545455,2.0,6.0,5.5,53.91705069124424,50.495049504950494,-117,-102,6,1
2024-25,2024-12-14,PIT,OTT,482,3.034399753399638,2.931979676196941,3.1912364527113333,3.429225473375845,3.2791609267805613,2.9320660294313994,3.1534012564825784,3.3611256663909588,0,1,1,0,0.9113068965517241,0.8922727272727274,6.0,0.0,6.5,51.92307692307693,52.38095238095239,-108,-110,5,0
2024-25,2024-12-14,TBL,SEA,483,3.1119939689008147,2.975316531082711,3.6531491404274488,3.005062801797461,2.9152077684862054,2.758072870785504,3.513407760781564,3.322418541277234,1,1,0,0,0.8893619047619048,0.8836666666666666,3.0,1.0,6.0,55.35714285714286,48.54368932038835,-124,106,6,
2024-25,2024-12-14,UTA,SJS,484,2.955157893988458,3.3257577944851824,3.085989055723453,2.87751509902448,3.301144003697143,3.1734967015527875,3.1425302053111723,2.759931013929099,1,1,0,0,0.8862391304347825,0.9095076923076922,8.0,10.0,6.0,51.92307692307693,52.38095238095239,-108,-110,7,1
2024-25,2024-12-14,BOS,VAN,485,3.215724999359858,3.045283790936391,2.7135926703686604,3.1731217886581686,3.101256663845491,3.2541589529755335,2.732161504786692,3.5113171549320707,1,1,0,0,0.9105454545454545,0.8957,5.0,3.0,5.5,52.38095238095239,52.38095238095239,-110,-110,6,1
2024-25,2024-12-14,MTL,WPG,486,3.2460543529158814,2.824615250046459,2.871816404558438,3.443822320286152,3.461970388142581,2.7566501349836203,3.0046225379654072,3.6380746728811553,1,1,0,0,0.9244000000000001,0.9014000000000001,4.0,0.0,6.0,52.38095238095239,51.92307692307693,-110,-108,6,
2024-25,2024-12-14,BUF,WSH,487,3.517759987170957,2.781448605890433,2.9725166369948126,3.2164144411786357,3.2870952543708776,2.9721011073215684,2.9012826136304724,2.9724722662373124,1,2,0,0,0.911275,0.9054000000000001,8.0,4.0,6.0,54.75113122171946,49.01960784313725,-121,104,6,
2024-25,2024-12-15,CBJ,CAR,488,3.2466572561993203,3.116204649089342,3.169525900646479,3.369204728113661,3.4290820907780675,2.911325648866275,2.886522955936946,3.4425712560372728,1,0,0,1,0.905,0.8913379310344827,4.0,6.0,6.5,49.01960784313725,55.15695067264574,104,-123,5,0
2024-25,2024-12-15,NYI,CHI,489,2.668608078702831,3.180861578152276,2.8791907718589838,3.0575620474994714,2.9179424100459412,3.1642955324494584,2.8016598139190463,2.9084697732065288,0,2,1,0,0.8942499999999999,0.9094,9.0,10.0,5.5,50.495049504950494,53.70370370370371,-102,-116,8,1
2024-25,2024-12-15,VGK,MIN,490,3.0847366851059723,2.8165417309990137,3.158057329910743,3.005741338708141,2.870757696168569,2.9049600643421645,3.084124871723858,3.0828681673772382,0,0,1,1,0.9030615384615385,0.8928499999999999,9.0,5.0,5.5,53.91705069124424,50.495049504950494,-117,-102,5,0
2024-25,2024-12-15,NYR,STL,491,2.811856819491234,3.028603324802133,2.939993274269087,3.1820262899388836,2.7559099265418627,3.1448789518740417,3.1586354734863864,2.8426833927579462,0,0,1,1,0.9085789473684209,0.9145736842105263,3.0,3.0,6.0,52.38095238095239,52.15311004784689,-110,-109,5,0
2024-25,2024-12-15,BUF,TOR,492,2.913632024506861,2.7906348997070296,2.939521355087071,3.240183771591427,3.0693675993697536,2.4847814548305736,2.8575139745455087,3.0266037957056655,0,0,1,1,0.8989833333333334,0.8874176470588234,10.0,4.0,6.0,53.70370370370371,50.24875621890548,-116,-101,8,1
2024-25,2024-12-16,WSH,DAL,493,3.1447176181667857,2.806768237306744,3.52616592178789,2.7593504403664375,3.3433019259133316,2.59424341170084,3.5912251996403817,2.763116519214521,1,1,0,0,0.9092333333333333,0.9049999999999999,5.0,9.0,6.0,49.504950495049506,54.54545454545454,102,-120,4,0
2024-25,2024-12-16,FLA,EDM,494,3.3533376208565784,2.776596127948046,3.2387222812018237,3.101338627979914,3.2104633382091743,2.963800609503244,3.142412774073494,3.2521804386349062,1,1,0,0,0.9000333333333334,0.8997333333333334,2.0,1.0,6.0,51.92307692307693,52.38095238095239,-108,-110,11,1
2024-25,2024-12-16,COL,VAN,495,3.1358025869709953,3.1157439978712724,3.225641002912328,3.161833870222434,3.017333165366392,3.3205284535659465,3.253605291695741,3.0869940339660453,1,1,0,0,0.9030333333333335,0.9073333333333333,5.0,10.0,6.0,50.98039215686274,53.271028037383175,-104,-114,4,0
2024-25,2024-12-17,NYI,CAR,496,3.269914792099845,3.0416281961178346,2.8876157020592275,3.125270549183291,3.4511847328151704,2.8284088324830994,2.8125503383723074,3.0042206526001514,1,1,0,0,0.9006428571428572,0.9072666666666667,4.0,9.0,6.0,50.73891625615764,53.48837209302325,-103,-115,4,0
2024-25,2024-12-17,BOS,CGY,497,2.82051535674759,3.127535928554624,2.7980416624435818,3.095747856572928,3.0675150338948876,2.7342706481842147,2.829585672470774,3.3989731497436537,2,2,0,0,0.9064,0.8970999999999999,7.0,3.0,5.5,50.495049504950494,53.70370370370371,-102,-116,7,1
2024-25,2024-12-17,WSH,CHI,498,2.757135423911712,3.172714724744024,3.4288097296802453,2.773233423218205,3.022789636846444,3.1485721369759196,3.4620752733879048,2.7841645989372887,1,0,0,1,0.8949285714285715,0.91106,8.0,8.0,5.5,54.12844036697248,50.24875621890548,-118,-101,5,0
2024-25,2024-12-17,BUF,MTL,499,2.844264504771654,3.4553509416644967,2.943947279004294,3.297849606838991,2.8460003037808903,3.206256838102027,2.863291883014321,3.122990214075789,2,1,0,0,0.9009333333333333,0.9052666666666667,0.0,6.0,6.0,52.38095238095239,51.92307692307693,-110,-108,7,1
2024-25,2024-12-17,NYR,NSH,500,2.5645376096327652,3.0867588286102894,2.9093892967386243,3.1733324274337744,2.961540195203695,3.0070305788528615,3.0961500724472093,2.8635636925773733,2,1,0,0,0.9072666666666668,0.9086666666666666,6.0,3.0,6.0,50.495049504950494,53.91705069124424,-102,-117,2,0
2024-25,2024-12-17,LAK,PIT,501,3.145681455705502,3.4054268891299393,3.0522005393871887,2.61967438170311,3.0774184325951017,3.4233500188506802,2.884935225542506,2.9793971590179753,2,2,0,0,0.8908347826086956,0.903117391304348,2.0,6.0,5.5,54.337899543378995,50.0,-119,100,5,0
2024-25,2024-12-17,OTT,SEA,502,3.036271219154119,3.044308183702673,3.031008255045228,2.8991533237343527,2.844858519206722,2.846823238204748,2.784487153255713,3.075779564125946,2,2,0,0,0.9158000000000001,0.9117666666666667,3.0,6.0,5.5,47.84688995215311,55.947136563876654,109,-127,3,0
2024-25,2024-12-17,WPG,SJS,503,2.9552529129228735,3.3404674409455306,3.264796074752819,2.7969540247576496,3.287330921235454,3.193316386240219,3.1028709000194636,2.9081119018398223,2,2,0,0,0.8813448275862068,0.9244666666666668,8.0,4.0,6.0,50.0,54.54545454545454,-100,-120,7,1
2024-25,2024-12-17,NJD,STL,504,2.8198548151271585,2.9907476112196747,3.154379510604362,2.737793053381609,2.7779660000305038,3.0801686503760646,3.268739375194734,2.7101488354669283,1,2,0,0,0.9032999999999999,0.9066666666666666,3.0,0.0,5.5,53.48837209302325,50.73891625615764,-115,-103,5,0
2024-25,2024-12-17,CBJ,TBL,505,3.6860139768717772,2.9310347834817856,3.088568776351768,3.381535279140837,3.518941849909538,2.718772734101833,2.7980845794525746,3.460706238194919,2,1,0,0,0.9054000000000001,0.9079666666666667,0.0,7.0,6.5,51.21951219512195,53.48837209302325,-105,-115,8,1
2024-25,2024-12-18,WPG,ANA,506,2.706786629633357,3.130195610062003,3.286631354285702,2.8092876697559634,2.769609382472341,3.224695621927883,3.138953556044015,2.9161124181292495,3,0,0,1,0.9130851851851852,0.8852823529411765,4.0,4.0,6.0,50.495049504950494,53.91705069124424,-102,-117,5,0
2024-25,2024-12-18,TOR,DAL,507,3.134471153064207,2.744826271547546,2.985884179022296,2.8001544448536895,3.3238714728029826,2.5269746149898253,2.817860773564849,3.2458122611624645,1,2,0,0,0.9107,0.9127,5.0,8.0,5.5,54.54545454545454,50.0,-120,-100,8,1
2024-25,2024-12-18,PHI,DET,508,2.810086191859878,3.0990048397191585,3.061611372777616,3.2068548982910916,2.806952211721163,2.9993871400907692,3.058894730819674,3.3108065142776093,3,3,0,0,0.9073736842105262,0.8905166666666666,1.0,4.0,6.0,51.45631067961165,53.051643192488264,-106,-113,10,1
2024-25,2024-12-18,FLA,MIN,509,3.0453489000465463,2.826135852227433,3.329967297541253,3.165495962665534,2.8419965884242053,2.9041764166194453,3.2541431743274876,3.324970927745372,2,1,0,0,0.9018157894736841,0.8976666666666666,9.0,1.0,5.5,51.21951219512195,53.48837209302325,-105,-115,7,1
2024-25,2024-12-18,VAN,UTA,510,3.1169818607320163,2.8847890514695127,3.127673374703323,3.038785878179007,2.9544674769251063,3.1853522256607323,3.2607836682684908,2.8536397427820965,3,1,0,0,0.9082185185185184,0.9091538461538461,10.0,4.0,5.5,55.55555555555556,48.309178743961354,-125,107,5,0
2024-25,2024-12-19,NJD,CBJ,511,3.0874297727684548,3.4336072289948176,3.18324632281999,2.6868539536265312,3.4702485323666408,3.1517282139028286,3.2984472467449155,2.6471059665107464,1,1,0,0,0.8902333333333333,0.9001000000000001,7.0,1.0,6.5,51.690821256038646,52.60663507109005,-107,-111,6,0
2024-25,2024-12-19,OTT,CGY,512,2.8304208145157626,3.1555396864923297,3.031573657959545,2.80280720471147,3.0651008976934926,2.7919277255583492,2.804295649837181,2.9381676720232375,1,1,0,0,0.8837153846153846,0.9149666666666666,7.0,6.0,5.5,52.15311004784689,52.38095238095239,-109,-110,5,0
2024-25,2024-12-19,SEA,CHI,513,2.769601221671761,3.1287902870068898,2.9338020381588215,3.043718738741924,3.0222333303785445,3.0920187943888156,3.2288854568270806,3.246565796287524,1,1,0,0,0.8956000000000001,0.9149999999999999,6.0,2.0,5.5,50.0,53.91705069124424,-100,-117,4,0
2024-25,2024-12-19,BOS,EDM,514,3.40310607957059,2.8918322065946267,2.8418623899158537,3.0898144167668735,3.2833991815751817,3.086019378924751,2.880191066866343,3.373603392300346,2,1,0,0,0.8963000000000001,0.8966333333333334,0.0,3.0,6.0,53.48837209302325,51.21951219512195,-115,-105,5,0
2024-25,2024-12-19,PIT,NSH,515,2.55164248229545,2.977454407089004,3.1380414671394714,3.3500287103843207,2.918764857479994,2.874493350481841,3.090576697826614,3.3409392283680655,1,1,0,0,0.9093333333333333,0.8927956521739131,4.0,2.0,6.0,51.21951219512195,52.83018867924528,-105,-112,9,1
2024-25,2024-12-19,LAK,PHI,516,3.094590315614429,3.3008729148104794,3.0159466910695487,2.6411826942682555,3.0447637337353717,3.1172911313997775,2.8541576380307134,2.9807004494768283,0,1,1,0,0.89695,0.9030583333333334,4.0,6.0,5.5,51.45631067961165,53.051643192488264,-106,-113,10,1
2024-25,2024-12-19,COL,SJS,517,2.9619109134297625,3.360869627731634,3.145245601523407,3.1529949948388873,3.271227902938778,3.2317097613657966,3.1512984697309743,3.0834983259163398,1,2,0,0,0.8813333333333333,0.9074666666666666,10.0,10.0,6.5,50.495049504950494,53.70370370370371,-102,-116,6,0
2024-25,2024-12-19,STL,TBL,518,3.723793616065563,2.9393257576555696,2.765084203252664,3.0292937744663604,3.576425080114297,2.745145710874895,2.9031351111427472,2.9992741483442695,1,1,0,0,0.9053333333333333,0.9030333333333332,0.0,4.0,6.0,51.21951219512195,53.48837209302325,-105,-115,4,0
2024-25,2024-12-19,VAN,VGK,519,3.1493315026451714,2.9705016031940863,3.0868918572707313,3.0374058276893487,3.3602043769586927,2.9441722309667067,3.1986601104740906,2.865362005171843,3,0,0,1,0.9025666666666667,0.9108,9.0,3.0,6.0,51.21951219512195,53.48837209302325,-105,-115,4,0
2024-25,2024-12-20,COL,ANA,520,2.7246217542854643,3.090255194532802,3.1709255540007586,3.110571375962737,2.7867237230711606,3.1704625089037863,3.1798674929909696,3.0387359266191,1,0,0,1,0.8968,0.90175,4.0,10.0,6.5,52.83018867924528,51.45631067961165,-112,-106,6,0
2024-25,2024-12-20,TOR,BUF,521,2.87785608666151,3.38484396782344,3.057752062083623,2.8131286950803935,3.104816079066332,3.3133217963089856,2.9240539278674644,3.230115621602004,2,1,0,0,0.901,0.905,2.0,8.0,6.0,54.95495495495496,49.01960784313725,-122,104,9,1
2024-25,2024-12-20,NYR,DAL,522,3.1308420222674394,2.831320332270357,2.810747669630899,3.1298926316748106,3.304043079297135,2.6480606848611035,2.9646858271822842,2.825535667402948,1,2,0,0,0.9074333333333333,0.9095333333333334,4.0,2.0,6.0,52.83018867924528,51.92307692307693,-112,-108,4,0
2024-25,2024-12-20,MTL,DET,523,2.926160241605435,3.130337524139127,2.9565215442492416,3.3616965538714614,2.945854688770225,3.047668657346418,2.952285318542291,3.643631978398486,1,2,0,0,0.9153076923076924,0.9020666666666666,2.0,0.0,6.0,52.15311004784689,52.15311004784689,-109,-109,7,1
2024-25,2024-12-20,STL,FLA,524,3.4157093462506007,3.0893820493092177,2.709703000654125,3.0278218830005117,3.352776432863996,2.9425853221100113,2.8299786959748814,2.9984087606535605,1,0,0,1,0.8999333333333333,0.9105190476190476,1.0,2.0,5.5,54.54545454545454,49.75124378109453,-120,101,3,0
2024-25,2024-12-20,UTA,MIN,525,2.9737790933348194,2.938022067660846,3.1099530874267076,2.8555142069639077,2.7608291410810066,3.044562541143194,3.1703965077214624,2.7760956153963776,1,1,0,0,0.8965,0.9087071428571429,9.0,10.0,6.0,51.690821256038646,52.83018867924528,-107,-112,3,0
2024-25,2024-12-20,CAR,WSH,526,3.3686613761964934,2.78276485217102,3.2870610989009084,2.9323631601120455,3.311642743123401,2.923407943012779,3.0547545657991018,3.232421870462642,2,2,0,0,0.90392,0.9051,10.0,4.0,6.0,50.24875621890548,54.12844036697248,-101,-118,4,0
2024-25,2024-12-21,BUF,BOS,527,2.8151833272724276,3.084043634675349,2.882728055451098,3.465360829497389,2.8076981124173517,2.79560887852242,2.7829220757393927,3.2410469438022433,1,0,0,1,0.8954142857142857,0.8973176470588234,3.0,3.0,6.0,52.83018867924528,51.45631067961165,-112,-106,4,0
2024-25,2024-12-21,CHI,CGY,528,2.802097823643017,3.144222715985588,2.7790032740236867,3.0511046289937753,3.0145438502178417,2.8031614035577928,2.596706810987357,3.129362778331107,1,1,0,0,0.9055153846153845,0.9065333333333335,7.0,4.0,5.5,52.83018867924528,51.45631067961165,-112,-106,10,1
2024-25,2024-12-21,SJS,EDM,529,3.381347395535073,2.8627989915251164,2.927768482727607,3.3732761553267543,3.2637284627815197,3.0406951340481783,2.6716206456815335,3.3906834442507723,1,1,0,0,0.9046095238095239,0.9403,0.0,10.0,6.5,53.91705069124424,50.24875621890548,-117,-101,5,0
2024-25,2024-12-21,DET,MTL,530,2.9916113223654515,3.3409474395798413,2.928491021088522,3.156216464400433,2.974555045141828,3.108874120048724,2.877310991278838,3.193200211113346,0,0,1,1,0.9018,0.90335,0.0,2.0,6.5,49.504950495049506,54.54545454545454,102,-120,6,0
2024-25,2024-12-21,PIT,NJD,531,3.138028864966762,2.7345897836167,3.198100661441809,3.3651741728093563,3.084963154346849,2.8827150144946345,3.1684928265148775,3.3609749077901845,1,1,0,0,0.9076000000000001,0.8910166666666667,1.0,2.0,6.5,49.504950495049506,54.75113122171946,102,-121,3,0
2024-25,2024-12-21,LAK,NSH,532,2.607684285284914,3.045207788929266,3.1498215330131782,2.6574453837623127,2.9663108922404695,2.9636750258796316,3.0181037917327176,2.9809237099171946,1,1,0,0,0.9065869565217392,0.9023400000000001,2.0,6.0,5.5,51.92307692307693,52.38095238095239,-108,-110,5,0
2024-25,2024-12-21,CBJ,PHI,533,3.0864648915263966,3.41830424294735,3.113179126955612,3.372953023327003,3.040785501021158,3.269516223449114,2.806362709763013,3.515791873874901,1,1,0,0,0.88626,0.8933,4.0,7.0,6.5,50.0,54.54545454545454,100,-120,9,1
2024-25,2024-12-21,NYI,TOR,534,3.1551966637862603,2.8211332756647183,2.787097889137706,3.1486599354419633,3.150318211669959,2.5060068043480115,2.6917133805779874,3.0451002326304524,0,3,1,0,0.9132565217391304,0.9054,10.0,7.0,5.5,52.60663507109005,51.92307692307693,-111,-108,9,1
2024-25,2024-12-21,OTT,VAN,535,3.011989711682319,3.033861843583565,3.0284064218529503,2.7773948345367465,3.016347936424188,3.2072923685509167,2.813478545808805,2.8990850450501076,1,1,0,0,0.9105333333333333,0.905,3.0,6.0,5.5,53.91705069124424,50.73891625615764,-117,-103,9,1
2024-25,2024-12-21,SEA,VGK,536,3.140972248259524,2.9028830806688855,2.869608708933991,3.0414876751083293,3.3388691986522683,2.857356753066868,3.1271645838039133,3.232467686423749,1,1,0,0,0.8934761904761904,0.8883090909090909,9.0,2.0,6.0,53.48837209302325,51.21951219512195,-115,-105,8,1
2024-25,2024-12-21,MIN,WPG,537,3.2398148072581807,2.821234511613326,2.908617099166252,2.908840951417029,3.485343860641785,2.716420126734246,3.3070403913460784,2.7988227699526957,2,0,0,1,0.9240666666666667,0.8958999999999999,3.0,9.0,5.5,53.91705069124424,50.24875621890548,-117,-101,5,0
2024-25,2024-12-22,SEA,COL,538,3.196322329650539,3.071869969579165,2.8440506351846944,3.1414738908397477,3.150237964951242,3.3043696737754495,3.0736368094825988,3.349308945599044,1,0,0,1,0.9084,0.9139999999999999,10.0,3.0,6.0,51.690821256038646,52.83018867924528,-107,-112,7,1
2024-25,2024-12-22,OTT,EDM,539,3.364144290617267,2.8387603925687346,3.0978253080535976,2.825911138756579,3.25951176235421,2.992694037106243,2.9075426560154614,2.9578367195590842,0,0,1,1,0.8972333333333334,0.9158333333333334,1.0,6.0,6.0,54.54545454545454,49.75124378109453,-120,101,4,0
2024-25,2024-12-22,CAR,NYR,540,2.819917445356594,3.053414508549585,3.2050581147011212,2.937892094312271,2.9093407215938676,3.322365224973234,2.9538342674369202,3.232370761177326,1,1,0,0,0.9120666666666666,0.9038666666666667,2.0,4.0,6.0,50.24875621890548,53.91705069124424,-101,-117,4,0
2024-25,2024-12-22,FLA,TBL,541,3.682518445810985,2.8704211588155877,3.3589823741227787,3.0158374100073795,3.5447972789388467,2.6629820796261083,3.353333138932407,3.2266138967409113,2,1,0,0,0.9072666666666667,0.8968181818181818,0.0,2.0,6.0,54.95495495495496,49.01960784313725,-122,104,6,
2024-25,2024-12-22,ANA,UTA,542,3.0696909005971036,2.7943673165891125,2.704020659645091,3.119422594246932,2.9628234513766896,3.1167949294244903,2.7574113804867673,2.9593077717671474,1,1,0,0,0.9145500000000001,0.9131357142857143,10.0,4.0,6.0,51.690821256038646,52.83018867924528,-107,-112,9,1
2024-25,2024-12-22,LAK,WSH,543,3.3513255618290585,2.7277410007871605,3.1117292302949195,2.679342996105613,3.3041767268106423,2.8360847707522385,2.9782830523161485,2.9903542824123233,1,0,0,1,0.909776923076923,0.9013642857142857,10.0,7.0,5.5,50.98039215686274,53.48837209302325,-104,-115,4,0
2024-25,2024-12-23,WSH,BOS,544,2.826900565252248,3.0146001352115745,3.3330803759903285,2.6740823496477018,2.8322049622614953,2.719640185012822,3.379970763760809,2.802454975798549,1,0,0,1,0.8966333333333334,0.9059461538461538,3.0,10.0,5.5,52.83018867924528,51.690821256038646,-112,-107,5,0
2024-25,2024-12-23,MTL,CBJ,545,3.1441758744738286,3.4242410366480063,3.0617495560534786,3.2563144845303036,3.4883767052450283,3.089069284338088,2.9862202518501575,3.6106498676199026,1,1,0,0,0.9054153846153846,0.9028000000000002,6.0,0.0,6.5,51.21951219512195,53.271028037383175,-105,-114,9,1
2024-25,2024-12-23,STL,DET,546,2.866631955433475,3.218786686056722,2.65726496892294,2.9925094713549103,2.961386423753415,3.0743025344286727,2.7493064348335197,2.9705990621493648,1,2,0,0,0.9137777777777778,0.9012333333333333,3.0,3.0,5.5,54.12844036697248,50.24875621890548,-118,-101,4,0
2024-25,2024-12-23,TBL,FLA,547,3.375086900910815,2.9825002588660308,3.6125298263309102,2.913127461564818,3.2967667558380884,2.849388918590744,3.5530092946609657,3.2214189982914925,0,0,1,1,0.9019999999999999,0.8867499999999999,2.0,1.0,6.5,51.92307692307693,52.38095238095239,-108,-110,4,0
2024-25,2024-12-23,CHI,MIN,548,2.810560452872323,2.980020396547742,2.8264126377578953,3.1520114107192265,2.699239426253381,2.9899270340874677,2.657320895367524,3.2508624763228644,1,1,0,0,0.9146333333333333,0.8984260869565218,6.0,4.0,5.5,51.690821256038646,52.38095238095239,-107,-110,7,1
2024-25,2024-12-23,NYR,NJD,549,3.132270565222603,2.6494311977252667,2.761081470951279,3.050502803173706,3.0856267245248885,2.767001856205414,2.95676105716329,2.75744259916883,1,0,0,1,0.9087999999999999,0.9128000000000001,1.0,2.0,6.0,51.21951219512195,53.48837209302325,-105,-115,5,0
2024-25,2024-12-23,CAR,NSH,550,2.630251311382376,3.0110897470771576,3.1937615364761505,2.87244156109408,2.976416042806624,2.921615155141479,2.9556977540876646,3.1322008747985612,1,0,0,1,0.9065333333333333,0.9103909090909091,4.0,4.0,6.0,50.73891625615764,53.48837209302325,-103,-115,7,1
2024-25,2024-12-23,BUF,NYI,551,2.901523322513879,3.1426658210049063,2.822657898200768,3.442580631231622,2.9829279681226493,3.1774073905845204,2.7003424997603958,3.2392024069666077,1,1,0,0,0.9052,0.8982,7.0,2.0,5.5,54.54545454545454,49.504950495049506,-120,102,8,1
2024-25,2024-12-23,PHI,PIT,552,3.0889690454253347,3.3482227921136247,3.153172326115091,3.4338425460089854,3.0741590280575597,3.3534247126882817,3.092915390167776,3.42311560057827,1,1,0,0,0.8921800000000001,0.8843692307692308,4.0,4.0,6.5,48.07692307692308,55.75221238938053,108,-126,10,1
2024-25,2024-12-23,WPG,TOR,553,3.1509926979754113,2.9359136297067177,3.295713812841735,2.730762172830175,3.1503230651806837,2.6567642751953575,3.086895721861309,2.9295485206206267,1,1,0,0,0.9100250000000001,0.9253333333333333,10.0,3.0,6.0,48.54368932038835,55.35714285714286,106,-124,7,1
2024-25,2024-12-23,DAL,UTA,554,3.1032229599358123,2.8764766653885627,3.0556065925488936,2.840692927064823,3.015063922738514,3.2002085181994415,2.9337787116956906,3.1039885096273125,0,2,1,0,0.9108275862068966,0.9019631578947368,10.0,4.0,6.0,51.45631067961165,52.83018867924528,-106,-112,5,0
2024-25,2024-12-23,SJS,VAN,555,3.0482396626986916,3.103062530962617,2.900952923027102,3.3569141769144304,3.0636962537114054,3.2749468277454006,2.6487358557172933,3.3770882563279483,1,1,0,0,0.9088571428571429,0.9394153846153847,3.0,12.0,6.0,50.24875621890548,54.12844036697248,-101,-118,7,1
2024-25,2024-12-23,ANA,VGK,556,3.237911366864613,2.8759378366673554,2.791474852660301,3.150495950737315,3.451839507856406,2.821495247543123,2.8629661972911524,3.0103636814374735,1,0,0,1,0.9037666666666666,0.8957714285714286,9.0,4.0,6.5,51.92307692307693,52.60663507109005,-108,-111,4,0
2024-25,2024-12-27,CHI,BUF,557,2.968833616661811,3.3549482733324103,2.8381839028482343,3.180520627509571,3.106803749367656,3.40729571719438,2.677983527127129,3.2817317968718736,3,3,0,0,0.9002666666666667,0.9040666666666667,2.0,4.0,6.0,54.12844036697248,50.24875621890548,-118,-101,8,1
2024-25,2024-12-27,BOS,CBJ,558,3.206925375914361,3.43886218617758,2.8717895281801185,2.949654218570002,3.5460467371905393,3.1265310500448695,2.840982553702039,3.3593542546111625,3,3,0,0,0.8914333333333333,0.8975090909090908,6.0,3.0,6.5,50.24875621890548,54.12844036697248,-101,-118,8,1
2024-25,2024-12-27,MIN,DAL,559,3.054273289416382,2.8165590129354534,2.858131536221065,2.985195584340747,3.21706367794754,2.6587169826961867,3.1600180992641973,2.903084083360455,3,3,0,0,0.9081666666666666,0.9140333333333334,4.0,8.0,5.5,53.271028037383175,51.21951219512195,-114,-105,5,0
2024-25,2024-12-27,TOR,DET,560,2.7743104641691,3.243483524569291,3.1110266994465374,3.007934101805871,2.8470211474808162,3.110272006913037,3.049827461919367,3.2281962837314726,3,3,0,0,0.9121785714285714,0.9076,0.0,10.0,6.0,49.01960784313725,54.95495495495496,104,-122,7,1
2024-25,2024-12-27,CAR,NJD,561,3.195555397158245,2.5715160998355944,3.153954387581648,2.9509536195166493,3.1682130812605465,2.6627131429133586,2.919398469422379,3.214654306809032,3,3,0,0,0.9099333333333334,0.9055333333333333,0.0,4.0,5.5,52.38095238095239,51.92307692307693,-110,-108,6,1
2024-25,2024-12-27,VGK,SJS,562,2.907824759941412,3.3736390623337997,3.227025332160647,2.8162450513454154,3.221692475914036,3.2488904978433624,3.065770049772157,3.048205159211405,3,3,0,0,0.8812666666666668,0.9062333333333333,12.0,7.0,6.5,52.60663507109005,51.92307692307693,-111,-108,9,1
2024-25,2024-12-27,NSH,STL,563,2.7118381567116567,2.8962610655372996,2.72175919795794,2.9820201729056364,2.7173393401102754,3.1174753105457924,2.4158641169219455,3.155902988413914,3,3,0,0,0.9112272727272726,0.907,4.0,4.0,5.5,53.48837209302325,51.21951219512195,-115,-105,11,1
2024-25,2024-12-27,COL,UTA,564,3.0682372880687154,2.887175039461264,3.257954528700317,3.03973833610639,2.980807137091202,3.187623652363257,3.2054243035017445,3.010678840511977,3,4,0,0,0.9102666666666667,0.9080666666666666,10.0,8.0,6.5,51.45631067961165,52.38095238095239,-106,-110,5,0
2024-25,2024-12-28,PHI,ANA,565,2.738191496360949,3.1465368087183005,3.1507173526852994,3.551293420020358,2.771892417402586,3.198460275654761,3.090356906318893,3.572479774916622,4,4,0,0,0.9102333333333333,0.8788777777777779,8.0,4.0,6.0,54.75113122171946,49.504950495049506,-121,102,4,0
2024-25,2024-12-28,CBJ,BOS,566,2.8483440261945816,3.0549470718446696,3.299638816117784,3.3860727978420155,2.8898500093450585,2.660996350060598,2.863784900555918,3.5781123831275035,0,0,1,1,0.8968333333333334,0.8840473684210527,3.0,6.0,6.0,53.70370370370371,50.495049504950494,-116,-102,4,0
2024-25,2024-12-28,NJD,CAR,567,3.1142524945894134,2.9889990903500743,3.220447708791303,2.56217937588962,3.474131463965169,2.705528299105755,3.231508331991382,2.7223126999090512,0,0,1,1,0.9048000000000002,0.8981047619047619,6.0,0.0,6.0,52.38095238095239,52.38095238095239,-110,-110,7,1
2024-25,2024-12-28,MTL,FLA,568,3.2600173306321434,3.0212045247872092,3.097130553046493,3.3153901764450096,3.163167623088057,2.901446564737462,3.03319143732891,3.6659923073764866,4,4,0,0,0.8970869565217392,0.905,2.0,0.0,6.5,50.0,54.54545454545454,100,-120,4,0
2024-25,2024-12-28,EDM,LAK,569,3.0410453457773468,2.6989256067824283,3.347465235336476,2.7818034075090803,3.2476849789355127,2.4977833799992855,3.226940143455692,2.780948263735502,5,5,0,0,0.9016615384615384,0.8986333333333333,6.0,0.0,6.0,49.504950495049506,54.54545454545454,102,-120,7,1
2024-25,2024-12-28,PIT,NYI,570,2.843900219310988,3.2742234345702528,3.2217612101524233,3.33410572414968,2.9062021312414363,3.339848302237529,3.0312819617354183,3.351462452139913,4,4,0,0,0.9017333333333333,0.8920307692307692,7.0,4.0,6.0,51.45631067961165,53.48837209302325,-106,-115,9,1
2024-25,2024-12-28,CGY,SJS,571,2.915279269399055,3.456351776992547,2.9208629170146585,3.1774322931749506,3.212913538901429,3.359217474100261,2.6593700740856803,3.4687744917396843,0,5,1,0,0.9332428571428572,0.9039185185185185,12.0,7.0,6.5,51.690821256038646,52.38095238095239,-107,-110,4,0
2024-25,2024-12-28,NYR,TBL,572,3.6188023498569355,2.8189910343877322,2.6767295825306743,3.120293022079712,3.4750853258525067,2.7302021987853466,2.835633603767163,2.8669259027169938,4,4,0,0,0.9065333333333334,0.9128000000000001,0.0,0.0,6.0,55.55555555555556,48.78048780487805,-125,105,8,1
2024-25,2024-12-28,WSH,TOR,573,3.1750656303762517,2.9771094993497385,3.2528476284151226,2.7297931231697308,3.1098021753950533,2.756450854906751,3.273360967555846,2.8677052507088656,0,4,1,0,0.9035363636363637,0.911574074074074,10.0,10.0,6.0,52.38095238095239,52.15311004784689,-110,-109,7,1
2024-25,2024-12-28,SEA,VAN,574,3.083393058885271,3.1015050211643334,2.8228390135473584,3.2051207478468213,3.1089590355423606,3.257896769338142,3.0291474993621805,3.4181365807029347,4,5,0,0,0.9080333333333334,0.886395652173913,7.0,5.0,5.5,53.91705069124424,50.73891625615764,-117,-103,9,1
2024-25,2024-12-28,OTT,WPG,575,3.3519634550440216,2.7159269537767057,3.029923504010416,2.839900366899256,3.550466702578775,2.607760717841551,2.833899948064987,2.9689946765983986,4,5,0,0,0.9251333333333334,0.8506999999999999,4.0,8.0,6.0,52.38095238095239,52.38095238095239,-110,-110,6,
2024-25,2024-12-29,EDM,ANA,576,2.6859007133408004,3.1406325099203385,3.3330591407875607,2.83032759233237,2.7097545431480126,3.1850535692874797,3.2134016851937695,2.8465919725742994,0,0,1,1,0.9103,0.9048181818181817,8.0,0.0,6.5,56.52173913043478,48.07692307692308,-130,108,8,1
2024-25,2024-12-29,DAL,CHI,577,2.8189227629465057,3.2771960181052,3.0221563729561014,2.8306985905044564,3.037562851934751,2.9955727187142216,2.9390826315529934,3.0657744940058036,1,1,0,0,0.8986600000000001,0.9067666666666667,4.0,6.0,6.0,51.21951219512195,53.48837209302325,-105,-115,6,
2024-25,2024-12-29,WSH,DET,578,2.75726573116461,3.302961786628103,3.309992835608073,2.713207907251441,2.8222761198545068,3.1893738308793367,3.3418001759125486,2.8385387977748087,1,0,0,1,0.8988545454545455,0.9045,0.0,8.0,6.0,50.0,54.337899543378995,100,-119,6,
2024-25,2024-12-29,PHI,LAK,579,3.076693011824103,2.7186915711146606,3.1452336945507806,3.4584054088095018,3.2834733917989074,2.5347313382484904,3.0846170421829595,3.4604618921760517,0,0,1,1,0.9013793103448277,0.8900545454545455,6.0,4.0,5.5,53.051643192488264,51.21951219512195,-113,-105,9,1
2024-25,2024-12-29,OTT,MIN,580,2.8708364464108764,2.957968232586814,2.997476398939472,2.8845280199302383,2.7767576384970862,2.99494629001965,2.8042960710376206,3.017597336383129,1,0,0,1,0.9142999999999998,0.8952,6.0,8.0,6.0,51.21951219512195,53.271028037383175,-105,-114,4,0
2024-25,2024-12-29,NYI,PIT,581,3.21448048755654,3.4206188349769078,2.956198719091449,3.2641956502978178,3.2421190480241737,3.3357524127207037,2.8354322944124286,3.0577895207018577,0,0,1,1,0.8928166666666666,0.9208333333333334,6.0,7.0,6.0,54.54545454545454,50.0,-120,-100,5,0
2024-25,2024-12-29,BUF,STL,582,2.862691170734792,2.9381373175098626,3.076174174299097,3.308848202965691,2.9124889945885855,3.1539099765635425,2.8967286717362253,3.149584466559316,1,1,0,0,0.9031,0.9000666666666667,3.0,3.0,5.5,54.95495495495496,48.78048780487805,-122,105,6,1
2024-25,2024-12-29,MTL,TBL,583,3.692039099588069,2.7978787764998785,3.128964454191665,3.2014596532227997,3.5745415826745455,2.7092107394719505,3.0776949521665444,3.4991237929883425,0,0,1,1,0.8946647058823529,0.9011333333333333,1.0,0.0,6.5,55.55555555555556,48.54368932038835,-125,106,7,1
2024-25,2024-12-29,CGY,VGK,584,3.32077161663614,2.8304419549778554,2.9279683295749686,3.104013983686326,3.431251185042139,2.7540704240001834,2.686768060058799,3.355730774308647,1,0,0,1,0.8941818181818181,0.8842074074074074,7.0,6.0,6.5,51.690821256038646,52.60663507109005,-107,-111,3,0
2024-25,2024-12-30,NYR,FLA,585,3.1496129028151216,3.0557400008286884,2.662509135058688,3.217535978872079,3.0332233595776907,2.9517119258745113,2.80756606533231,3.00172888478826,1,1,0,0,0.9019333333333334,0.9096,2.0,0.0,6.0,50.495049504950494,53.91705069124424,-102,-117,8,1
2024-25,2024-12-30,UTA,SEA,586,2.900590402071314,3.2301337086652335,2.999053636044457,2.928214831539717,2.7430709691452893,2.858616432871155,3.114669402141544,2.7281464197003538,1,2,0,0,0.8840666666666666,0.9113333333333332,4.0,10.0,6.0,54.12844036697248,50.24875621890548,-118,-101,7,1
2024-25,2024-12-30,NSH,WPG,587,3.368806900605358,2.6989496885799857,2.7729969384156195,3.1200296807115913,3.5618560131082857,2.590411888991714,2.4942430496165326,3.3171144282605267,1,2,0,0,0.9256,0.9041333333333335,6.0,4.0,6.0,50.24875621890548,53.91705069124424,-101,-117,3,0
2024-25,2024-12-31,NJD,ANA,588,2.7700649320668473,3.1340026283845894,3.1790761434978845,2.652481903826744,2.8120019950599087,3.171071351639702,3.175251413235037,2.8286822324095118,1,2,0,0,0.9093,0.9106666666666666,7.0,0.0,6.5,51.690821256038646,52.38095238095239,-107,-110,5,0
2024-25,2024-12-31,CAR,CBJ,589,3.186272969555275,3.4010068927223185,3.177384487335309,2.9584084920884357,3.6427930448807233,3.077815505987404,2.882844943803291,3.2501263299959136,2,2,0,0,0.8923666666666666,0.9033333333333332,6.0,6.0,6.5,52.38095238095239,52.38095238095239,-110,-110,7,1
2024-25,2024-12-31,VAN,CGY,590,2.8314346100913452,3.098587831695147,3.1141736207148774,3.1649599863909517,3.1563449271104216,2.8506340858431853,3.08971736581751,2.891969879729592,1,2,0,0,0.9053071428571428,0.9074000000000001,6.0,7.0,5.5,53.48837209302325,50.495049504950494,-115,-102,4,0
2024-25,2024-12-31,STL,CHI,591,2.761053873409786,3.3286033877764276,2.8361444225081556,2.9737187300768873,2.953538596643261,3.0754554480516294,2.8025958499787507,2.865879872676077,1,1,0,0,0.9008666666666668,0.9008999999999999,2.0,3.0,5.5,52.38095238095239,52.38095238095239,-110,-110,8,1
2024-25,2024-12-31,WPG,COL,592,3.2785534587589855,2.971959937439508,3.350025458146611,2.615286799505847,3.2352860588834145,3.242688028936152,3.160612485005745,2.90355454357348,3,0,0,1,0.9099333333333333,0.8862666666666666,8.0,6.0,6.5,54.95495495495496,49.26108374384236,-122,103,7,1
2024-25,2024-12-31,BUF,DAL,593,3.0883887800747787,2.7724014406416617,3.105831570039218,3.2602407577651036,3.170882737253176,2.680724004599534,2.9406478139771144,3.103633517123389,1,1,0,0,0.9030999999999999,0.9017999999999999,6.0,2.0,6.0,54.54545454545454,49.26108374384236,-120,103,6,
2024-25,2024-12-31,PIT,DET,594,2.803307674133051,3.2541279181299703,3.2035317988606447,3.3662043063883766,2.8785024109686383,3.1328039247610064,3.0268121372413086,3.4611561045504073,1,1,0,0,0.9001304347826087,0.8946600000000001,0.0,4.0,5.5,54.12844036697248,50.24875621890548,-118,-101,6,1
2024-25,2024-12-31,UTA,EDM,595,3.316597760771681,2.9065300092252513,2.9661762279299637,2.9991557620770073,3.255930752304262,2.9121747620028344,3.062608620191889,2.8303001043797287,1,0,0,1,0.8976333333333334,0.9102384615384617,0.0,9.0,6.5,55.947136563876654,47.61904761904761,-127,110,5,0
2024-25,2024-12-31,NSH,MIN,596,2.8099193963458555,2.9589544268451435,2.6848714083376635,3.113691091298536,2.714586985634965,2.9870033304875756,2.398657202585637,3.3035994121191194,1,0,0,1,0.9151000000000001,0.9072800000000001,6.0,6.0,5.5,54.54545454545454,49.504950495049506,-120,102,8,1
2024-25,2024-12-31,PHI,SJS,597,2.8559911453027556,3.4352942144944003,3.171385720994626,3.5017157444514684,3.127864540929152,3.331677572488841,3.1121779931087494,3.5204591849321094,2,1,0,0,0.8805333333333333,0.8835214285714285,14.0,4.0,6.5,50.24875621890548,53.91705069124424,-101,-117,4,0
2024-25,2024-12-31,NYI,TOR,598,3.134344736174895,3.046057740859178,2.9247110981881486,3.2501310858516157,3.070853173525304,2.8455523150518123,2.7988399191986533,3.060134308917036,2,1,0,0,0.9080538461538462,0.9012666666666667,12.0,9.0,6.0,51.690821256038646,52.38095238095239,-107,-110,4,0
2024-25,2024-12-31,MTL,VGK,599,3.3031266658618192,2.737870253119548,3.1882596001618446,3.1568511815734857,3.4119995924912216,2.636477232613995,3.146665341376183,3.4326453840600926,1,1,0,0,0.9055666666666667,0.9014000000000001,7.0,0.0,6.5,52.38095238095239,52.38095238095239,-110,-110,5,0
2024-25,2024-12-31,BOS,WSH,600,3.259198554211463,2.7599197323823956,2.889411331841566,2.9535773563785774,3.2982969695152256,2.7578774897684397,2.806268756531844,3.469030566291672,1,2,0,0,0.9131857142857144,0.8988333333333333,8.0,3.0,5.5,53.48837209302325,50.495049504950494,-115,-102,4,0
2024-25,2025-01-01,NJD,LAK,601,3.1374175641225137,2.7644573104274355,3.136414490862454,2.6689248462622803,3.3561668007220367,2.598742276198244,3.1177717825657254,2.8432774507859584,2,0,0,1,0.9011037037037036,0.898290909090909,6.0,0.0,5.5,53.48837209302325,51.21951219512195,-115,-105,3,0
2024-25,2025-01-02,DET,CBJ,602,3.2080713782128405,3.3789023268934084,2.8443931491168195,3.2057879659260426,3.647148587638292,3.064845046555583,2.7870812944983134,3.2867974424090183,1,1,0,0,0.8932333333333332,0.908355172413793,6.0,0.0,6.5,50.0,54.54545454545454,-100,-120,9,1
2024-25,2025-01-02,UTA,CGY,603,2.839010384402787,3.026134773855125,2.9003839288521736,3.031217690966728,3.1507864953158884,2.774400545126744,2.9763056011615925,2.8814655912885647,1,1,0,0,0.8869642857142858,0.9097999999999999,6.0,7.0,6.5,51.690821256038646,52.60663507109005,-107,-111,8,1
2024-25,2025-01-02,BUF,COL,604,3.3300106628686486,2.9400616414702685,3.0668469889554384,3.2793686114955123,3.3070816386203616,3.1807795090931137,2.898524373624027,3.1414367623309274,1,1,0,0,0.903752380952381,0.9020666666666667,10.0,2.0,6.5,56.709956709956714,47.16981132075472,-131,112,11,1
2024-25,2025-01-02,OTT,DAL,605,3.118219241841173,2.7517195980886187,2.996716844489332,2.8228027621219187,3.205565576299264,2.657405177209841,2.8084228351092575,2.9421552008068486,1,3,0,0,0.9080333333333334,0.9038461538461539,6.0,4.0,6.0,51.21951219512195,53.271028037383175,-105,-114,6,
2024-25,2025-01-02,CAR,FLA,606,3.208892518359969,3.053828562341832,3.1697296905857897,2.995137232346197,3.1215829224914997,2.9467186520075046,2.8859997370025026,3.2822787591158376,2,1,0,0,0.9025333333333333,0.9031333333333333,2.0,8.0,5.5,53.48837209302325,50.98039215686274,-115,-104,4,0
2024-25,2025-01-02,TOR,NYI,607,2.863338452760135,3.238173989912572,3.128276043808793,2.978513918895558,3.047440021402996,3.3123794178816297,3.1283193955936253,3.1812639966995158,1,1,0,0,0.9016666666666667,0.9105407407407408,9.0,11.0,6.0,48.54368932038835,55.35714285714286,106,-124,3,0
2024-25,2025-01-02,BOS,NYR,608,2.679084057356516,3.2723163294095343,2.8301790861031706,2.956691718970617,2.8434007602568125,3.2981442582853724,2.7369289346324623,3.4430355485162893,2,1,0,0,0.9085909090909091,0.8996333333333333,2.0,3.0,6.0,48.309178743961354,55.55555555555556,107,-125,3,0
2024-25,2025-01-02,VAN,SEA,609,2.9692004978739353,3.1830370783521764,3.039897087655538,3.1548495490138384,2.8435902766428174,2.8169563852279205,2.9922083108605295,2.9017207089028543,2,1,0,0,0.8861600000000002,0.9029750000000001,4.0,7.0,5.5,53.91705069124424,50.24875621890548,-117,-101,7,1
2024-25,2025-01-02,TBL,SJS,610,2.763736805435782,3.4443803624924145,3.6197581479348213,2.8738150904034714,2.998244136369834,3.3486666570154844,3.553842154521598,3.0927980906575887,1,3,0,0,0.9336000000000001,0.9083333333333333,13.0,0.0,6.5,51.92307692307693,52.38095238095239,-108,-110,3,0
2024-25,2025-01-02,PHI,VGK,611,3.253107571734517,2.749950760700664,3.1929832575889803,3.374584029629081,3.3466400546969153,2.655529584775813,3.140703685416072,3.36820459920891,1,1,0,0,0.8990391304347827,0.885925,7.0,5.0,6.5,51.690821256038646,52.60663507109005,-107,-111,7,1
2024-25,2025-01-02,ANA,WPG,612,3.2975898645601576,2.6983922248778844,2.779760301446413,3.0915703681864977,3.5300036008134037,2.482527090347349,2.7764657633485563,3.0217404215371086,1,1,0,0,0.9268000000000001,0.8978,6.0,7.0,6.0,54.54545454545454,49.504950495049506,-120,102,7,1
2024-25,2025-01-02,MIN,WSH,613,3.24554205931816,2.705445862250759,2.8840503116623686,2.9595410190137024,3.282009498955318,2.6880426872428425,3.1441702128601063,2.8756289538120914,1,1,0,0,0.9025571428571428,0.8962619047619048,8.0,8.0,5.5,53.48837209302325,50.495049504950494,-115,-102,7,1
2024-25,2025-01-03,MTL,CHI,614,2.739444235067822,3.4100606486537965,3.1781634163695953,3.115181386636195,2.9179211359223634,3.190411675006886,3.134820288850448,3.366089588886974,2,2,0,0,0.8965538461538463,0.9021333333333333,4.0,2.0,6.0,52.38095238095239,52.38095238095239,-110,-110,6,
2024-25,2025-01-03,ANA,EDM,615,3.3319601380153743,2.843330382144352,2.825762388559513,3.0884394310734344,3.2810555647170543,2.834361705350726,2.832598789834688,3.0240204974929563,2,0,0,1,0.8995,0.9101666666666667,0.0,7.0,6.5,56.14035087719298,47.61904761904761,-128,110,5,0
2024-25,2025-01-03,PIT,FLA,616,3.130911440951992,3.0492800412310728,3.158444120400604,3.3784819935379513,3.035062254257939,2.945817185415667,2.977949793278664,3.4749609321466046,0,2,1,0,0.8946166666666667,0.8902074074074074,2.0,2.0,6.0,52.60663507109005,51.690821256038646,-111,-107,5,0
2024-25,2025-01-03,OTT,STL,617,2.9412928474136284,2.9407276750580724,2.961455798328205,2.862800337208222,2.881377836138133,3.172692867580811,2.7750152773197283,2.985384826619021,2,0,0,1,0.9019666666666666,0.8897285714285714,5.0,4.0,5.5,47.61904761904761,55.947136563876654,110,-127,4,0
2024-25,2025-01-03,NSH,VAN,618,3.070769146735121,3.1466600227868464,2.698251061365627,3.171227823046418,3.1485235773537714,3.3081586231141937,2.4274635106543827,3.365445656867798,0,2,1,0,0.9074000000000001,0.9038666666666667,8.0,9.0,5.5,55.55555555555556,48.78048780487805,-125,105,3,0
2024-25,2025-01-04,MIN,CAR,619,3.1572303595781417,2.9255519022185372,2.9215967159063454,2.960474367397557,3.532099859116157,2.670773768380629,3.170546282255762,2.884811016968076,1,1,0,0,0.9049333333333334,0.9155666666666666,6.0,8.0,5.5,55.55555555555556,48.78048780487805,-125,105,4,0
2024-25,2025-01-04,STL,CBJ,620,3.2287960082066887,3.423784102041433,2.9755352644080193,2.844521633559503,3.6460290658908456,3.137256128460487,2.9208976768765442,2.83467396032373,1,0,0,1,0.8911666666666667,0.9090739130434783,6.0,4.0,6.0,50.495049504950494,53.70370370370371,-102,-116,10,1
2024-25,2025-01-04,NSH,CGY,621,2.84597808714266,3.0895511547463896,2.7140539609763548,3.064726391317913,3.142092946665774,2.862362138276516,2.462575788045997,3.227530418869204,1,0,0,1,0.9067896551724138,0.9051000000000001,6.0,9.0,6.0,50.495049504950494,53.70370370370371,-102,-116,5,0
2024-25,2025-01-04,MTL,COL,622,3.409560131403199,3.0065342538995226,3.134948029018597,3.1411340311122227,3.4071807076561,3.24573887253408,3.083660537110001,3.3834317005017636,1,0,0,1,0.9092,0.9136363636363637,12.0,2.0,6.5,54.54545454545454,49.26108374384236,-120,103,3,0
2024-25,2025-01-04,UTA,DAL,623,3.1406474087494307,2.7265372695273107,2.9688550909377156,3.027070169360849,3.227221135520327,2.6329436973662594,3.05112610860109,2.8856312412156235,1,1,0,0,0.9072333333333333,0.9089333333333334,6.0,8.0,6.5,52.38095238095239,52.38095238095239,-110,-110,5,0
2024-25,2025-01-04,TBL,LAK,624,3.127385710911096,2.6739649948798894,3.517707249277663,2.8440381015092955,3.3302019451136227,2.4927127637816007,3.4300875014649965,3.0436625575332323,2,1,0,0,0.905507142857143,0.9085333333333334,2.0,0.0,5.5,55.55555555555556,48.78048780487805,-125,105,3,0
2024-25,2025-01-04,EDM,SEA,625,2.9674160054128316,3.203235036712017,3.3116218995284985,2.8148592682568494,2.8506158478425134,2.8619730348744916,3.1840601214118838,2.9399251236436883,1,0,0,1,0.8854615384615384,0.9029217391304349,6.0,0.0,6.5,53.271028037383175,51.21951219512195,-114,-105,6,0
2024-25,2025-01-04,NJD,SJS,626,2.7395004835264247,3.353633122681461,3.0282997742122517,2.6815601479645323,2.9556768561788926,3.24306021346515,2.9869349478538516,2.8486143091193066,1,2,0,0,0.9348000000000001,0.9099333333333334,12.0,0.0,6.0,53.271028037383175,51.21951219512195,-114,-105,5,0
2024-25,2025-01-04,BOS,TOR,627,3.0833473663479007,2.9083626950821024,2.768828098084378,2.9215969230294667,3.0614595331057,2.7693383375780987,2.6670846901151806,3.3723693181312426,1,1,0,0,0.913,0.9005,9.0,3.0,6.0,50.495049504950494,53.48837209302325,-102,-115,10,1
2024-25,2025-01-04,BUF,VGK,628,3.3043893534987068,2.727873419166935,3.125455932106621,3.3600264998186593,3.4041173273735574,2.633026733926035,2.9787722655343987,3.250386278232936,1,1,0,0,0.9046333333333333,0.8968555555555555,7.0,3.0,6.5,54.54545454545454,49.504950495049506,-120,102,4,0
2024-25,2025-01-04,DET,WPG,629,3.279905706610888,2.7434642936735534,2.915484081810123,3.225517371958589,3.495411983096024,2.5497604849933584,2.879094283869089,3.3077616176451725,1,1,0,0,0.9250666666666667,0.9009333333333333,6.0,2.0,5.5,54.54545454545454,50.0,-120,-100,6,1
2024-25,2025-01-04,NYR,WSH,630,3.230004429729036,2.7503577550053007,2.6581346386672826,3.1878360350830706,3.2619904026974593,2.7425919286048592,2.8042294460571675,3.0823898088988786,1,1,0,0,0.9147862068965519,0.9120260869565218,8.0,2.0,6.0,51.21951219512195,53.48837209302325,-105,-115,11,1
2024-25,2025-01-05,TBL,ANA,631,2.7998942418025807,3.082195158166969,3.425894322809163,2.820299234062845,2.824142142890845,3.1100930754727893,3.320072175235747,3.0054115617258845,1,0,0,1,0.8978869565217392,0.8942222222222223,7.0,0.0,7.0,47.61904761904761,55.55555555555556,110,-125,5,0
2024-25,2025-01-05,NYI,BOS,632,2.8153597529929835,3.025389260200096,2.800740477354603,3.1894171242035796,2.942052003992052,2.5476964087743776,2.7236985231644835,3.055941513415681,0,2,1,0,0.8928782608695652,0.9026666666666666,3.0,10.0,5.5,52.38095238095239,52.15311004784689,-110,-109,9,1
2024-25,2025-01-05,PIT,CAR,633,3.051984112587604,2.9632037621676157,3.117023914532238,3.358614071533108,3.3819816766954496,2.7308284752627086,2.9366045382544974,3.447315374843229,0,1,1,0,0.9053923076923078,0.8939846153846154,8.0,2.0,6.0,54.337899543378995,50.0,-119,100,7,1
2024-25,2025-01-05,NYR,CHI,634,2.7844812727307096,3.355594846638193,2.7117249778226302,3.3134355522980456,2.9663826997770006,3.1328085802344776,2.855647555703042,3.242761073710277,1,0,0,1,0.8991407407407408,0.9101363636363637,4.0,4.0,6.5,56.52173913043478,47.84688995215311,-130,109,8,1
2024-25,2025-01-05,PHI,TOR,635,3.181297302742982,2.949875148682229,3.150899452824787,3.4217040995025374,3.178715033512929,2.822823095252807,3.0918845011501,3.4264987865288736,0,2,1,0,0.8980769230769231,0.8440999999999999,8.0,5.0,6.5,50.24875621890548,53.91705069124424,-101,-117,5,0
2024-25,2025-01-06,WSH,BUF,636,3.0566850708995688,3.3446962129043194,3.35300433826381,2.799225273926947,3.22812867590509,3.333873939379041,3.2670124222516526,2.891596847699505,1,1,0,0,0.8994666666666667,0.902848275862069,4.0,8.0,6.0,54.54545454545454,49.504950495049506,-120,102,7,1
2024-25,2025-01-06,FLA,COL,637,3.325395473923015,2.975259246389628,3.1242898694859513,3.0141449490705514,3.308646088786813,3.190301258238014,3.3641109136532727,3.183687860115183,1,2,0,0,0.9099999999999999,0.9044666666666666,12.0,3.0,6.5,49.26108374384236,54.75113122171946,103,-121,4,0
2024-25,2025-01-06,VAN,MTL,638,3.096358933699352,3.0694364569728867,2.968518299553409,3.139497235562421,3.0749085824714464,3.0070727911930297,3.029593621778478,2.9103457332947995,1,2,0,0,0.9009333333333333,0.9079333333333335,2.0,8.0,5.5,54.54545454545454,50.0,-120,-100,9,1
2024-25,2025-01-06,NJD,SEA,639,2.940539094165558,3.229735907530398,2.998685864579176,2.7015072250535455,2.829437280263078,2.910129187988968,2.949210876632624,2.867190035989496,1,1,0,0,0.8862185185185185,0.9090666666666667,6.0,2.0,6.0,52.38095238095239,52.38095238095239,-110,-110,5,0
2024-25,2025-01-07,CGY,ANA,640,2.8449696513118803,3.0146082683909867,2.7894221970679514,3.1190653450980617,2.878394687769097,3.0260647737526853,2.565709971663824,3.33864098316271,1,2,0,0,0.9016583333333333,0.9063,7.0,6.0,6.5,48.309178743961354,55.55555555555556,107,-125,5,0
2024-25,2025-01-07,EDM,BOS,641,2.8589643265932905,3.090830204381466,3.332102863872367,2.794869024070631,2.987805555082863,2.654070306612222,3.2150287286994548,2.9097387104157972,1,2,0,0,0.8995,0.9004333333333334,3.0,0.0,6.0,49.26108374384236,54.54545454545454,103,-120,4,0
2024-25,2025-01-07,OTT,DET,642,2.955162284747567,3.183926581400466,2.8636787359951335,2.9019705388259003,2.922598249774043,3.078236451617459,2.67117967120957,3.02404602563559,2,3,0,0,0.9013800000000001,0.8874181818181818,2.0,8.0,5.5,55.75221238938053,48.309178743961354,-126,107,5,0
2024-25,2025-01-07,STL,MIN,643,2.9586217199188045,2.8650671123671128,3.010303851551928,2.950750963644197,2.808927254923237,2.981334038938932,2.9631024100815613,2.960212544967422,2,2,0,0,0.9168999999999999,0.9037000000000001,8.0,3.0,5.5,48.78048780487805,55.55555555555556,105,-125,10,1
2024-25,2025-01-07,DAL,NYR,644,2.8259180509707194,3.2660188587873678,3.1358956094265236,2.7098628425734423,2.813209891664732,3.1933230899622234,3.015454502017828,2.9778893289534993,1,2,0,0,0.906125,0.9083666666666665,4.0,6.0,6.5,53.48837209302325,50.98039215686274,-115,-104,9,1
2024-25,2025-01-07,TOR,PHI,645,3.1122335062508357,3.4020370913810525,3.1737604175945515,2.9214657851356827,3.1372923206909826,3.28670961358005,3.074785827962961,3.0862409396133375,1,1,0,0,0.8458190476190476,0.9114172413793103,5.0,10.0,6.0,50.24875621890548,53.91705069124424,-101,-117,5,0
2024-25,2025-01-07,CBJ,PIT,646,3.1131860495994137,3.3751398929438396,3.3179721923356293,3.437914800618781,3.229589923737475,3.2642487272224403,2.740932909737248,3.5886860750610667,1,2,0,0,0.8922571428571429,0.8909,4.0,6.0,6.5,53.051643192488264,51.45631067961165,-113,-106,7,1
2024-25,2025-01-07,VGK,SJS,647,2.756899014661217,3.3081556893121755,3.2926491875585495,2.6796949829183023,2.9655768417664166,3.193076488277374,3.1778348489092236,3.0509603118014286,2,2,0,0,0.8809333333333332,0.8998083333333332,12.0,5.0,6.5,52.60663507109005,51.92307692307693,-111,-108,6,0
2024-25,2025-01-07,CAR,TBL,648,3.340587646231775,2.865516924346495,3.0842528692389317,2.9673185588999145,3.4999158807884685,2.7986190754088263,2.8909385435714556,3.182637026852062,1,1,0,0,0.9083333333333333,0.9044666666666666,0.0,8.0,6.0,52.38095238095239,52.38095238095239,-110,-110,5,0
2024-25,2025-01-07,NSH,WPG,649,3.2373144488831516,2.7926207944824686,2.7626057550396506,2.9977832414378853,3.4303941310176524,2.621430955130328,2.534650230281134,3.1391123625052786,2,2,0,0,0.9243333333333333,0.9058666666666665,8.0,9.0,5.5,55.55555555555556,48.309178743961354,-125,107,7,1
2024-25,2025-01-08,COL,CHI,650,2.764634291494437,3.4375002488581474,3.3105440416306826,2.913023109139529,2.9304943974042414,3.2475058792046925,3.222455321360356,2.9341766946172783,2,1,0,0,0.8976,0.9066454545454546,4.0,13.0,6.5,55.947136563876654,48.07692307692308,-127,108,4,0
2024-25,2025-01-08,FLA,UTA,651,2.9400970092463874,3.028163954297221,3.0539641004408207,3.014235683097293,2.900359898778599,3.205563460451259,3.262742235542493,3.174810258901302,3,1,0,0,0.9084000000000001,0.9056666666666666,8.0,1.0,6.0,48.78048780487805,55.55555555555556,105,-125,5,0
2024-25,2025-01-08,VAN,WSH,652,3.3359817537325167,2.8426745615746563,3.003999992864339,3.199128590654045,3.40887349801675,2.8003938576223235,3.070395464073378,2.9984675305490147,1,1,0,0,0.9133666666666668,0.9054000000000001,8.0,7.0,5.5,53.051643192488264,51.21951219512195,-113,-105,3,0
2024-25,2025-01-09,TOR,CAR,653,3.0466049594779583,2.9679743775362235,3.16403725516087,2.892010866589213,3.398420091649768,2.7476838662814167,3.0673769380871256,3.0400048363849717,1,1,0,0,0.9047333333333333,0.9123666666666668,8.0,10.0,5.5,52.60663507109005,51.92307692307693,-111,-108,9,1
2024-25,2025-01-09,SEA,CBJ,654,3.3346227878511505,3.416111136890329,2.9112377474112,3.218416079387658,3.7284036983476843,3.167977687795865,3.0960714424139835,3.436156875551325,1,2,0,0,0.8905,0.8865928571428572,10.0,4.0,6.5,49.504950495049506,54.95495495495496,102,-122,8,1
2024-25,2025-01-09,COL,MIN,655,3.0603646543895158,2.9065863713996363,3.231000658783518,2.9178642972427173,2.9456250257884142,3.020768357226922,3.1281413345500066,2.942679122812674,1,0,0,1,0.9147000000000001,0.9110666666666667,11.0,13.0,6.0,51.21951219512195,53.48837209302325,-105,-115,7,1
2024-25,2025-01-09,NJD,NYR,656,2.8687528845786234,3.319337778592855,2.9997463280692425,2.685151715778848,2.8681093082841977,3.261894488886321,2.953319527573438,2.8380170833379608,1,2,0,0,0.9082000000000001,0.9092,3.0,2.0,6.5,50.0,54.54545454545454,-100,-120,5,0
2024-25,2025-01-09,BUF,OTT,657,2.839727980219226,2.908879123181024,3.0874657198359134,3.3286126980084623,3.276992049030541,2.873685137953381,2.902614350921867,3.2409914380115126,1,2,0,0,0.8886739130434782,0.8994,10.0,6.0,6.0,51.21951219512195,53.48837209302325,-105,-115,4,0
2024-25,2025-01-09,DAL,PHI,658,3.073828211081444,3.3815829528480728,3.1951186177412505,2.75783366549417,3.0889507514013768,3.2679109276866147,3.0980145910552235,3.021775399757426,1,1,0,0,0.8860758620689656,0.903547619047619,4.0,6.0,6.5,50.0,54.54545454545454,-100,-120,5,0
2024-25,2025-01-09,EDM,PIT,659,3.1072082491684534,3.3884128630646226,3.348388975895027,2.7076987510318054,3.215352610608929,3.286927420409558,3.244252812186906,2.7919758279335696,1,1,0,0,0.8931111111111112,0.9029,4.0,0.0,6.5,52.38095238095239,51.690821256038646,-110,-107,8,1
2024-25,2025-01-09,ANA,STL,660,3.0439356916001548,3.051938075493476,2.8207577385260114,3.0144835003668726,2.9282433946487845,3.0404515435933583,2.8018949904580652,3.0208859888466315,1,1,0,0,0.9067999999999999,0.9094333333333334,2.0,7.0,6.0,50.0,54.12844036697248,-100,-118,8,1
2024-25,2025-01-09,BOS,TBL,661,3.3238275203074794,2.839934367954069,2.7709907153553313,3.119947349994342,3.4728629706789476,2.7684839156846817,2.728780109612835,3.4739527592705577,1,1,0,0,0.9089333333333334,0.9004333333333333,0.0,3.0,6.0,50.0,54.54545454545454,-100,-120,5,0
2024-25,2025-01-09,NYI,VGK,662,3.3107434026535523,2.6633796563348793,2.878365071824015,3.2148737718894367,3.3858790244927794,2.578145493640399,2.8186237973626076,3.0943670255156994,1,3,0,0,0.9059666666666667,0.9018666666666667,5.0,12.0,6.0,52.38095238095239,52.38095238095239,-110,-110,4,0
2024-25,2025-01-10,VAN,CAR,663,3.1426365293948813,2.9710366932974863,2.9391524462681495,3.157086154907735,3.4943326014745306,2.7630434496934195,2.9847255991485278,2.96105030935292,0,1,1,0,0.9017428571428573,0.9025705882352941,8.0,5.0,6.0,50.98039215686274,53.48837209302325,-104,-115,2,0
2024-25,2025-01-10,CHI,DET,664,2.957363562098212,3.142002799806774,2.774875186681609,3.3491669000463817,2.929288334117876,3.033103618120609,2.6478701210662576,3.3879866740811404,2,1,0,0,0.9066,0.9004666666666667,3.0,6.0,6.0,50.98039215686274,53.48837209302325,-104,-115,8,1
2024-25,2025-01-10,SJS,UTA,665,2.877494577899062,3.058989806109341,2.735738291800758,3.3239632232104834,2.8252497945890203,3.2313408893074276,2.6576421104968313,3.401887696382443,1,2,0,0,0.9090666666666666,0.8833333333333333,10.0,14.0,6.0,52.38095238095239,52.38095238095239,-110,-110,3,0
2024-25,2025-01-10,LAK,WPG,666,3.2884633839264588,2.769028781426439,3.0884688880734585,2.625124713929832,3.484226421162593,2.5994214798532718,2.889330877218046,2.9991151893374677,2,5,0,0,0.8880210526315789,0.9082206896551724,6.0,3.0,5.5,54.54545454545454,50.0,-120,-100,3,0
2024-25,2025-01-10,MTL,WSH,667,3.2848454501698834,2.7837701254108995,3.1550209865746957,3.096833370964729,3.3462892566964957,2.729479037694928,3.0344856125288664,3.2819369076031086,1,3,0,0,0.9023666666666668,0.9179166666666667,8.0,2.0,6.0,54.54545454545454,50.0,-120,-100,5,0
2024-25,2025-01-11,SEA,BUF,668,3.112810818773561,3.212770146540789,2.881243084269448,3.302304915198075,3.2517211371880075,3.3097339322213686,3.046876016128696,3.5266865313819453,1,1,0,0,0.9023333333333333,0.9136666666666665,6.0,4.0,6.0,51.690821256038646,52.38095238095239,-107,-110,8,1
2024-25,2025-01-11,LAK,CGY,669,2.797999308017551,3.078443634595418,3.051380556719929,2.5786709478846634,3.0547866489338906,2.907083636002644,2.8582664993115077,2.922382739591142,3,0,0,1,0.9067666666666667,0.8980999999999999,8.0,3.0,5.5,51.690821256038646,52.60663507109005,-107,-111,3,0
2024-25,2025-01-11,EDM,CHI,670,2.7850350520590177,3.395319407029633,3.328914451645905,2.785188444000321,2.931478239496846,3.148427210470843,3.223740126628636,2.885394071376539,0,1,1,0,0.8959428571428572,0.9022,4.0,0.0,6.5,55.55555555555556,48.78048780487805,-125,105,7,1
2024-25,2025-01-11,BOS,FLA,671,3.080999182469283,2.946364356922335,2.7154763645447813,3.1432269662470462,3.027718776010356,2.906561923639597,2.664422380306108,3.4813712486276467,2,1,0,0,0.907,0.9006333333333333,2.0,5.0,5.5,53.48837209302325,51.21951219512195,-115,-105,7,1
2024-25,2025-01-11,DAL,MTL,672,3.1479364356698003,3.0602079377225824,3.216090167045843,2.7029410613633242,3.1453382873889453,3.0454654059754023,3.1293915435924893,2.9374649656771092,0,1,1,0,0.8993333333333332,0.9069,0.0,6.0,6.0,52.38095238095239,51.92307692307693,-110,-108,3,0
2024-25,2025-01-11,TBL,NJD,673,2.9641726968405218,2.697107544792362,3.336734583521138,2.778923776008005,3.1958319298907862,2.6329970929298456,3.218953629505489,3.0411691908418472,1,1,0,0,0.9090666666666667,0.9101333333333333,2.0,0.0,6.0,53.48837209302325,51.21951219512195,-115,-105,5,0
2024-25,2025-01-11,WSH,NSH,674,2.738152492805604,3.058919557953902,3.2378317001353016,2.7940025905727848,3.062968227909287,2.876066251148346,3.2474280748844384,2.932666017743562,3,0,0,1,0.9049333333333333,0.9137666666666665,11.0,10.0,6.0,50.0,54.54545454545454,-100,-120,5,0
2024-25,2025-01-11,ANA,PHI,675,3.0022303983860557,3.3915450344891984,2.793703433769267,3.107545464126626,3.0003123386239876,3.287273709832232,2.769463110954035,3.135640742932775,1,1,0,0,0.8854000000000001,0.903723076923077,4.0,7.0,6.0,51.21951219512195,53.48837209302325,-105,-115,6,
2024-25,2025-01-11,OTT,PIT,676,3.163155297049028,3.3661301353893234,2.745942386596146,2.9420924154053054,3.2783379990161565,3.2636238854849866,2.647626843996823,3.0202651913747265,1,1,0,0,0.8951142857142858,0.8990571428571429,4.0,10.0,5.5,54.54545454545454,50.0,-120,-100,5,0
2024-25,2025-01-11,MIN,SJS,677,2.681891819143917,3.2730936925576497,2.988448052068276,3.0038017506620602,2.923276473827973,3.2145074982194726,3.197771715943525,2.7684461162216674,0,1,1,0,0.9347470588235295,0.899308695652174,11.0,11.0,6.0,51.21951219512195,53.48837209302325,-105,-115,4,0
2024-25,2025-01-11,CBJ,STL,678,3.1337327207722248,3.012755111733266,3.4104640571608473,3.3587150424401915,3.04705110323775,2.992636681349867,2.791259040229679,3.545061225934515,1,1,0,0,0.9016333333333333,0.9030142857142858,2.0,8.0,6.0,54.75113122171946,49.504950495049506,-121,102,3,0
2024-25,2025-01-11,VAN,TOR,679,3.1514879779589173,2.9893822771767016,2.8398205887593413,3.1117542238119014,3.1593097211150485,2.7913914462721903,2.8628443513837154,2.916278423143497,1,0,0,1,0.9012000000000001,0.9051333333333333,10.0,5.0,5.5,54.54545454545454,50.0,-120,-100,3,0
2024-25,2025-01-11,NYI,UTA,680,2.845889927194598,2.9858508927284935,2.910411634528293,3.1002719060394006,2.7847087391083454,3.132615303539019,2.8633204511259347,2.964142941541276,0,1,1,0,0.8867782608695652,0.9149923076923077,10.0,14.0,6.0,53.48837209302325,50.73891625615764,-115,-103,3,0
2024-25,2025-01-11,NYR,VGK,681,3.1904655025365725,2.705304918438717,2.867482277902134,3.263068054368112,3.2352282853353835,2.637000767009135,2.977742621323724,3.1754922661133063,1,1,0,0,0.90004,0.9083333333333333,3.0,3.0,6.0,53.48837209302325,51.21951219512195,-115,-105,3,0
2024-25,2025-01-11,COL,WPG,682,3.203761815379876,2.742219185068707,3.307607157626817,2.84926242958899,3.3669660115209536,2.58239321794841,3.2312508432829645,2.853703451067717,0,1,1,0,0.9244000000000001,0.9119333333333334,7.0,13.0,6.0,50.0,54.54545454545454,-100,-120,3,0
2024-25,2025-01-12,ANA,CAR,683,3.0949720604411066,2.867586014130596,2.7025154050855162,3.194498915942899,3.414408853202813,2.65459730142833,2.6597474021879592,3.2399508511958164,1,0,0,1,0.9049333333333334,0.9059666666666667,6.0,7.0,6.0,52.38095238095239,51.92307692307693,-110,-108,5,0
2024-25,2025-01-12,SEA,DET,684,3.0167226426477236,3.1272177901690363,2.9774488630772593,3.249057124256701,2.9965840162071915,3.0256223595036817,3.1567541025531507,3.445347970721716,1,0,0,1,0.9049333333333334,0.8829482758620689,3.0,4.0,6.0,51.21951219512195,53.48837209302325,-105,-115,8,1
2024-25,2025-01-12,DAL,OTT,685,2.819237602866658,2.843310040703486,3.1670249955875764,2.647100617751368,3.1231100864935812,2.9137862159397083,3.074534978359885,2.8535715523757696,0,0,1,1,0.9071,0.9067545454545454,11.0,6.0,5.5,54.54545454545454,50.0,-120,-100,5,0
2024-25,2025-01-12,TBL,PIT,686,3.054530376375524,3.4075126860764353,3.281907018013993,2.784770861627978,3.1426730243506413,3.31924949338116,3.1595408496894275,3.0325778749943355,0,0,1,1,0.8928666666666667,0.8936736842105262,3.0,0.0,6.5,53.48837209302325,50.73891625615764,-115,-103,7,1
2024-25,2025-01-12,MIN,VGK,687,3.115435588644751,2.6867287367386457,2.9850019838358515,2.935302991129684,3.147111086448938,2.6170863301277487,3.1815666564064626,2.700542442502478,0,0,1,1,0.9049,0.9116333333333332,2.0,11.0,6.0,51.690821256038646,52.38095238095239,-107,-110,5,0
2024-25,2025-01-13,CGY,CHI,688,2.7901166607645673,3.4022976874332715,2.7691686514097897,3.0031274465762157,2.9278725979472062,3.1726145621016273,2.5848800228734388,3.2612787957419083,1,1,0,0,0.8992666666666668,0.9085000000000001,4.0,8.0,6.0,54.54545454545454,49.26108374384236,-120,103,7,1
2024-25,2025-01-13,LAK,EDM,689,3.33949782464745,2.7905520417497374,2.9773073428300907,2.5609921691466906,3.248351231517767,2.797316986342572,2.785508525610421,2.88020764056431,1,1,0,0,0.9007000000000001,0.9092666666666667,0.0,2.0,5.5,52.38095238095239,52.38095238095239,-110,-110,1,0
2024-25,2025-01-13,FLA,PHI,690,3.0927735885546612,3.2699165519263658,3.0700097858482143,2.9741940657414636,3.1099622309025245,3.146432511704746,3.2765375068795812,3.0710668532597465,1,1,0,0,0.8889333333333334,0.9051333333333333,4.0,2.0,6.0,50.495049504950494,53.91705069124424,-102,-117,7,1
2024-25,2025-01-14,TBL,BOS,691,2.7546781855713047,3.129536889393187,3.3322687407486837,2.762651035842142,2.858669737455955,2.7045084305971208,3.2261227839455753,2.992277598589464,2,1,0,0,0.9018333333333334,0.9094666666666668,7.0,0.0,5.5,54.54545454545454,49.504950495049506,-120,102,8,1
2024-25,2025-01-14,PHI,CBJ,692,3.3538832398996936,3.2725533635280515,3.1214343557539688,3.2578308501667537,3.7876418994500267,3.1106406965418616,3.038076718702932,3.388321377330063,2,0,0,1,0.8827,0.845609090909091,8.0,4.0,6.5,53.48837209302325,51.21951219512195,-115,-105,5,0
2024-25,2025-01-14,NYR,COL,693,3.195363768416879,2.855651875503356,2.839894832389071,3.18348730201427,3.2763875297721246,3.090997520043389,2.93430925335451,3.090600595313032,2,2,0,0,0.9121333333333332,0.9097333333333334,9.0,1.0,6.5,50.495049504950494,53.48837209302325,-102,-115,5,0
2024-25,2025-01-14,SJS,DET,694,3.1125379731959835,3.088351347946483,2.6285839893659673,3.25447533880382,3.11250480817267,2.9823970975886436,2.5919788394102152,3.328186242205905,1,2,0,0,0.8854333333333333,0.8845999999999999,3.0,11.0,5.5,55.55555555555556,48.78048780487805,-125,105,9,1
2024-25,2025-01-14,FLA,NJD,695,2.9606445770404988,2.6748323728282117,3.0680213733784343,3.008938769269748,3.1784143608717983,2.6095471402162738,3.2593606130787633,3.109507548364944,2,0,0,1,0.9092666666666668,0.89678,3.0,2.0,6.0,50.0,54.12844036697248,-100,-118,3,0
2024-25,2025-01-14,VGK,NSH,696,2.680689431835717,3.0823684357332266,3.1411028845768088,2.6372076719834534,2.971369295484155,2.916659031827703,3.194795430211307,2.992881126648608,2,1,0,0,0.9085481481481481,0.9008615384615385,11.0,2.0,6.0,51.21951219512195,53.48837209302325,-105,-115,8,1
2024-25,2025-01-14,OTT,NYI,697,2.8800718748489356,3.0281830508315917,2.827990388594144,2.8185692245591993,2.944827675726724,3.2373223279762464,2.7381457604461974,2.899528414524682,2,1,0,0,0.9178571428571429,0.9081125000000001,13.0,11.0,5.5,55.15695067264574,49.01960784313725,-123,104,2,0
2024-25,2025-01-14,SEA,PIT,698,3.01890400266522,3.4501536947330798,2.945715728834429,3.3319397427832707,3.0972298481831544,3.3728999632012924,3.10542112191718,3.535677085166159,1,1,0,0,0.8916,0.9133999999999999,0.0,4.0,6.0,51.21951219512195,53.48837209302325,-105,-115,6,
2024-25,2025-01-14,CGY,STL,699,3.0578480193041178,2.9748452201580693,2.8441798906999,2.9696038768525694,2.9593558189536213,2.9466029670083946,2.6886759918769765,3.2044246512576913,2,0,0,1,0.9025666666666666,0.885496551724138,2.0,8.0,5.5,54.54545454545454,49.26108374384236,-120,103,3,0
2024-25,2025-01-14,DAL,TOR,700,3.042717643848706,2.9846259158092945,3.1241799441594686,2.662440380177209,3.0349112978670303,2.7960237645617743,3.0266547058051376,2.860931794866405,2,1,0,0,0.9099,0.9084333333333333,10.0,6.0,5.5,54.54545454545454,50.0,-120,-100,5,0
2024-25,2025-01-14,MTL,UTA,701,2.7841947881900646,2.9494812247323337,3.067187730038056,3.0161226214482415,2.7131137524539217,3.0771688352936084,3.025826363540359,3.2113742498294684,2,2,0,0,0.9095999999999999,0.9014000000000001,6.0,2.0,6.0,52.38095238095239,52.38095238095239,-110,-110,8,1
2024-25,2025-01-14,VAN,WPG,702,3.191159419536905,2.6563787382484314,2.842721307337491,3.0042291559574723,3.343787787471001,2.489277249634722,2.865517842484283,2.7981336346296257,2,2,0,0,0.9255333333333333,0.9068,7.0,3.0,5.5,45.45454545454545,58.333333333333336,120,-140,7,1
2024-25,2025-01-14,ANA,WSH,703,3.2513833334059696,2.7331154083027807,2.7157910600280553,3.151243231015949,3.274793675589519,2.739009274558972,2.6764472454772985,3.1868762965632005,2,1,0,0,0.9155666666666666,0.8997518518518519,10.0,7.0,6.0,50.0,54.54545454545454,-100,-120,3,0
2024-25,2025-01-15,CAR,BUF,704,3.0664632975333053,3.290051421418815,3.055985730902973,2.8718255591918513,3.1864854365977644,3.3978763226199793,2.843790819455532,3.1562592334932416,3,2,0,0,0.9007333333333334,0.9057999999999999,4.0,6.0,6.0,50.73891625615764,53.48837209302325,-103,-115,6,
2024-25,2025-01-15,EDM,MIN,705,2.9192187309610205,2.9679866424316246,3.2558842504979246,2.7020015072071493,2.8536213598886224,3.1245070531334256,3.2395695895854693,2.8820088090502503,2,1,0,0,0.9108999999999999,0.9007384615384617,11.0,0.0,6.0,53.91705069124424,50.24875621890548,-117,-101,8,1
2024-25,2025-01-16,SJS,CBJ,706,3.3350455970600743,3.225724420785287,2.7411881368625677,3.2412094531887,3.7410691224915062,3.063949264080849,2.727635654828092,3.3084830584814453,1,1,0,0,0.8917666666666667,0.8849999999999999,8.0,11.0,6.0,51.21951219512195,53.48837209302325,-105,-115,5,0
2024-25,2025-01-16,EDM,COL,707,3.1843899532218405,2.829501036234727,3.307873191122894,2.7173139979017438,3.2599888202240894,3.0441543642548483,3.301765796136724,2.891666203667943,1,0,0,1,0.9124,0.9033,8.0,0.0,6.5,52.15311004784689,51.92307692307693,-109,-108,7,1
2024-25,2025-01-16,MTL,DAL,708,3.1507236731596437,2.6154330376818375,3.128976539351589,3.0161508335192764,3.2014755175282272,2.605102074865307,3.098055557616538,3.203653258810302,1,1,0,0,0.9097000000000002,0.9175769230769231,7.0,2.0,6.0,52.38095238095239,52.38095238095239,-110,-110,4,0
2024-25,2025-01-16,DET,FLA,709,3.0306423314959146,2.942591934008275,3.105558931438111,3.1790086449114026,3.015215566473768,2.9407533923010387,2.918403824419716,3.2328246403206102,1,1,0,0,0.9042,0.9062666666666667,2.0,4.0,5.5,51.21951219512195,53.48837209302325,-105,-115,7,1
2024-25,2025-01-16,CHI,NSH,710,2.7596945975059626,3.0771724294883924,2.7664525585682953,3.444437902698091,3.0511949376066148,2.919786298214431,2.659893873064196,3.426824775354574,1,2,0,0,0.9037999999999999,0.8953310344827586,11.0,4.0,6.0,52.15311004784689,52.38095238095239,-109,-110,5,0
2024-25,2025-01-16,PHI,NYI,711,2.787666291299537,2.992727909158903,3.0816292499787177,3.243194155211975,2.825831154551167,3.1799067888146815,2.995780312743886,3.363400326003949,1,1,0,0,0.9042666666666667,0.8884,12.0,4.0,5.5,53.91705069124424,50.73891625615764,-117,-103,8,1
2024-25,2025-01-16,WSH,OTT,712,2.802989400127343,2.729743527972102,3.238992424593302,2.650285739631865,3.1131510237770383,2.876152525558858,3.264378640808948,2.8487361615267623,1,1,0,0,0.9133588235294118,0.9170999999999999,12.0,10.0,5.5,52.38095238095239,52.38095238095239,-110,-110,1,0
2024-25,2025-01-16,CGY,STL,713,3.0214844408769648,2.910689341804212,2.7859477906483656,2.9373008876013316,2.9214986914555032,2.869580588859217,2.6261325099918644,3.151072549942194,1,1,0,0,0.907,0.9085666666666666,2.0,8.0,5.5,52.38095238095239,52.38095238095239,-110,-110,5,0
2024-25,2025-01-16,ANA,TBL,714,3.280837471784438,2.8687637924216074,2.6321768815358144,3.1421546206720303,3.464385103663008,2.6901451417185926,2.577460507971984,3.1752401486332555,1,1,0,0,0.9078666666666667,0.9071,0.0,7.0,6.5,50.495049504950494,53.48837209302325,-102,-115,7,1
2024-25,2025-01-16,NJD,TOR,715,2.9760028044314306,3.016379583331688,2.896059033898756,2.655981345932414,2.960582944062376,2.841458920625073,2.9054624972975014,2.8292270138840614,1,1,0,0,0.9078333333333333,0.9104666666666666,10.0,3.0,5.5,53.48837209302325,51.21951219512195,-115,-105,7,1
2024-25,2025-01-16,NYR,UTA,716,2.794545018210853,3.0159305929762277,2.813387267609728,3.1720951764500254,2.73294547084103,3.1481159882973238,2.8975478266786823,3.0827726164021203,1,1,0,0,0.9072,0.9092666666666667,6.0,1.0,6.0,51.21951219512195,53.48837209302325,-105,-115,8,1
2024-25,2025-01-16,LAK,VAN,717,2.7858929887480604,3.100124775846774,2.878432651516989,2.515401788499997,3.002565103276653,3.280842876186293,2.681561812415177,2.8109742463298466,1,2,0,0,0.9021777777777777,0.911,5.0,4.0,5.5,45.248868778280546,58.333333333333336,121,-140,6,1
2024-25,2025-01-16,SEA,WPG,718,3.277038916210029,2.6091823459384282,2.9793441199949293,3.2828456996239805,3.436760502022734,2.4423579878518056,3.1366264291422135,3.465004344908779,1,1,0,0,0.9260666666666667,0.9141999999999999,7.0,5.0,5.5,49.75124378109453,54.54545454545454,101,-120,3,0
2024-25,2025-01-17,PIT,BUF,719,3.0945781199064526,3.2431230070200003,2.98452046435244,3.458151208739649,3.2119166875704224,3.3369971376185386,2.9312269429437667,3.4389470995782756,1,2,0,0,0.9020666666666667,0.8912517241379312,4.0,1.0,6.0,54.12844036697248,50.24875621890548,-118,-101,7,1
2024-25,2025-01-17,VGK,CAR,720,3.0210119759754,2.9096443561932346,3.132116997731578,2.717097671822457,3.3484779507205995,2.671679146362232,3.1820111143718073,3.068143791577069,1,2,0,0,0.904,0.9054333333333333,4.0,2.0,6.0,51.92307692307693,52.60663507109005,-108,-111,5,0
2024-25,2025-01-18,VGK,CHI,721,2.7452377709574094,3.421776603008456,3.0938019310382154,2.7310488588075694,2.8887269755330034,3.236427583279221,3.1306151796676276,3.065850905929758,1,0,0,1,0.8981999999999999,0.8985407407407408,4.0,2.0,6.5,51.21951219512195,53.051643192488264,-105,-113,8,1
2024-25,2025-01-18,DAL,COL,722,3.1750333273384146,2.869260045229594,3.078693892661011,2.633828451434401,3.2428105965912386,3.0805888139566204,3.063527787520944,2.790959323237687,1,1,0,0,0.8998454545454545,0.9058478260869565,8.0,7.0,6.0,51.21951219512195,53.48837209302325,-105,-115,9,1
2024-25,2025-01-18,ANA,FLA,723,2.9981263381471464,3.009620110961181,2.6520609122277135,3.168848419774934,2.9777064803162583,3.0203022521626117,2.603102857477721,3.2060179274191776,1,1,0,0,0.9000888888888888,0.8991714285714286,2.0,7.0,6.0,51.45631067961165,53.051643192488264,-106,-113,3,0
2024-25,2025-01-18,TOR,MTL,724,3.122008877224419,2.950741351136526,3.009675940007686,3.016331604229991,3.0471032368491864,2.9933843496861265,3.0513894225006934,3.1417673982813197,1,1,0,0,0.901,0.9069666666666667,2.0,10.0,6.0,51.21951219512195,53.48837209302325,-105,-115,10,1
2024-25,2025-01-18,PHI,NJD,725,2.9029165631771168,2.706170630449438,3.142113396842214,3.2322805753958783,3.0902143996277944,2.5931925249852354,3.071157274991879,3.3442302674319873,1,1,0,0,0.8987869565217391,0.8887333333333333,2.0,6.0,6.0,50.0,54.12844036697248,-100,-118,4,0
2024-25,2025-01-18,MIN,NSH,726,2.7717408455642913,3.0415469356062106,2.9235798262097323,3.033693667364052,3.04850377250281,2.8858399421506298,3.092563790993392,2.7528168620345377,1,2,0,0,0.9041999999999999,0.9035916666666667,9.0,11.0,5.5,54.54545454545454,50.0,-120,-100,8,1
2024-25,2025-01-18,SJS,NYI,727,2.799119423016643,3.0580711850170443,2.690955352113668,3.26146922614782,2.83875849420243,3.2479088530097666,2.6689900663480146,3.328729965377662,1,1,0,0,0.9209333333333334,0.8859333333333332,9.0,13.0,5.5,54.54545454545454,49.504950495049506,-120,102,5,0
2024-25,2025-01-18,CBJ,NYR,728,2.887870159018053,3.1648669130893197,3.350577196745461,3.1510145690602775,2.8589166097944463,3.1942512052651253,2.7563599039611253,3.4283713909037847,1,1,0,0,0.9091333333333333,0.8840999999999999,1.0,8.0,6.5,52.38095238095239,52.38095238095239,-110,-110,1,0
2024-25,2025-01-18,BOS,OTT,729,2.7155608698223337,2.6779343323236806,2.8594976610618197,3.0890289218259808,2.9895792391367366,2.8003848007128633,2.711057966189881,3.44144187087538,1,3,0,0,0.9161111111111112,0.9038333333333334,11.0,7.0,5.5,51.21951219512195,53.48837209302325,-105,-115,11,1
2024-25,2025-01-18,LAK,SEA,730,2.917609235126315,3.238000012010221,2.9498220278105074,2.475688872432299,2.7834175990981826,2.90466782408759,2.771394023919952,2.7516420145983007,1,1,0,0,0.9151333333333334,0.9117333333333334,4.0,4.0,5.5,46.51162790697674,57.446808510638306,115,-135,6,1
2024-25,2025-01-18,DET,TBL,731,3.300796587298325,2.8770017871850637,3.165003612072794,3.138814366081484,3.4808086638512137,2.7074868338551963,3.0019222286228233,3.1816662332267978,1,1,0,0,0.9080666666666667,0.9084000000000001,1.0,3.0,6.0,54.337899543378995,50.0,-119,-100,6,
2024-25,2025-01-18,STL,UTA,732,2.8059033690951463,3.080373530132489,3.0536137209984466,2.8530074019392826,2.754412729518638,3.214389398158126,2.990145041268401,3.062347395478662,1,1,0,0,0.8894583333333334,0.9039666666666666,7.0,2.0,6.0,51.21951219512195,53.48837209302325,-105,-115,6,
2024-25,2025-01-18,EDM,VAN,733,2.733155111101469,3.159899256742966,3.324954408961774,2.7315454054947437,2.9318993775200735,3.3364743959735104,3.31946738991782,2.9016338701433204,1,1,0,0,0.8958578947368421,0.9028333333333334,5.0,0.0,6.0,51.21951219512195,53.48837209302325,-105,-115,5,0
2024-25,2025-01-18,CGY,WPG,734,3.2321734077025903,2.565261833468838,2.733664987443476,2.9735634301024474,3.382127067440473,2.3944521007155073,2.56599604967661,3.1885417487803984,1,1,0,0,0.8891500000000001,0.9071,5.0,8.0,6.0,50.0,54.12844036697248,-100,-118,4,0
2024-25,2025-01-18,PIT,WSH,735,3.1628389588328774,2.571191427104907,3.049202738464242,3.404863173611579,3.2619550488324234,2.63537496479548,3.0068720071132415,3.381367055105719,1,0,0,1,0.9189,0.9046444444444445,8.0,0.0,6.0,50.24875621890548,54.12844036697248,-101,-118,5,0
2024-25,2025-01-19,DET,DAL,736,3.0747604268857263,2.747370443279733,3.092423235597543,3.195005983695898,3.1170426360518215,2.6229780951284596,2.9180467210048393,3.252573149554207,0,0,1,1,0.9097000000000002,0.9038222222222222,7.0,3.0,6.0,51.21951219512195,53.48837209302325,-105,-115,5,0
2024-25,2025-01-19,NYR,MTL,737,3.115697064374747,3.080331013053863,2.82860739720522,3.0601206445281526,3.0498789048880353,3.140529365892371,2.9720678002297136,3.083573786419738,0,0,1,1,0.921457142857143,0.9042,2.0,1.0,6.5,49.504950495049506,54.337899543378995,102,-119,9,1
2024-25,2025-01-19,OTT,NJD,738,2.8440711832784475,2.719907398756528,2.826156022890529,2.75850729150441,3.0171298242394715,2.608671628355266,2.708279356558501,2.796073301659172,0,0,1,1,0.9101333333333332,0.8859416666666666,2.0,11.0,5.5,54.12844036697248,50.24875621890548,-118,-101,3,0
2024-25,2025-01-20,SJS,BOS,739,2.92981302746331,3.179776716401982,2.6416519525200752,3.27898017899523,2.9829103409541675,2.675198779100229,2.606330634764571,3.351684221949552,1,1,0,0,0.8911749999999999,0.9315666666666667,8.0,13.0,5.5,55.55555555555556,48.78048780487805,-125,105,9,1
2024-25,2025-01-20,CAR,CHI,740,2.8221042341671647,3.402038755884108,3.0206283964877256,2.8829671407411963,2.9806562010142312,3.2148604125900166,2.8086173963064103,3.191362340286487,1,2,0,0,0.8987999999999999,0.9342428571428572,4.0,4.0,6.0,50.495049504950494,53.48837209302325,-102,-115,7,1
2024-25,2025-01-20,MIN,COL,741,3.2620295299612883,2.876291661812928,2.8957717619327465,3.1274749491490352,3.349277175912448,3.0688658940371996,3.0421845276727026,2.8870566744680217,1,1,0,0,0.9111333333333334,0.9013800000000001,8.0,10.0,6.0,51.21951219512195,53.48837209302325,-105,-115,4,0
2024-25,2025-01-20,PIT,LAK,742,2.9196199838082095,2.5332792404115914,2.984046902176762,3.416960865715112,3.2559179204592397,2.4258128550312903,2.928157624298516,3.40035909255107,1,1,0,0,0.8981666666666667,0.8942,4.0,0.0,5.5,53.48837209302325,50.98039215686274,-115,-104,6,1
2024-25,2025-01-20,CBJ,NYI,743,2.840030406671241,2.990642937251216,3.2376155387070447,3.0795657433092987,2.891427399588505,3.1491934729123905,2.6509877356682483,3.3301398269904943,1,1,0,0,0.9029333333333334,0.8926999999999999,9.0,7.0,5.5,54.75113122171946,50.0,-121,-100,4,0
2024-25,2025-01-20,BUF,SEA,744,2.952187199273978,3.1937049939845448,3.05813879484426,3.2949975899183332,2.83675652560815,2.866940646624404,2.930737332193098,3.0947611752080535,1,2,0,0,0.9155999999999999,0.8888222222222222,4.0,5.0,5.5,54.54545454545454,50.0,-120,-100,10,1
2024-25,2025-01-20,TBL,TOR,745,3.1363384518533897,3.016169743372031,3.3499190830801027,2.8190186617611355,3.005339485831239,2.846076534529004,3.1671102369494917,3.1112130637779294,1,1,0,0,0.9072333333333333,0.8960999999999999,12.0,1.0,6.5,51.21951219512195,53.48837209302325,-105,-115,8,1
2024-25,2025-01-20,WPG,UTA,746,2.8477834731416265,3.045023041466487,3.1583371348856346,2.587195778481604,2.8114780915592554,3.1602946774820486,3.0880395804022465,2.9739155218352735,1,1,0,0,0.8904599999999999,0.9262666666666667,7.0,4.0,5.5,54.54545454545454,50.0,-120,-100,7,1
2024-25,2025-01-20,STL,VGK,747,3.091068703355086,2.8095609755136417,3.0200847183237056,2.892510386532766,3.180901891221509,2.5550909829768167,2.950286888943427,3.100879850830966,1,1,0,0,0.9051666666666667,0.9035,4.0,2.0,5.5,54.54545454545454,50.0,-120,-100,9,1
2024-25,2025-01-21,FLA,ANA,748,2.5752277519417017,3.161954246971165,2.9995830311400846,2.91564146916288,2.8359547515034422,3.0106588951429782,3.1998180133454714,3.032496751214725,2,2,0,0,0.9072333333333334,0.9022,6.0,2.0,5.5,54.54545454545454,50.0,-120,-100,7,1
2024-25,2025-01-21,CAR,DAL,749,3.1055866212526597,2.6989871526060667,3.0535235339180495,2.89095003482745,3.153011880698311,2.5711193440365836,2.8595328414387753,3.183625604538119,1,0,0,1,0.9112333333333335,0.9049333333333334,6.0,4.0,5.5,54.54545454545454,50.0,-120,-100,3,0
2024-25,2025-01-21,WSH,EDM,750,3.278248060221482,2.745629606031401,3.188321598269093,2.530399275173723,3.1621789658534043,2.688153656674242,3.1668567965973287,2.7499757979531387,2,2,0,0,0.9025666666666667,0.9193,0.0,8.0,5.5,54.75113122171946,49.504950495049506,-121,102,5,0
2024-25,2025-01-21,TBL,MTL,751,3.1754795237028404,3.1100997647915762,3.333774684171582,2.8927064288987947,3.1254995426437775,3.1717121185049137,3.157529323794051,3.1825754539537616,1,0,0,1,0.8990666666666667,0.9097333333333334,2.0,1.0,6.5,50.0,54.54545454545454,-100,-120,5,0
2024-25,2025-01-21,SJS,NSH,752,2.8791644174191604,3.008226620809839,2.660693894302161,3.3613729038487414,3.1682212392571847,2.8479538620266016,2.629352813025707,3.44408752140676,2,0,0,1,0.9047333333333334,0.8856666666666667,7.0,12.0,6.0,50.98039215686274,53.48837209302325,-104,-115,12,1
2024-25,2025-01-21,OTT,NYR,753,2.871941465685013,3.1238675448119033,2.8053889345852054,2.7093066456576307,2.7976733191634033,3.0627344496820648,2.6896527965842227,2.738133957281395,1,1,0,0,0.9108666666666667,0.9105421052631579,1.0,11.0,5.5,54.54545454545454,50.24875621890548,-120,-101,5,0
2024-25,2025-01-21,DET,PHI,754,3.1364992808394554,3.1590197655822614,3.0270879818501704,3.21988392234763,3.149693133908258,3.130767217389148,2.844659803212918,3.283466367863283,2,1,0,0,0.8892666666666666,0.9013714285714285,6.0,3.0,6.0,52.38095238095239,52.38095238095239,-110,-110,3,0
2024-25,2025-01-21,BUF,VAN,755,2.747158753777506,3.121060461106469,3.0892624756774274,3.378017232761576,2.9414100053910555,3.2757090088274095,2.9715753322521796,3.210850574499511,2,0,0,1,0.8945000000000001,0.9005333333333334,6.0,5.0,6.0,50.98039215686274,53.48837209302325,-104,-115,5,0
2024-25,2025-01-22,WPG,COL,756,3.187220537092319,2.8832474491672064,3.1196421478454153,2.6707852349665364,3.259359949274662,3.063648076968048,3.0424367941228194,3.0553675106696216,1,1,0,0,0.9105333333333333,0.9248666666666666,8.0,2.0,5.5,53.48837209302325,51.21951219512195,-115,-105,5,0
2024-25,2025-01-22,FLA,LAK,757,2.860776756805277,2.621520364394333,3.0619286965624077,2.8875314850614857,3.1627109728978677,2.542104958713591,3.260166198580254,2.9944118386459535,1,0,0,1,0.9102,0.9051928571428572,4.0,2.0,5.5,50.24875621890548,54.12844036697248,-101,-118,3,0
2024-25,2025-01-22,BOS,NJD,758,2.7889530014661963,2.7022051003117458,3.0286402799778713,3.171924722121108,2.945160139559141,2.59178447734249,2.796682481372627,3.5352309731647757,2,1,0,0,0.9099333333333334,0.9034999999999999,3.0,10.0,5.5,51.92307692307693,52.15311004784689,-108,-109,6,1
2024-25,2025-01-22,CBJ,TOR,759,3.1926909236156606,3.0153381341778127,3.1632014255938943,3.0761084531033216,3.0802915771621673,2.8504266108309824,2.59095252735489,3.3167929375876306,1,1,0,0,0.8980333333333335,0.8925,14.0,8.0,6.5,52.38095238095239,52.38095238095239,-110,-110,6,0
2024-25,2025-01-23,PIT,ANA,760,2.562834149236024,3.2158252368747764,3.0480276959479826,3.334364562245202,2.8080230623242173,3.0817252878957224,3.00441400732351,3.306181036386827,1,2,0,0,0.9018827586206897,0.8962,5.0,1.0,6.0,53.48837209302325,51.21951219512195,-115,-105,6,
2024-25,2025-01-23,OTT,BOS,761,2.9647435500547545,3.226704762110418,2.7180888265276173,2.784816536428979,3.1005227939761983,2.691023924872901,2.5918550705854386,2.827242744939863,0,1,1,0,0.8907076923076923,0.8865692307692308,10.0,10.0,5.5,52.83018867924528,51.45631067961165,-112,-106,2,0
2024-25,2025-01-23,CBJ,CAR,762,3.0166927839422972,2.8305069282993784,3.217599005605821,3.0086921178203574,3.338640552596689,2.6417563836748275,2.685918248285199,3.2254821030687104,1,0,0,1,0.9306666666666668,0.8887727272727273,4.0,8.0,6.0,53.48837209302325,51.21951219512195,-115,-105,11,1
2024-25,2025-01-23,BUF,CGY,763,2.746808876371734,2.9111756601489613,3.0842103093969997,3.327259693513806,3.0093466018791353,2.81920085737483,2.9686429894807933,3.163751802323485,4,1,0,0,0.9091666666666666,0.9016,8.0,5.0,5.5,54.54545454545454,49.504950495049506,-120,102,7,1
2024-25,2025-01-23,MTL,DET,764,2.961323901091118,3.1763435774369895,3.166660094407998,3.0728434624768624,3.1126652826861756,3.083915038419832,3.0829627818438863,3.125137282769816,1,1,0,0,0.9050666666666667,0.9002,5.0,2.0,6.0,52.83018867924528,51.45631067961165,-112,-106,6,
2024-25,2025-01-23,VAN,EDM,765,3.2325297878571355,2.7575081209147223,2.727317393009403,3.114662401372568,3.122073877596193,2.6983607435957726,2.783925165651081,2.9370818682714077,1,1,0,0,0.9014333333333334,0.8940809523809524,0.0,5.0,5.5,54.54545454545454,49.75124378109453,-120,101,8,1
2024-25,2025-01-23,UTA,MIN,766,2.901694305391084,3.0588491429347995,2.9191281629890855,3.011479045832869,2.873907846973828,3.183792272908304,2.98997214495899,2.8891506528374995,2,2,0,0,0.9094333333333334,0.9055333333333332,6.0,7.0,6.0,51.21951219512195,53.48837209302325,-105,-115,4,0
2024-25,2025-01-23,PHI,NYR,767,2.9399595852898557,3.0214763258981834,3.097136658585189,3.087051546199512,2.8910886175846042,2.935715925711535,3.055222795913565,3.262212819106249,1,1,0,0,0.9121333333333334,0.8917333333333333,1.0,6.0,5.5,54.54545454545454,50.0,-120,-100,7,1
2024-25,2025-01-23,WSH,SEA,768,3.0506152263854815,3.217375523278617,3.1788306029797786,2.5213652897715058,2.9684380067917666,2.905030728292451,3.1482883899064684,2.7349047938578988,2,1,0,0,0.9144,0.9034999999999999,4.0,8.0,5.5,53.48837209302325,51.21951219512195,-115,-105,3,0
2024-25,2025-01-23,NSH,SJS,769,2.7391238707394407,3.4685885027178935,3.011500946962806,3.070756343194916,2.8529702059406103,3.1832218947147033,2.5005384846711993,3.1996721026608186,1,1,0,0,0.9282157894736841,0.9076482758620691,11.0,7.0,6.0,54.54545454545454,50.0,-120,-100,11,1
2024-25,2025-01-23,VGK,STL,770,3.082505025738335,2.929617817880759,3.118627666700248,2.88247192824323,2.978727976551728,2.7907028450703155,3.1120005666683,3.1538768443037677,2,2,0,0,0.9093923076923076,0.8951285714285715,2.0,7.0,6.0,53.48837209302325,51.21951219512195,-115,-105,6,
2024-25,2025-01-24,TBL,CHI,771,2.8320475018241185,3.4153278972566006,3.2861006728753557,2.898366298467045,2.9883858594288433,3.236146379803929,3.104899531568422,3.179365896408841,3,2,0,0,0.8978,0.8942619047619047,5.0,1.0,6.5,56.14035087719298,47.61904761904761,-128,110,7,1
2024-25,2025-01-24,VGK,DAL,772,3.0368396785194633,2.6816919907827037,3.1449762724191936,2.8572719644506424,3.0760315686376707,2.552525920298711,3.142997849657397,3.108845790941015,2,0,0,1,0.9109666666666667,0.9040333333333334,6.0,6.0,6.0,48.78048780487805,55.55555555555556,105,-125,7,1
2024-25,2025-01-24,PHI,NYI,773,2.849879524147279,2.929630417223321,3.031131204462691,3.1785529293168926,2.907639281401941,3.058918296435272,2.9798377888165217,3.3596621858312066,3,0,0,1,0.9041333333333335,0.8494521739130434,11.0,6.0,5.5,54.54545454545454,49.26108374384236,-120,103,4,0
2024-25,2025-01-24,UTA,WPG,774,3.1142727980119624,2.655746460044499,2.9552270301409846,2.916574823405388,3.296098439361311,2.4223875546871496,3.027783748889311,2.785015759568483,1,0,0,1,0.9248666666666666,0.8915153846153847,2.0,7.0,5.5,53.70370370370371,50.495049504950494,-116,-102,7,1
2024-25,2025-01-25,NSH,ANA,775,2.6487495517142383,3.143967943218859,3.1075539472856883,3.13229494325098,2.9017159979205935,2.9982725171827345,2.6408786284017953,3.266945422269523,1,1,0,0,0.9042666666666667,0.9025333333333333,5.0,7.0,6.0,54.54545454545454,50.0,-120,-100,7,1
2024-25,2025-01-25,COL,BOS,776,2.93702486205256,3.1237396759252185,3.1476401107025036,2.8897895224288144,3.0660801670683333,2.5944956497659937,3.088443725449528,2.873334597262686,1,2,0,0,0.9027666666666666,0.8996956521739131,9.0,8.0,6.0,49.504950495049506,54.54545454545454,102,-120,4,0
2024-25,2025-01-25,LAK,CBJ,777,3.240811446130274,3.136231221342504,2.8363970226288675,2.577026991585012,3.748130468661778,2.974199129968706,2.7369508373153284,2.814245333200523,1,2,0,0,0.8941666666666667,0.9115333333333333,7.0,2.0,6.0,48.78048780487805,55.55555555555556,105,-125,5,0
2024-25,2025-01-25,TBL,DET,778,2.995409603815489,3.136959257756873,3.3038333042447037,2.9033808879649943,3.148013719140923,3.039143493161923,3.13120153188328,3.17387422569761,1,0,0,1,0.9058666666666667,0.909,5.0,0.0,6.5,50.0,54.54545454545454,-100,-120,2,0
2024-25,2025-01-25,BUF,EDM,779,3.315488269234514,2.7375011444313686,3.048547404105652,3.37432179792517,3.2297853040235283,2.673803932423501,2.927219954262751,3.2346857501008777,1,1,0,0,0.9013000000000001,0.8978736842105263,0.0,3.0,6.5,53.48837209302325,51.21951219512195,-115,-105,5,0
2024-25,2025-01-25,CGY,MIN,780,2.8109447711440576,3.086509398172692,2.8223774387712246,2.88346457113785,2.770640266782746,3.205836790670975,2.580206074327952,3.1108407144136776,1,1,0,0,0.9037615384615384,0.9098333333333334,6.0,8.0,5.5,54.12844036697248,50.0,-118,-100,9,1
2024-25,2025-01-25,NJD,MTL,781,3.127230595387521,3.100995041690941,2.8623363948705323,2.654569031627359,3.12777245892922,3.1140912897041995,2.8986980736271604,2.8907156263437854,1,2,0,0,0.9169,0.9008600000000001,2.0,4.0,6.0,52.38095238095239,52.38095238095239,-110,-110,7,1
2024-25,2025-01-25,CAR,NYI,782,2.8565255653008434,2.8691376891458096,3.1433091160225395,2.871927536930099,2.9171103053157292,2.9742951643269135,2.81996291791318,3.1061419580895993,0,1,1,0,0.922625,0.9060666666666666,11.0,4.0,5.5,55.55555555555556,48.78048780487805,-125,105,5,0
2024-25,2025-01-25,TOR,OTT,783,2.637858390770265,2.7643667422883125,3.12113935416141,3.077989034857772,3.121146021151335,2.8781258907764107,3.1928898933411274,3.147533237487901,1,2,0,0,0.8893814814814816,0.9070333333333332,10.0,16.0,5.5,53.051643192488264,51.21951219512195,-113,-105,3,0
2024-25,2025-01-25,PIT,SEA,784,2.9531850606919443,3.2060816935776377,2.9829708063248392,3.3806941919521005,2.8622340831775475,2.90619589994497,2.922223244091814,3.37042575204398,1,1,0,0,0.9148666666666666,0.9045736842105264,4.0,2.0,5.5,53.48837209302325,50.495049504950494,-115,-102,5,0
2024-25,2025-01-25,FLA,SJS,785,2.8137824628601336,3.5393539373440226,2.9949962718994283,2.860447316090747,2.9406239756939985,3.2790595603142334,3.16137788211549,2.965693301283607,1,2,0,0,0.8846666666666666,0.9030666666666666,15.0,1.0,6.0,53.48837209302325,51.21951219512195,-115,-105,9,1
2024-25,2025-01-25,DAL,STL,786,3.0463526090590656,2.9636758130503167,3.065591379540691,2.696188019739062,2.945265778111016,2.8357719952969753,3.045427112075971,2.9329685707607145,1,0,0,1,0.9029,0.9013249999999999,2.0,6.0,5.5,54.54545454545454,50.0,-120,-100,2,0
2024-25,2025-01-25,WSH,VAN,787,2.7079142603326276,3.202871166233849,3.16886394948255,2.4488090306064625,2.911717938507065,3.251208053557226,3.136203429155924,2.638902639334382,1,1,0,0,0.9044000000000001,0.9061666666666667,7.0,8.0,5.5,48.78048780487805,55.55555555555556,105,-125,3,0
2024-25,2025-01-26,MIN,CHI,788,2.8377619177897775,3.4242136038225963,2.8505426904101556,3.1441677957671725,2.9902476043458837,3.25263442677471,3.0301058233073515,2.8253492260449273,1,0,0,1,0.8996666666666667,0.9083666666666665,4.0,6.0,6.0,52.38095238095239,52.38095238095239,-110,-110,6,
2024-25,2025-01-26,COL,NYR,789,3.035623383952638,2.95562251230213,3.075062956500772,2.8922603716563207,3.011557690172138,2.8587887457841643,3.0039146115622226,2.8787613395389147,2,0,0,1,0.9134,0.9099333333333333,1.0,6.0,6.0,51.21951219512195,53.48837209302325,-105,-115,9,1
2024-25,2025-01-26,UTA,OTT,790,2.6230670716470343,2.712046012606299,2.9241809066562743,2.9819408653307526,3.074823699652862,2.8074403121839677,2.9846860644847633,2.8715486745974457,0,1,1,0,0.90945,0.9075333333333333,10.0,7.0,5.5,53.70370370370371,50.495049504950494,-116,-102,4,0
2024-25,2025-01-26,FLA,VGK,791,3.1355132656367726,2.8931437003915605,3.1199737833221546,2.8354108673359315,3.2114090087053335,2.644747954200708,3.2975660561211337,2.9304365059538084,1,0,0,1,0.9028333333333334,0.9061137931034483,6.0,1.0,6.0,51.21951219512195,53.48837209302325,-105,-115,5,0
2024-25,2025-01-26,CGY,WPG,792,3.16893397190867,2.6386332144597797,2.8932937745675518,2.919777186553351,3.352774524317793,2.411743985299288,2.677847868152897,3.142038192128775,1,0,0,1,0.8898714285714286,0.8865666666666667,2.0,10.0,5.5,54.54545454545454,50.0,-120,-100,7,1
2024-25,2025-01-27,LAK,DET,793,2.9622968326002876,3.034185054804988,2.810463526696043,2.5955337388965924,3.1040884982487644,2.924293171522775,2.710361967653979,2.824768600937891,1,1,0,0,0.9082666666666666,0.9104,7.0,2.0,5.5,51.21951219512195,53.48837209302325,-105,-115,7,1
2024-25,2025-01-27,SEA,EDM,794,3.299445777257744,2.7180418916309397,2.9862541881889664,3.1330403512482765,3.2188143033233696,2.6520239774324095,3.0367918727076058,3.415327955257407,1,1,0,0,0.9023714285714286,0.916,0.0,4.0,6.5,52.83018867924528,51.21951219512195,-112,-105,6,0
2024-25,2025-01-27,NJD,PHI,795,2.9645765019111328,3.167486205965542,2.8989546700026914,2.6699792690563537,3.1091842778660266,3.034730645017543,2.9363775919987702,2.8989391116337533,2,1,0,0,0.8904666666666666,0.901123076923077,7.0,6.0,5.5,50.73891625615764,53.70370370370371,-103,-116,6,1
2024-25,2025-01-27,PIT,SJS,796,2.791334870386873,3.637662168941222,2.920875608496422,3.3930767103157575,2.9099571860500104,3.4070431247528004,2.8494327871777294,3.3892355524352356,1,1,0,0,0.9197476190476191,0.8956666666666667,15.0,3.0,6.5,52.83018867924528,51.21951219512195,-112,-105,3,0
2024-25,2025-01-27,VAN,STL,797,2.94854816439727,2.932464800631912,2.6898483366623696,3.1292451749308476,2.839417587447827,2.8012066773089264,2.7494841060372033,3.0582188811132687,1,1,0,0,0.9029,0.9062,2.0,7.0,5.5,46.2962962962963,57.446808510638306,116,-135,7,1
2024-25,2025-01-28,BOS,BUF,798,3.0135242180055357,3.3549278634878457,2.937153647640159,3.0524754598769532,3.177162474767567,3.3749187375529313,2.7236747157885177,3.5859919611164606,2,2,0,0,0.9012,0.9039666666666667,3.0,9.0,6.0,50.0,54.54545454545454,-100,-120,9,1
2024-25,2025-01-28,WSH,CGY,799,2.8678777908368365,2.9876085960607184,3.0980676584072837,2.4442824995092542,3.0906129160494906,2.7828027017055583,3.0493500005226712,2.6285403575326254,1,2,0,0,0.9083000000000001,0.9196333333333333,10.0,8.0,5.5,54.54545454545454,50.0,-120,-100,4,0
2024-25,2025-01-28,WPG,MTL,800,3.119579251253764,3.126017759934163,3.2236407792538055,2.625241197526466,3.1227646661490858,3.1386849875573675,3.0272202116003646,3.02184944075382,2,1,0,0,0.9005333333333333,0.9244666666666668,2.0,2.0,5.5,54.12844036697248,50.0,-118,-100,5,0
2024-25,2025-01-28,COL,NYI,801,2.8615354453536943,2.8420233938399404,3.134025464487013,2.9288136744938154,2.9230242951467527,2.9327234337044645,3.07289372255198,2.9272482319771993,2,1,0,0,0.9056000000000001,0.9093333333333332,15.0,6.0,6.0,48.78048780487805,55.55555555555556,105,-125,7,1
2024-25,2025-01-28,CAR,NYR,802,3.065696481473167,3.020973063592351,3.103370507516855,2.8763884266756783,3.0540622618435247,2.936444381187392,2.787152074518955,3.102294304510698,1,2,0,0,0.9114,0.9243875,1.0,5.0,5.5,54.54545454545454,49.75124378109453,-120,101,4,0
2024-25,2025-01-28,ANA,SEA,803,2.955210860225137,3.157343797304635,2.7255980591357782,3.1026261868535143,2.9074606786445245,2.8346449366239215,2.4964245650962464,3.205820673967658,0,2,1,0,0.8795333333333334,0.9069,4.0,5.0,6.0,50.0,54.54545454545454,-100,-120,10,1
2024-25,2025-01-28,CHI,TBL,804,3.1929911253368495,2.8750184313253633,2.8150569033891353,3.435919184848201,3.5394820761296635,2.633951741310071,2.6261568763362364,3.4141361434219304,2,1,0,0,0.8919999999999999,0.8975333333333334,1.0,4.0,6.5,54.54545454545454,49.26108374384236,-120,103,5,0
2024-25,2025-01-28,DAL,VGK,805,3.160666328248885,2.836089773680293,3.029994882995541,2.615671146261355,3.238927080204622,2.5898262521853415,3.002002912014836,2.8242278797606954,1,2,0,0,0.9048333333333333,0.9100999999999999,6.0,6.0,6.0,49.504950495049506,54.54545454545454,102,-120,7,1
2024-25,2025-01-29,LAK,FLA,806,3.052408026287995,2.875150680239474,2.788719082261023,2.6791446869015694,2.989876906405826,2.8925807517795414,2.6906455906610405,2.9070788056051886,2,1,0,0,0.9033333333333332,0.9085333333333333,1.0,0.0,5.5,48.78048780487805,55.55555555555556,105,-125,3,0
2024-25,2025-01-29,PHI,NJD,807,2.8724041016473816,2.716638633661457,2.997199401706686,3.1279368953311297,3.026784684013482,2.5326261686869413,2.900847914144438,3.3409245552091873,1,1,0,0,0.9003888888888888,0.8921333333333333,6.0,6.0,5.5,53.48837209302325,51.21951219512195,-115,-105,5,0
2024-25,2025-01-29,VAN,NSH,808,3.067807557219002,3.185880605934975,2.767837896943783,3.0917474285872286,3.317249197414244,2.918371390228441,2.837654676091256,3.018743879466161,3,1,0,0,0.9015333333333333,0.8900545454545455,7.0,3.0,5.5,54.54545454545454,50.0,-120,-100,4,0
2024-25,2025-01-29,MIN,TOR,809,3.0502293968940015,3.04046324410866,2.888465544545863,3.105316028596564,3.009841831018981,2.919658735320449,3.060857287300364,2.8013304120455427,3,2,0,0,0.9071666666666667,0.9081666666666666,15.0,8.0,5.5,53.271028037383175,51.21951219512195,-114,-105,4,0
2024-25,2025-01-29,PIT,UTA,810,2.863308403623219,2.981078945686124,2.860994308125395,3.341655346287287,2.9024666812991877,3.100194691108689,2.7841989078760703,3.329894163374515,2,1,0,0,0.8902148148148149,0.8966666666666667,6.0,2.0,6.0,52.38095238095239,52.38095238095239,-110,-110,5,0
2024-25,2025-01-30,WPG,BOS,811,2.907829898020989,3.1731828418990053,3.242588636264617,2.57955782572257,3.0597810278848536,2.536865915035023,3.061642829715202,2.943909369226217,1,1,0,0,0.8953925925925925,0.925,6.0,4.0,5.5,52.38095238095239,52.38095238095239,-110,-110,8,1
2024-25,2025-01-30,CHI,CAR,812,3.1286314021750603,2.787751817963194,2.8538781232655714,3.3508704759655767,3.4696841580577793,2.6923497957368,2.683004929387245,3.3143664572800446,1,1,0,0,0.9057333333333334,0.8997333333333334,5.0,4.0,6.0,53.48837209302325,51.21951219512195,-115,-105,5,0
2024-25,2025-01-30,ANA,CGY,813,2.809782939050281,2.986523613175156,2.8319904935088887,3.128218644411664,3.007932784748587,2.7951043730483605,2.634681922495432,3.2299087453554693,1,1,0,0,0.9074333333333333,0.9041333333333335,10.0,5.0,6.0,51.21951219512195,53.48837209302325,-105,-115,5,0
2024-25,2025-01-30,DET,EDM,814,3.3145685774181963,2.698622386165978,3.0252126071485996,2.9997265321789612,3.2410583963984103,2.6329776788649353,2.7639915142755855,3.229830474118984,2,2,0,0,0.9029,0.9021689655172414,1.0,6.0,6.5,53.051643192488264,51.21951219512195,-113,-105,5,0
2024-25,2025-01-30,MIN,MTL,815,3.0495097677692566,3.149542219762492,2.8930870485238223,3.037094568700238,3.040219692559343,3.166237353995566,3.056025824281866,2.740110012429201,1,0,0,1,0.9155000000000001,0.9006925925925926,4.0,8.0,6.0,52.38095238095239,52.38095238095239,-110,-110,4,0
2024-25,2025-01-30,WSH,OTT,816,2.6385760785318912,2.660657421125546,3.090717929931461,2.4058838682708634,3.0689233934050892,2.7382325016492133,3.046159878145526,2.5709492809550993,3,1,0,0,0.8925785714285713,0.9066333333333333,9.0,8.0,5.5,46.51162790697674,57.446808510638306,115,-135,9,1
2024-25,2025-01-30,NYI,PHI,817,2.902798355518787,3.182827449340264,2.929800445804504,2.817022093681573,3.1367605078800587,2.9947594267861217,2.811906596915483,2.8934568161646843,0,1,1,0,0.85258,0.9063333333333333,7.0,15.0,5.5,53.48837209302325,51.21951219512195,-115,-105,3,0
2024-25,2025-01-30,SJS,SEA,818,2.986781512304533,3.2414429629634753,2.767892016092694,3.542707300966943,2.9451711749446607,2.9512970644266225,2.7101581692043974,3.5649796329730608,1,2,0,0,0.9156666666666666,0.9220090909090909,5.0,15.0,6.0,53.48837209302325,51.21951219512195,-115,-105,8,1
2024-25,2025-01-30,LAK,TBL,819,3.1186990068247815,2.910334093676068,2.7023178902422895,2.6926015870122604,3.430142198584902,2.690309788921019,2.598035922261414,2.9109615520820946,1,0,0,1,0.9101333333333333,0.8961666666666666,2.0,0.0,5.5,54.54545454545454,50.0,-120,-100,3,0
2024-25,2025-01-30,CBJ,VGK,820,3.150348959919886,2.8725938962851214,3.2243128828849206,3.0934785444548907,3.2243579849001223,2.643921612120806,2.7316760302883645,3.361940216006705,1,4,0,0,0.8949068965517242,0.8953,6.0,6.0,6.5,49.504950495049506,54.54545454545454,102,-120,3,0
2024-25,2025-01-31,NSH,BUF,821,3.135193006588469,3.3036113609842257,2.999109950784234,3.1742731392744714,3.3103770066107163,3.3140074719298314,2.6151135619755004,3.321063721231279,2,1,0,0,0.9017333333333333,0.9053,3.0,6.0,6.5,54.12844036697248,50.73891625615764,-118,-103,7,1
2024-25,2025-01-31,STL,COL,822,3.0938597849060927,2.991830609381552,2.9173866576819063,2.995691108575923,3.2088815978171326,3.047248685997777,3.0127837419704133,3.1320739736618313,2,3,0,0,0.9082666666666667,0.9089714285714285,6.0,3.0,6.0,51.21951219512195,53.48837209302325,-105,-115,5,0
2024-25,2025-01-31,VAN,DAL,823,3.056557436145918,2.630929017058515,2.7764389829320573,3.0221122486101843,3.1067683920748066,2.565398286130494,2.8425837084706362,2.94222807919884,2,1,0,0,0.9097000000000002,0.8945956521739129,11.0,3.0,5.5,50.0,54.54545454545454,-100,-120,8,1
2024-25,2025-01-31,CBJ,UTA,824,2.837352524267299,2.9807405637587903,3.1822077932589874,3.026463824288884,2.872211262526844,3.0900589854110603,2.7066330485351604,3.272326537355414,1,0,0,1,0.907,0.8871043478260868,8.0,6.0,6.0,52.38095238095239,52.60663507109005,-110,-111,5,0
2024-25,2025-02-01,NYR,BOS,825,2.8799683364574857,3.2567288004660817,2.965755056032355,3.048396419430477,3.0218095995739414,2.666312803838704,2.9967273458108266,3.157173447663324,1,3,0,0,0.9022333333333333,0.9104,5.0,1.0,6.0,52.38095238095239,52.38095238095239,-110,-110,9,1
2024-25,2025-02-01,LAK,CAR,826,3.121452520693268,2.7658131559005685,2.62219935031211,2.7071646252355728,3.4467866724295044,2.6674146900515736,2.509941365192151,2.9199387511316006,1,1,0,0,0.9283235294117648,0.9096,5.0,2.0,5.5,52.15311004784689,52.38095238095239,-109,-110,6,1
2024-25,2025-02-01,DET,CGY,827,2.8494730746913772,2.9237788629128114,3.02343468908775,2.9679702061790847,3.0467927868719595,2.7290684290238936,2.773804977053209,3.1812656342945855,1,1,0,0,0.9087000000000001,0.9086,10.0,6.0,5.5,54.12844036697248,50.0,-118,-100,4,0
2024-25,2025-02-01,TOR,EDM,828,3.26720716323958,2.7121015628156853,2.983694975281584,3.036808030504822,3.193516518276721,2.6494837014637747,3.0961400932748524,3.0965343349588013,1,2,0,0,0.9039666666666667,0.9073666666666667,1.0,11.0,6.5,51.21951219512195,53.48837209302325,-105,-115,7,1
2024-25,2025-02-01,CHI,FLA,829,3.0470677608214065,2.7849758671474207,2.828455343174148,3.3327398222787648,2.9897284600458223,2.782294459278178,2.659529228936707,3.2982393229663187,2,1,0,0,0.9055333333333333,0.8995333333333335,1.0,2.0,6.0,51.21951219512195,53.48837209302325,-105,-115,6,
2024-25,2025-02-01,MIN,OTT,830,2.718240194319948,2.7080544471951935,2.9287523945109197,2.941400747199633,3.144035392174973,2.7856530504914994,3.0844538070742047,2.650315083942845,1,1,0,0,0.9134333333333334,0.9094333333333334,9.0,8.0,5.5,48.78048780487805,55.55555555555556,105,-125,6,1
2024-25,2025-02-01,NSH,PIT,831,2.866604914609669,3.293246697605049,2.999907571354771,3.1979182640657626,3.0631772120866234,3.3672226267069556,2.6322277015961113,3.34566901461824,2,0,0,1,0.8976666666666666,0.9016000000000001,2.0,5.0,6.5,50.495049504950494,53.48837209302325,-102,-115,3,0
2024-25,2025-02-01,NYI,TBL,832,3.1117225277117657,2.8195094279573474,2.9317125866789455,2.73047266729471,3.410600600661696,2.588185430314267,2.814113139769105,2.7940814480259126,1,1,0,0,0.9116666666666667,0.9078,2.0,16.0,6.0,50.0,54.54545454545454,-100,-120,5,0
2024-25,2025-02-01,WPG,WSH,833,3.116512095309491,2.4958331288564883,3.3223429814609657,2.5669287819189677,3.2916826900709037,2.5628378889849115,3.1614582641969973,2.913318039041027,1,1,0,0,0.9209,0.925,8.0,4.0,5.5,48.78048780487805,55.15695067264574,105,-123,9,1
2024-25,2025-02-02,MTL,ANA,834,2.7763990820301037,3.1519883400321644,2.9526968539700245,3.1727349252949857,2.98061916717638,2.9491436457926965,3.028258427260288,3.156982223486667,2,2,0,0,0.9059666666666667,0.9000666666666668,6.0,4.0,6.0,54.54545454545454,50.0,-120,-100,5,0
2024-25,2025-02-02,NJD,BUF,835,3.1601821964637833,3.2892925312416867,2.937941874673254,2.6345010646468787,3.3353446782902516,3.291070111169769,2.896864583030482,2.940323275881241,1,3,0,0,0.9018666666666667,0.9036714285714285,5.0,6.0,6.0,54.337899543378995,49.504950495049506,-119,102,7,1
2024-25,2025-02-02,PHI,COL,836,3.151714209086644,2.899439052419118,2.8133443798320577,3.173053544024634,3.27521073920545,2.931396735994544,2.7918778343045116,3.395488376097389,1,2,0,0,0.9092666666666667,0.8898666666666666,7.0,7.0,6.0,50.495049504950494,53.48837209302325,-102,-115,2,0
2024-25,2025-02-02,CBJ,DAL,837,3.115862319439987,2.6483034777633776,3.1726542012802117,2.9932690013757464,3.177237998132631,2.584218793146091,2.717568327424233,3.224688238682194,1,1,0,0,0.9064,0.8965666666666666,9.0,6.0,6.0,48.78048780487805,55.55555555555556,105,-125,8,1
2024-25,2025-02-02,NYI,FLA,838,3.106300218725293,2.7326448026588337,2.935083793369493,2.712321771685126,3.0683398379265165,2.715143810852173,2.8218216864485974,2.772168799845629,0,0,1,1,0.9052000000000001,0.905,1.0,20.0,5.5,54.54545454545454,50.0,-120,-100,9,1
2024-25,2025-02-02,VGK,NYR,839,2.9679206914666105,3.140199780160249,3.0809775741889855,2.8476598488791276,2.942209669012091,2.9694388084515904,3.118799114147136,3.143390977999922,0,2,1,0,0.9021923076923077,0.9038333333333334,4.0,6.0,6.0,54.54545454545454,50.0,-120,-100,6,
2024-25,2025-02-02,CGY,SEA,840,3.080328505133305,3.198705964374815,2.7941772630868122,2.9273171812067207,3.0640343533153205,2.90899463463442,2.6488949903465344,3.213111437986713,2,0,0,1,0.9159333333333333,0.8842333333333333,5.0,10.0,5.5,54.54545454545454,50.0,-120,-100,5,0
2024-25,2025-02-02,STL,UTA,841,2.81404159719756,2.981735252372842,2.8282903917715787,3.0584017960824097,2.848593075874975,3.079172590316641,2.89704331801477,3.2044296030660786,1,1,0,0,0.8905071428571428,0.9021,8.0,2.0,5.5,52.38095238095239,52.38095238095239,-110,-110,3,0
2024-25,2025-02-02,DET,VAN,842,2.7870242800731244,3.0832864177962374,3.021287066715625,2.906257992418035,2.8825744451668394,3.151462595239018,2.77981294288019,3.1008703626355563,1,0,0,1,0.9065333333333333,0.9057333333333333,2.0,4.0,5.5,52.38095238095239,52.38095238095239,-110,-110,5,0
2024-25,2025-02-03,OTT,NSH,843,2.9052768749286972,3.187374357117709,2.8240734921387705,2.62770026983894,3.2257551544752214,2.9144216130697207,2.4901532225707266,2.805586348393132,1,1,0,0,0.9025333333333333,0.8922310344827585,6.0,7.0,5.5,54.54545454545454,50.0,-120,-100,7,1
2024-25,2025-02-04,DAL,ANA,844,2.7865510279675365,3.1130095798179975,3.1728167440825,2.665462578986216,2.983864869993847,2.9121094961878318,3.029110608633237,2.8358604300844243,1,1,0,0,0.9036666666666666,0.9093666666666667,5.0,10.0,5.5,54.12844036697248,50.24875621890548,-118,-101,3,0
2024-25,2025-02-04,MIN,BOS,845,2.9774757808998085,3.243433559166017,2.8376206532292754,3.0358161622206046,3.131002365139087,2.6787077669725963,2.9679197146823433,2.7779471498598647,2,2,0,0,0.9020333333333334,0.903257142857143,3.0,4.0,5.5,51.690821256038646,52.83018867924528,-107,-112,3,0
2024-25,2025-02-04,CBJ,BUF,846,3.181922301196531,3.2737261826385216,3.1633547399223363,3.0546017199517177,3.354290243660013,3.2694471339981384,2.729034410042076,3.285250459380993,1,1,0,0,0.8989,0.8958999999999999,8.0,9.0,6.0,55.55555555555556,48.309178743961354,-125,107,5,0
2024-25,2025-02-04,TOR,CGY,847,2.8017305858391675,2.897370740738672,3.013444770281357,3.032897164819041,2.9747701393225237,2.735579601657186,3.11962207329981,3.0946741868978727,1,2,0,0,0.9087000000000001,0.9085,10.0,11.0,5.5,53.91705069124424,50.495049504950494,-117,-102,9,1
2024-25,2025-02-04,VGK,NYI,848,2.937170398207005,2.8184329225194578,3.0444198910393214,2.8843143721659805,3.0004692051342308,2.8907539234923916,3.072121133529952,3.1712541778074264,1,1,0,0,0.9084000000000001,0.8955333333333333,20.0,9.0,5.5,54.337899543378995,50.0,-119,-100,3,0
2024-25,2025-02-04,NJD,PIT,849,2.870630553691365,3.1840898033836704,2.939002440026364,2.6809813074370017,3.0603014007804377,3.231299066512629,2.8972821882236315,2.980510886614738,2,1,0,0,0.9000666666666668,0.9039999999999999,2.0,6.0,6.0,52.38095238095239,52.38095238095239,-110,-110,5,0
2024-25,2025-02-04,DET,SEA,850,3.0430254866682613,3.186697590577764,3.0185858398578786,2.8780341599752877,3.0229685678740266,2.91048506558398,2.7890966861881816,3.0575588106430893,1,1,0,0,0.9158666666666666,0.9104,5.0,4.0,5.5,54.54545454545454,50.0,-120,-100,9,1
2024-25,2025-02-04,MTL,SJS,851,2.7458594572220605,3.607477978459941,2.922164131487938,3.1627590737912175,2.876052626603426,3.3029548160775573,2.9851172497650516,3.1488075226766665,4,1,0,0,0.8833999999999999,0.8996,15.0,4.0,6.0,54.54545454545454,50.0,-120,-100,7,1
2024-25,2025-02-04,EDM,STL,852,2.8040337713761665,2.992111724832648,3.2528989250063387,2.7555359095493897,2.8096602060194904,2.879104698739532,3.2422895863307595,2.9125451917865233,1,2,0,0,0.9031666666666667,0.9030333333333334,2.0,1.0,6.0,54.54545454545454,50.0,-120,-100,5,0
2024-25,2025-02-04,OTT,TBL,853,3.0738701030023767,2.8269213432338174,2.8937253720573746,2.61367014615585,3.350479970611038,2.6085672833628304,2.5879090014796087,2.7802642867125003,2,0,0,1,0.9116000000000001,0.9153666666666667,2.0,6.0,5.5,52.38095238095239,52.38095238095239,-110,-110,7,1
2024-25,2025-02-04,PHI,UTA,854,2.7592850076283035,2.9500466353476975,2.727963027046519,3.132395309277453,2.78278662128628,3.0364816563625494,2.6938712911663387,3.3388639981662562,1,1,0,0,0.9062,0.8913333333333334,6.0,6.0,5.5,52.15311004784689,52.38095238095239,-109,-110,5,0
2024-25,2025-02-04,COL,VAN,855,2.7650954614024474,3.07825779788241,3.111855409614352,2.8097314372337303,2.852240186711941,3.1410864409518866,3.0239175189339513,3.0026601922852354,1,1,0,0,0.8917,0.9105333333333333,2.0,5.0,5.5,53.48837209302325,51.21951219512195,-115,-105,3,0
2024-25,2025-02-04,CAR,WPG,856,3.3671483939513793,2.6168326981838885,3.081818526221421,2.80524299579001,3.4046984277634915,2.3970083504930524,2.825970814119021,2.9849281676465207,2,2,0,0,0.890690909090909,0.9056666666666667,4.0,5.0,5.5,54.54545454545454,50.0,-120,-100,3,0
2024-25,2025-02-04,FLA,WSH,857,3.1396710818405817,2.579880430008652,3.1915042797932744,2.742848667533104,3.3127807734081864,2.6548209475000872,3.195070546569536,2.970751389912923,2,1,0,0,0.9185666666666668,0.9065333333333333,8.0,1.0,5.5,53.48837209302325,51.21951219512195,-115,-105,9,1
2024-25,2025-02-05,EDM,CHI,858,2.771878702951749,3.376422049373921,3.239973613559329,2.7353781002704722,2.956173228916763,3.26140850848592,3.222954128806544,2.8837402504269707,3,0,0,1,0.8992000000000001,0.9034931034482758,2.0,0.0,6.5,53.48837209302325,51.21951219512195,-115,-105,7,1
2024-25,2025-02-05,MTL,LAK,859,2.669129687129255,2.687391078881471,2.956510488638591,3.154570468139786,3.117167723277016,2.4672873969195397,3.0181540949861705,3.143697688324606,3,0,0,1,0.9098666666666666,0.9139764705882354,2.0,4.0,6.0,51.45631067961165,52.83018867924528,-106,-112,9,1
2024-25,2025-02-05,BOS,NYR,860,2.9988937422222013,3.1006827716104395,2.9783685627653056,3.139078644444557,2.9829045684294315,2.9297745720832298,2.692152854586072,3.6998050738305164,2,0,0,1,0.9086666666666666,0.8923,5.0,3.0,6.0,52.38095238095239,52.38095238095239,-110,-110,5,0
2024-25,2025-02-06,UTA,CBJ,861,3.1248527428850372,3.0522308075140465,2.7706242794252827,2.9212348726191926,3.7054310008023976,2.922675342451044,2.8978339997882916,2.881989904277785,1,1,0,0,0.8953666666666665,0.8920275862068966,9.0,6.0,5.5,55.35714285714286,48.78048780487805,-124,105,5,0
2024-25,2025-02-06,COL,CGY,862,2.8114438177030263,2.9955848490761046,3.013758292658106,2.8186031211983704,2.979459246942571,2.854191798359789,2.9099420328393637,3.0067621514909137,1,1,0,0,0.9068333333333333,0.9108666666666667,10.0,6.0,6.0,50.0,54.54545454545454,-100,-120,6,
2024-25,2025-02-06,CAR,MIN,863,2.751926344860375,3.0334932767958964,2.98552637429908,2.814973686682195,2.820421066015545,3.2553946522247377,2.724933190081068,2.9895086145497674,1,1,0,0,0.9084333333333333,0.9235222222222222,6.0,4.0,5.5,51.92307692307693,53.051643192488264,-108,-113,3,0
2024-25,2025-02-06,VGK,NJD,864,2.9414882107705873,2.664882285386159,2.979369232901658,2.8578448364723985,3.098251534192282,2.437850940316118,2.990543411484048,3.1275637803705814,1,1,0,0,0.9017724137931036,0.9029000000000001,6.0,8.0,5.5,52.38095238095239,52.38095238095239,-110,-110,4,0
2024-25,2025-02-06,WSH,PHI,865,2.7085801106702307,3.1246296606260877,3.2260499911155245,2.599962514526705,3.0216690248234475,2.9821596125387875,3.0675269069707594,2.670718667729683,1,1,0,0,0.8541923076923077,0.9047666666666667,6.0,8.0,5.5,54.54545454545454,49.26108374384236,-120,103,7,1
2024-25,2025-02-06,TOR,SEA,866,3.0714193040608664,3.23911792925417,3.105242305204645,3.0306880208688924,3.0588673397828803,2.9820812877589664,3.2231805845080297,3.0903315250971026,1,1,0,0,0.9154666666666667,0.9264703703703703,5.0,10.0,6.0,53.48837209302325,51.21951219512195,-115,-105,4,0
2024-25,2025-02-06,VAN,SJS,867,2.7564800892666166,3.6079589519994006,2.7748554323576453,2.9799605809510568,2.8836930965554535,3.317934368399268,2.8430780993870464,3.0199907176454883,1,1,0,0,0.8870583333333334,0.89606,13.0,2.0,5.5,54.54545454545454,50.0,-120,-100,3,0
2024-25,2025-02-06,FLA,STL,868,2.7801145498302393,2.990161723637441,3.1815224209636557,2.8468088686755366,2.783717421164378,2.880652682202699,3.182322540105999,3.079254181118987,1,1,0,0,0.9067689655172413,0.9055333333333333,2.0,0.0,5.5,54.54545454545454,50.0,-120,-100,5,0
2024-25,2025-02-06,OTT,TBL,869,3.0990967533857052,2.8328821002990643,2.8964662822606986,2.660715002968188,3.3669530389640894,2.6252978533190383,2.6052544285421964,2.827253203528893,1,1,0,0,0.9112000000000001,0.8934,3.0,7.0,5.5,55.55555555555556,48.78048780487805,-125,105,6,1
2024-25,2025-02-07,NSH,CHI,870,2.781084674617608,3.3877332215241878,2.8755110410481475,3.237413609281324,2.957637050844049,3.2799006936350157,2.5362042743277837,3.325009136767285,1,3,0,0,0.8992666666666668,0.9023999999999999,4.0,9.0,6.0,53.48837209302325,51.21951219512195,-115,-105,8,1
2024-25,2025-02-07,COL,EDM,871,3.2581930499870824,2.7467294315141206,3.042217722514667,2.794749486343594,3.18522875653185,2.6932910683359106,2.946903662029436,2.970496751617229,1,0,0,1,0.9031666666666668,0.9111333333333334,0.0,6.0,6.5,54.54545454545454,50.0,-120,-100,9,1
2024-25,2025-02-07,DAL,LAK,872,2.7778166783396463,2.701585460738475,3.100173698400361,2.648115735441127,3.229414096094574,2.496483724023333,2.947681681603755,2.80901695463487,1,2,0,0,0.8985666666666667,0.9097000000000002,2.0,10.0,5.5,49.504950495049506,54.54545454545454,102,-120,9,1
2024-25,2025-02-07,PIT,NYR,873,2.9981255313696633,3.0640198012720186,2.8457187240636763,3.1751245352981554,2.984368400246044,2.8952607943808055,2.785317439517588,3.2782951196744445,1,2,0,0,0.9084,0.9001333333333333,5.0,3.0,6.0,50.0,54.54545454545454,-100,-120,5,0
2024-25,2025-02-07,NYI,WPG,874,3.3494694505052407,2.5422692526601143,2.9081014046084497,2.7640187260033393,3.3852696090856793,2.320916948765805,2.8265883365975526,2.892978221774202,2,2,0,0,0.9239333333333334,0.9097333333333334,4.0,16.0,5.5,50.0,54.54545454545454,-100,-120,7,1
2024-25,2025-02-08,VGK,BOS,875,2.9477912523608087,3.131660753269869,2.980562904464426,2.8030943062504394,3.125840370494676,2.585997749282136,2.9895033066685883,3.0505625186913865,2,1,0,0,0.9042999999999999,0.8948666666666666,3.0,8.0,5.5,53.48837209302325,51.21951219512195,-115,-105,7,1
2024-25,2025-02-08,UTA,CAR,876,2.9242956510028737,2.7927230528780824,2.7811676782843144,2.8936501538098005,3.3878927909183583,2.713960216976282,2.902167019154177,2.852953802142172,1,1,0,0,0.9056000000000001,0.9060666666666667,5.0,6.0,5.5,52.38095238095239,52.38095238095239,-110,-110,10,1
2024-25,2025-02-08,NYR,CBJ,877,3.0884934112451035,3.050191162295256,2.968340821579838,3.0620337194582268,3.6318194979032232,2.925716260820256,2.989024829581408,3.2628205067491396,1,0,0,1,0.8956999999999999,0.9042666666666667,9.0,6.0,6.0,54.54545454545454,50.0,-120,-100,7,1
2024-25,2025-02-08,SEA,CGY,878,2.790361596038948,3.0276021356724576,3.0081294630152997,3.229444608041878,2.9480436678452833,2.896626453576979,2.9872525259932234,3.429438698512298,1,1,0,0,0.9061,0.9151333333333334,10.0,5.0,5.5,54.54545454545454,49.75124378109453,-120,101,5,0
2024-25,2025-02-08,TBL,DET,879,3.0806439305305497,2.915855542417388,3.1591124470127014,2.7815314962781876,3.1708897693648437,2.8821080068871225,3.0006723623087597,3.1270279890704287,3,1,0,0,0.9064,0.9120000000000001,2.0,2.0,6.0,53.48837209302325,51.21951219512195,-115,-105,9,1
2024-25,2025-02-08,OTT,FLA,880,3.176017102818611,2.826404664610268,2.8429879547826356,2.7419105808090327,3.1743547225163566,2.7286113241150907,2.5574916624789945,2.9131269851288004,1,1,0,0,0.9054,0.9154999999999999,1.0,7.0,5.5,52.38095238095239,52.60663507109005,-110,-111,6,1
2024-25,2025-02-08,ANA,LAK,881,2.853019255360455,2.749332367594343,2.7657428243730284,3.0455588663228523,3.2988207133262106,2.5657659200026597,2.572205026254465,3.258821605313067,0,3,1,0,0.8977666666666667,0.9060333333333334,2.0,6.0,5.5,52.38095238095239,52.38095238095239,-110,-110,3,0
2024-25,2025-02-08,NYI,MIN,882,2.7335139549977687,2.970817767205272,2.9137502956695185,2.807484286641119,2.7964827292408043,3.1661517076721446,2.8353877081217167,2.9381157366905097,1,0,0,1,0.9098999999999999,0.9088,7.0,16.0,5.5,50.0,53.48837209302325,-100,-115,9,1
2024-25,2025-02-08,NJD,MTL,883,2.9600665991054482,3.241504467689523,2.8845732553957872,2.682676489702939,2.9358695984764123,3.183450227595688,2.9011669196608976,2.9511153485841426,2,1,0,0,0.8996666666666667,0.9029333333333334,4.0,6.0,6.0,50.98039215686274,53.051643192488264,-104,-113,4,0
2024-25,2025-02-08,BUF,NSH,884,2.8533484884168865,3.3220398316396236,3.1740641691933567,3.230450961092431,3.1780735114853402,2.9904487407650167,2.8827180173359706,3.220974349354404,0,3,1,0,0.9037000000000002,0.9015333333333333,11.0,6.0,6.5,51.45631067961165,52.83018867924528,-106,-112,10,1
2024-25,2025-02-08,PIT,PHI,885,2.7251218275235463,3.1522089684745795,2.8551394114328046,3.1381183442034475,3.025968935264032,3.020427405814963,2.7974386520887315,3.2322400191493927,1,0,0,1,0.8927333333333334,0.90205,6.0,5.0,5.5,51.21951219512195,53.48837209302325,-105,-115,5,0
2024-25,2025-02-08,DAL,SJS,886,2.709161497520709,3.551006648948907,3.1288416931171104,2.729293961254415,2.8252254629548346,3.2647041067647233,2.987548090073002,2.897844268231638,1,0,0,1,0.888,0.9060538461538462,11.0,10.0,6.0,53.051643192488264,51.21951219512195,-113,-105,11,1
2024-25,2025-02-08,CHI,STL,887,2.764073731346675,2.9949887191624693,2.8889276352849227,3.3428630341209673,2.767129266096942,2.890041380235492,2.600761314289875,3.3602228716565294,1,0,0,1,0.9037666666666666,0.8987333333333333,2.0,4.0,5.5,54.54545454545454,50.0,-120,-100,11,1
2024-25,2025-02-08,TOR,VAN,888,2.7594548969527226,2.9238319818984824,3.1046122386593407,2.9717300407619724,2.867143887184622,3.0263877799791543,3.2138960690043135,3.0176624909383287,1,1,0,0,0.9001230769230768,0.9080333333333334,2.0,10.0,5.5,50.495049504950494,53.91705069124424,-102,-117,3,0
2024-25,2025-02-09,TBL,MTL,889,2.871116756760876,3.262616140400846,3.2466913134003983,2.794297454504925,2.8354044414035178,3.2101352518631505,3.1099577722208136,3.1240778966487524,0,0,1,1,0.9103333333333334,0.9120000000000001,4.0,3.0,6.5,51.21951219512195,53.48837209302325,-105,-115,8,1
2024-25,2025-02-09,UTA,WSH,890,3.250585781371663,2.623426605114384,2.7951352525300956,3.0257196207722834,3.410661656868895,2.6782165967828555,2.9105032466561243,3.0087607872385522,2,0,0,1,0.9182333333333332,0.8925,8.0,6.0,5.5,52.38095238095239,52.38095238095239,-110,-110,9,1
2024-25,2025-02-22,ANA,BOS,891,2.9546185918853953,3.160497105493191,2.7487530445674735,2.9842765514217633,3.1245650247287844,2.6476696192663827,2.562773531231144,3.176116499103176,5,5,0,0,0.9042333333333334,0.9050666666666667,6.0,5.0,5.5,52.83018867924528,51.21951219512195,-112,-105,5,0
2024-25,2025-02-22,NYR,BUF,892,3.1996723725550362,3.3152538526607715,3.003864611056394,3.0622350815346784,3.339800175259372,3.2226810887546113,3.029629884954063,3.25158480726534,5,5,0,0,0.8998,0.9080666666666666,1.0,4.0,6.5,49.504950495049506,54.337899543378995,102,-119,10,1
2024-25,2025-02-22,CHI,CBJ,893,3.0882616730120866,3.082566631778263,2.9581373515192966,3.4213342261420103,3.602470407850788,2.969396028970771,2.6947018899076163,3.4535234322399573,5,5,0,0,0.8958333333333334,0.9003333333333333,9.0,2.0,6.0,53.48837209302325,51.21951219512195,-115,-105,6,
2024-25,2025-02-22,MIN,DET,894,3.080782122934877,3.016426905575443,2.842501962329621,2.976173548693332,3.1686503809365405,2.996387351122421,2.865678250451658,2.797916371647412,5,5,0,0,0.9078,0.9049241379310345,2.0,6.0,5.5,54.54545454545454,50.0,-120,-100,7,1
2024-25,2025-02-22,SEA,FLA,895,3.2326740600149093,2.7767495362173684,3.011699909288919,3.191814982992483,3.2431409791124306,2.673407611758384,2.990651310277028,3.375648903085493,5,5,0,0,0.9065333333333333,0.9154666666666667,3.0,2.0,5.5,54.54545454545454,49.26108374384236,-120,103,3,0
2024-25,2025-02-22,UTA,LAK,896,2.8009657282879123,2.733264389839541,2.8674160643809237,3.056264942317699,3.2102710000792083,2.554820687962191,2.983879351181006,3.0478498390974997,5,5,0,0,0.9087333333333334,0.8914333333333334,0.0,5.0,5.5,50.0,54.54545454545454,-100,-120,8,1
2024-25,2025-02-22,DAL,NJD,897,2.9241047877982016,2.6088995703917095,3.2801977210719113,2.745345477533586,3.0296394186794244,2.472625473069684,3.1695920693502098,2.909504245635549,5,5,0,0,0.9068,0.9054074074074073,4.0,9.0,5.5,52.38095238095239,51.690821256038646,-110,-107,6,1
2024-25,2025-02-22,COL,NSH,898,2.9569416361974805,3.341386709891666,3.107801800706776,2.841336825547449,3.284052227592017,3.029417394779763,3.0257574695785916,3.01609125848596,5,5,0,0,0.9006666666666667,0.8987166666666667,8.0,5.0,6.5,50.495049504950494,53.91705069124424,-102,-117,3,0
2024-25,2025-02-22,MTL,OTT,899,2.791583814233489,2.8184604067027834,2.8783841844065168,3.312875508879181,3.2540891585728557,2.683796759491069,3.0200032174844815,3.2504581783562503,5,5,0,0,0.9154999999999999,0.8987333333333335,6.0,3.0,5.5,54.95495495495496,48.78048780487805,-122,105,7,1
2024-25,2025-02-22,EDM,PHI,900,2.740666539598103,3.1168074787233158,3.2825235642810884,2.8262635637899542,3.0288430900222334,2.9849058214499213,3.25160546294234,2.896647846077677,5,5,0,0,0.894,0.9019,2.0,0.0,6.0,53.051643192488264,51.21951219512195,-113,-105,9,1
2024-25,2025-02-22,WSH,PIT,901,2.8344173617385247,3.1347111142364925,3.271095073197731,2.7046453230614795,3.0294843075132167,3.221447597020272,3.103945018290346,2.69759416423707,5,5,0,0,0.9005333333333334,0.9167666666666666,2.0,8.0,5.5,54.54545454545454,50.0,-120,-100,11,1
2024-25,2025-02-22,WPG,STL,902,2.8710102285223007,3.0601740304032163,3.370023795052359,2.5703552505187885,2.8924741245106578,2.9694365194506163,3.2280081465212302,2.9622390738179294,5,5,0,0,0.9070333333333332,0.8954782608695652,0.0,3.0,6.0,51.21951219512195,53.48837209302325,-105,-115,7,1
2024-25,2025-02-22,CAR,TOR,903,3.040489216706313,2.944794416404501,3.057195623286561,2.808713739823612,2.9458815834446397,2.922475949575098,2.6753935798279587,2.9616101862855055,5,5,0,0,0.9277142857142857,0.9062,11.0,2.0,5.5,54.75113122171946,49.75124378109453,-121,101,9,1
2024-25,2025-02-22,VAN,VGK,904,3.0192329016287713,2.8194004676498916,2.7432291313404376,2.868920016067834,3.1518712932966664,2.6268656051380446,2.822771674060917,2.9580924999069853,5,5,0,0,0.9032333333333333,0.9064,8.0,7.0,5.5,50.0,54.54545454545454,-100,-120,4,0
2024-25,2025-02-23,SJS,CGY,905,2.774822967171153,3.0316372222517707,2.7276761854902474,3.6832372014089265,2.9231236975639607,2.9070785687086573,2.6866521141560655,3.6532285637245443,5,5,0,0,0.9057,0.8822,7.0,9.0,6.0,53.48837209302325,50.495049504950494,-115,-102,5,0
2024-25,2025-02-23,TOR,CHI,906,2.9001352826767253,3.4644981165263826,3.131207898644846,2.947689442989552,3.0784082787485643,3.2357301306355297,3.128526551284656,2.985579916781166,0,0,1,1,0.8976000000000001,0.9082333333333333,2.0,11.0,6.0,53.051643192488264,51.21951219512195,-113,-105,7,1
2024-25,2025-02-23,ANA,DET,907,3.0787376588948296,3.048226471784946,2.763083799279015,2.956535335913737,3.162107418954208,3.033055893078524,2.5870947910012467,3.1359951766816367,0,0,1,1,0.9041999999999999,0.9080333333333334,5.0,6.0,5.5,53.48837209302325,50.98039215686274,-115,-104,9,1
2024-25,2025-02-23,NJD,NSH,908,2.930549067644886,3.265835178407665,2.8994412101182636,2.6604327680559496,3.2365034707388154,2.95724730177513,2.947561351695177,2.8548783040284613,0,0,1,1,0.9026333333333334,0.9022,8.0,4.0,6.0,51.21951219512195,53.48837209302325,-105,-115,5,0
2024-25,2025-02-23,DAL,NYI,909,2.923788672055071,2.9151708263240983,3.2998838089433127,2.728845069716985,2.972127499013017,2.8304135150717755,3.198810673206094,2.881029971947769,5,0,0,1,0.9075333333333334,0.9092333333333333,12.0,9.0,5.5,54.54545454545454,49.75124378109453,-120,101,7,1
2024-25,2025-02-23,NYR,PIT,910,2.844453141612802,3.2838059835535387,2.976051078875346,3.216383728099535,3.0302106674055396,3.390188806414536,2.994649942653876,3.4209179245284242,0,0,1,1,0.898290909090909,0.9060666666666666,2.0,6.0,6.0,52.38095238095239,52.38095238095239,-110,-110,8,1
2024-25,2025-02-23,COL,STL,911,2.8787610552119935,3.0896831119178096,3.044192203050041,2.820970397959885,2.9006441223919905,3.0078258699435043,2.9582880341871207,2.982793362319992,0,0,1,1,0.9019666666666666,0.9100666666666667,1.0,5.0,5.5,54.54545454545454,50.0,-120,-100,4,0
2024-25,2025-02-23,SEA,TBL,912,3.3006117630348633,2.80801936981456,2.9826572021710973,3.1236099600755334,3.429858119666683,2.583215392482494,2.958345320424665,3.2847291465609536,5,0,0,1,0.9119333333333334,0.905,2.0,2.0,6.0,54.54545454545454,49.26108374384236,-120,103,5,0
2024-25,2025-02-23,VAN,UTA,913,2.8762464204288114,3.1175862283737072,2.694093855552439,2.875395509642532,2.8038656078557413,3.003598933686147,2.760393499054486,2.9618467806262285,0,0,1,1,0.9047333333333332,0.866835294117647,3.0,7.0,5.5,50.0,54.54545454545454,-100,-120,3,0
2024-25,2025-02-23,EDM,WSH,914,3.413548654015519,2.7200458374991245,3.271073199642231,2.9288400158632664,3.4286100176268506,2.7696316852790144,3.23863549321455,3.015091173078196,0,0,1,1,0.9039,0.9034666666666668,8.0,0.0,6.5,54.54545454545454,49.75124378109453,-120,101,10,1
2024-25,2025-02-24,VGK,LAK,915,2.8751034820519656,2.748747274642946,3.018760230227252,2.766957088489594,3.2783481519247024,2.5826296831360454,3.0326521879766517,3.057205294104161,1,1,0,0,0.9081333333333333,0.8942666666666665,0.0,8.0,5.5,53.48837209302325,51.21951219512195,-115,-105,7,1
2024-25,2025-02-24,SJS,WPG,916,3.384613749786846,2.5921027359206743,2.7109223020668805,3.6519741351311055,3.4099692018922627,2.3639698388189156,2.6671463584989765,3.6213313711412436,1,0,0,1,0.9237333333333334,0.8824769230769232,2.0,10.0,6.0,51.21951219512195,52.83018867924528,-105,-112,3,0
2024-25,2025-02-25,TOR,BOS,917,2.9285985661422975,3.1553975266827514,3.1870473704362734,2.9200677568502,3.0895355489229464,2.6658363880737803,3.1922809433678316,2.953273566557266,2,1,0,0,0.9041666666666667,0.9271034482758622,6.0,11.0,6.0,50.24875621890548,54.337899543378995,-101,-119,9,1
2024-25,2025-02-25,ANA,BUF,918,3.3477931475732907,3.2726920569722426,2.8061488407086075,3.0212054489597393,3.505007587869292,3.1755430958281767,2.6431158387436904,3.203228206353195,2,1,0,0,0.9004,0.9069,1.0,6.0,6.0,53.48837209302325,50.98039215686274,-115,-104,5,0
2024-25,2025-02-25,DAL,CBJ,919,3.1478122220389806,3.0195158824003863,3.3168421510947064,2.742132180782534,3.645702240529912,2.900077579949971,3.219722420473286,2.892073449485507,2,1,0,0,0.8970333333333333,0.9093666666666667,9.0,10.0,6.0,53.48837209302325,50.73891625615764,-115,-103,10,1
2024-25,2025-02-25,DET,MIN,920,2.883774713539715,2.9803973549599787,3.138055918257999,3.0782720957525114,2.9276946410084506,3.162354098663096,2.8794247367260457,3.103499835284836,2,1,0,0,0.9098333333333334,0.9076,6.0,6.0,5.5,53.91705069124424,50.495049504950494,-117,-102,5,0
2024-25,2025-02-25,CAR,MTL,921,2.9490814760763846,3.270840390511896,3.0560563007146007,2.9114967252207866,2.8522393249703697,3.2715862789619057,2.6911693158892755,3.0750186205303898,2,2,0,0,0.8992,0.9231263157894737,6.0,2.0,6.0,52.38095238095239,52.38095238095239,-110,-110,4,0
2024-25,2025-02-25,FLA,NSH,922,2.841899763647001,3.3152130606527495,3.1626588266351896,2.7589312388639993,3.1210684540665277,3.02739026678267,3.1780927855013243,3.0537818806880894,1,2,0,0,0.9019333333333334,0.9056000000000001,9.0,3.0,6.0,50.98039215686274,53.48837209302325,-104,-115,5,0
2024-25,2025-02-25,NYR,NYI,923,2.927820481168519,2.9504006241264618,3.03884761285875,3.206361691502002,2.9785642763332514,2.87189258582726,3.0611688981594183,3.402870623701313,1,1,0,0,0.9067333333333333,0.9065333333333333,14.0,6.0,6.0,51.45631067961165,52.83018867924528,-106,-112,6,
2024-25,2025-02-25,PIT,PHI,924,2.84755329142682,3.113967497515092,2.852006766090575,3.331811343322843,3.139287245248476,2.986804064503489,2.7778188459891817,3.2266817106337573,2,1,0,0,0.8930666666666666,0.8974,2.0,0.0,5.5,54.54545454545454,50.0,-120,-100,7,1
2024-25,2025-02-25,SEA,STL,925,2.884522155926805,3.0241758086526747,2.922727362133014,3.1487904302074066,2.9111937718032093,2.9323710555260742,2.885026658624925,3.3100619655355747,1,1,0,0,0.9031666666666667,0.9161999999999999,1.0,2.0,5.5,51.690821256038646,52.38095238095239,-107,-110,9,1
2024-25,2025-02-25,EDM,TBL,926,3.3181475955750876,2.7565736182273817,3.2600360746346295,3.0568833698765796,3.449007541465481,2.5300811110256993,3.222291803977237,3.1655395582640535,1,1,0,0,0.913,0.9006333333333334,2.0,0.0,6.5,55.15695067264574,48.78048780487805,-123,105,5,0
2024-25,2025-02-25,CHI,UTA,927,2.8524511854932815,3.051735226529682,2.8756872373408098,3.505473016513812,2.786160773015591,2.927350972924009,2.63895875456818,3.5076890541686043,1,1,0,0,0.9050666666666667,0.8965333333333334,3.0,2.0,6.0,54.54545454545454,49.504950495049506,-120,102,3,0
2024-25,2025-02-25,CGY,WSH,928,3.5178219189532434,2.734294949958236,2.786247937532604,3.0000814808580465,3.554681646980929,2.7774560521553178,2.6701473745387254,3.1735020151170468,1,1,0,0,0.9163666666666667,0.8859666666666667,8.0,6.0,6.0,53.48837209302325,51.21951219512195,-115,-105,4,0
2024-25,2025-02-26,NJD,COL,929,2.9803426843649943,2.828819915330336,2.9651240001576187,2.584457794231494,3.234692097968011,2.8278731007929947,3.0153960924979804,2.7622075740924497,2,2,0,0,0.9096,0.9059333333333335,3.0,4.0,5.5,54.54545454545454,50.0,-120,-100,6,1
2024-25,2025-02-26,VAN,LAK,930,2.94258748821165,2.729653320347455,2.647138781885783,2.850571071493579,3.342385271248131,2.563386302992546,2.6964179550519063,2.9350781268436448,1,2,0,0,0.9001666666666668,0.9072666666666668,1.0,6.0,5.5,45.45454545454545,58.333333333333336,120,-140,5,0
2024-25,2025-02-26,WPG,OTT,931,2.7729659328479803,2.8907228271114094,3.3352118291247774,2.5495043344598463,3.2105975671043363,2.7724367426016983,3.246159122261787,2.9706576216912297,3,1,0,0,0.9118999999999999,0.9239333333333334,6.0,2.0,5.5,48.54368932038835,55.55555555555556,106,-125,5,0
2024-25,2025-02-27,VAN,ANA,932,2.7838467612303974,3.019435244259746,2.6637092498230355,2.826877263369049,2.9588922823422594,2.845324974759341,2.711463502034136,2.904698065112856,1,0,0,1,0.9071,0.8723333333333334,9.0,6.0,5.5,52.38095238095239,52.38095238095239,-110,-110,7,1
2024-25,2025-02-27,NYI,BOS,933,2.962545550260263,3.2092344764660083,2.8694581546019418,3.013839854463305,3.123300920681767,2.7481240056828784,2.846136383311605,3.057757351323758,1,1,0,0,0.9030333333333334,0.9044666666666666,8.0,12.0,6.0,51.21951219512195,53.48837209302325,-105,-115,3,0
2024-25,2025-02-27,BUF,CAR,934,2.9599260699514964,2.9447989702585136,3.330105012703883,3.227780354497554,3.5197253681579292,2.7318351188796406,2.9265378872131995,3.327609192808067,1,1,0,0,0.9047333333333333,0.9003333333333334,2.0,2.0,6.5,53.48837209302325,51.21951219512195,-115,-105,7,1
2024-25,2025-02-27,CBJ,DET,935,3.1299923130218184,3.0423836796647303,3.2319948340964513,3.048461386609826,3.227996703009631,3.0600350423881912,2.7098746603270474,3.280970938584907,1,1,0,0,0.9078,0.8897499999999999,6.0,9.0,6.0,52.38095238095239,52.38095238095239,-110,-110,7,1
2024-25,2025-02-27,EDM,FLA,936,3.184814842181724,2.7083695164267327,3.1851471494994295,3.0835458381081757,3.1644093768779027,2.6535776350535456,3.134740351084011,3.193145976309646,1,1,0,0,0.9066666666666666,0.9004333333333334,3.0,1.0,6.5,52.38095238095239,52.38095238095239,-110,-110,7,1
2024-25,2025-02-27,SJS,MTL,937,2.9811779577420143,3.16513004195616,2.662767893583508,3.5900252245639335,2.89805089001049,3.147001038104466,2.610288781898421,3.556368658422202,1,2,0,0,0.9003333333333333,0.8833333333333333,6.0,9.0,6.0,51.690821256038646,52.60663507109005,-107,-111,7,1
2024-25,2025-02-27,WPG,NSH,938,2.7875702990195217,3.3306189875797645,3.3504302686949035,2.5100193701140183,3.046857380275569,3.0573702698372034,3.266684582319854,2.9036286302261014,1,0,0,1,0.9011333333333333,0.8948833333333335,12.0,2.0,6.0,51.21951219512195,53.48837209302325,-105,-115,3,0
2024-25,2025-02-27,PHI,PIT,939,2.797154744530275,3.4070006916341553,2.9457309855243827,3.04665148176079,3.0342813072512422,3.431788475919207,2.6751470441886744,3.3323839528369015,1,1,0,0,0.8958,0.8943333333333333,2.0,2.0,5.5,54.54545454545454,50.0,-120,-100,9,1
2024-25,2025-02-27,CGY,TBL,940,3.3328601026456597,2.705731089311351,2.796211227318924,2.938481296720955,3.4620429533109407,2.4807540378066086,2.6859003103600063,3.0933706432480235,1,1,0,0,0.9135333333333334,0.9061,0.0,6.0,6.0,51.21951219512195,53.70370370370371,-105,-116,3,0
2024-25,2025-02-27,MIN,UTA,941,2.8274958341830567,2.986795654876074,2.857039188669982,2.9797456563091225,2.764258017397063,2.855940400550769,2.9041644746199884,2.814654400301109,1,1,0,0,0.9057333333333333,0.9047,4.0,6.0,5.5,54.54545454545454,49.504950495049506,-120,102,7,1
2024-25,2025-02-27,CHI,VGK,942,2.9865610056722227,2.838608453248787,2.8191201486293163,3.4497927239071293,3.1501660181194477,2.568779474992335,2.5823809808545355,3.4478281165932745,2,1,0,0,0.8908666666666666,0.8983333333333334,8.0,2.0,6.0,52.83018867924528,51.690821256038646,-112,-107,12,1
2024-25,2025-02-27,STL,WSH,943,3.4326488138757894,2.7474512780219453,3.012697987946271,2.9928360121635205,3.459218052686055,2.785676713086866,2.8662402073085507,3.1342048587731104,1,1,0,0,0.9033666666666667,0.9067000000000001,9.0,0.0,6.0,50.73891625615764,53.48837209302325,-103,-115,7,1
2024-25,2025-02-28,MIN,COL,944,3.043484838514028,2.7769945130453593,2.804420393806506,3.074269475643724,3.298163387864969,2.7636968907850834,2.839632251115794,2.932524519043662,1,0,0,1,0.9101333333333332,0.9088999999999998,3.0,6.0,6.0,52.38095238095239,52.38095238095239,-110,-110,7,1
2024-25,2025-02-28,LAK,DAL,945,3.333424795371736,2.8471756685860785,2.915896219305991,2.7438596270341673,3.2535325983523844,2.606478630042219,2.5669101752360746,2.904313548231061,2,1,0,0,0.9079,0.9080666666666667,10.0,0.0,5.5,51.21951219512195,53.48837209302325,-105,-115,8,1
2024-25,2025-02-28,TOR,NYR,946,3.0996291459942538,3.136625930202087,3.241163543340023,2.956151091035625,2.96617254682896,2.9029762761251265,3.2479914068861375,3.001345784391628,2,2,0,0,0.9079333333333334,0.9255333333333333,8.0,11.0,6.0,53.48837209302325,51.21951219512195,-115,-105,5,0
2024-25,2025-03-01,CHI,ANA,947,2.857297193263372,2.989801383848692,2.890817073530737,3.552918664506969,3.0403626848966923,2.8147280189414734,2.6739622141045714,3.568908119195206,1,1,0,0,0.9057333333333333,0.8975333333333334,8.0,5.0,6.0,51.21951219512195,53.051643192488264,-105,-113,9,1
2024-25,2025-03-01,MTL,BUF,948,3.286656956969405,3.2813320544923923,3.015000185439537,3.159691110882715,3.4860527602371083,3.1261918645585633,3.0886196623879902,3.212470453230041,1,1,0,0,0.8996,0.9062315789473686,2.0,6.0,6.5,51.21951219512195,53.051643192488264,-105,-113,6,0
2024-25,2025-03-01,EDM,CAR,949,3.0258710218722937,2.919699620717089,3.178936011254836,3.112712161336331,3.569439768498607,2.710366053152133,3.1261155582367497,3.2250275276262936,1,1,0,0,0.91755,0.9001333333333333,2.0,1.0,6.5,53.70370370370371,50.495049504950494,-116,-102,4,0
2024-25,2025-03-01,DET,CBJ,950,3.2845315993520567,3.017895965036859,3.0955818584543406,3.10386258720918,3.7233436206799566,2.936743895867418,2.8814980424104197,3.0675483129228116,1,1,0,0,0.8959666666666666,0.9069333333333333,9.0,6.0,6.5,51.21951219512195,53.48837209302325,-105,-115,8,1
2024-25,2025-03-01,CGY,FLA,951,3.2091386476273525,2.7245930015051734,2.7160510893713097,2.9435480401356466,3.1974222134277075,2.671049841998228,2.5943927486349554,3.094226729811419,1,1,0,0,0.9064,0.8880333333333332,3.0,6.0,5.5,54.54545454545454,50.0,-120,-100,3,0
2024-25,2025-03-01,NSH,NYI,952,2.8466883011613255,2.9535964270607677,2.7685162005627824,3.255250507519993,2.9160550193626436,2.945107924008733,2.5298340808737207,3.4319644380799614,1,1,0,0,0.906,0.9018666666666666,12.0,12.0,5.5,52.83018867924528,51.690821256038646,-112,-107,11,1
2024-25,2025-03-01,SJS,OTT,953,2.725050257086367,2.929192513425458,2.6813241779172863,3.5954638233324867,3.1350040433565516,2.8192166514671637,2.629091370021548,3.569407662024047,2,1,0,0,0.9123,0.8852037037037037,6.0,11.0,6.0,52.38095238095239,52.38095238095239,-110,-110,8,1
2024-25,2025-03-01,BOS,PIT,954,2.8710556382624786,3.4217864474955184,2.9062914772371315,3.1718944834086087,3.111457441527938,3.44224784358731,2.676226485367928,3.677342118315266,1,1,0,0,0.8946000000000001,0.8914344827586206,2.0,8.0,6.0,55.55555555555556,48.78048780487805,-125,105,5,0
2024-25,2025-03-01,VAN,SEA,955,2.897859861167518,3.265906946567906,2.652001199349531,2.899231842207666,3.0042929547482657,2.9861086175854887,2.6900741139943394,2.9880872171112625,3,1,0,0,0.9143333333333333,0.9075333333333333,2.0,6.0,5.5,50.24875621890548,54.12844036697248,-101,-118,9,1
2024-25,2025-03-01,LAK,STL,956,3.0756843314900566,2.9651828158226112,2.8913545564362924,2.850337296747507,3.0648181330614914,2.8969335152407947,2.5545428837150066,3.018343845738989,1,0,0,1,0.9036333333333333,0.8988333333333335,0.0,0.0,5.5,47.39336492890995,56.14035087719298,111,-128,5,0
2024-25,2025-03-01,NJD,UTA,957,2.9308093927965437,2.929987631135967,2.908696063724664,2.668045524524633,2.8913246740199656,2.7925899218428625,2.942026431455727,2.854226168568611,1,2,0,0,0.9060666666666667,0.9155142857142857,5.0,4.0,5.5,54.54545454545454,50.0,-120,-100,4,0
2024-25,2025-03-01,PHI,WPG,958,3.2755364086804657,2.5052052428520253,2.9820252250374235,3.108720566649528,3.363474747981674,2.3229526985559636,2.7252439193764935,3.393141173059981,1,1,0,0,0.9243333333333333,0.8523518518518519,0.0,3.0,5.5,50.0,54.54545454545454,-100,-120,3,0
2024-25,2025-03-01,TBL,WSH,959,3.3830190433274656,2.8218934151344954,3.3192175683355996,2.629775871088624,3.404262762519583,2.865496493306903,3.172775775035975,3.131469372655273,1,1,0,0,0.9156999999999998,0.9146666666666667,8.0,0.0,6.0,54.95495495495496,49.504950495049506,-122,102,4,0
2024-25,2025-03-02,CGY,CAR,960,2.9635082035359313,2.9233834646402035,2.6376058794927664,2.9461316796651884,3.4721630609373846,2.7224330914514367,2.5061103243130964,3.092561532096534,0,0,1,1,0.9043333333333333,0.9059666666666667,2.0,6.0,6.0,51.21951219512195,53.48837209302325,-105,-115,3,0
2024-25,2025-03-02,STL,DAL,961,3.4094884347848446,2.823827420090895,3.10088337187446,2.9041728441135994,3.348610349621124,2.5896414097942504,2.9416214320534437,3.0949692477216795,1,0,0,1,0.9083666666666665,0.9064333333333333,10.0,0.0,6.0,50.0,54.54545454545454,-100,-120,9,1
2024-25,2025-03-02,BOS,MIN,962,2.783872716331287,3.1325953960689406,2.909891404637746,3.1325506267679177,2.903889342237479,3.1460977553087828,2.6902495489628016,3.6064005244817796,1,0,0,1,0.9080333333333334,0.9030999999999999,8.0,10.0,5.5,51.21951219512195,53.48837209302325,-105,-115,1,0
2024-25,2025-03-02,NSH,NYR,963,3.0636150599931846,3.1294529608288433,2.809522734304283,3.365060147238987,2.934861710876611,2.90444376857691,2.5861950807503264,3.5529260185562688,1,0,0,1,0.9017206896551724,0.9013666666666665,8.0,12.0,6.0,55.55555555555556,48.78048780487805,-125,105,4,0
2024-25,2025-03-02,TOR,PIT,964,2.8445470006910853,3.3998646886952524,3.2286720736960888,2.9265150286346753,3.0721258661059183,3.4124575020532912,3.2292377536376513,2.9681773881435123,0,1,1,0,0.8964250000000001,0.9085666666666666,2.0,10.0,6.5,50.0,54.54545454545454,-100,-120,11,1
2024-25,2025-03-02,NJD,VGK,965,3.1111942697578314,2.9090474210649315,2.9116239256626955,2.6213449944341476,3.288338793073524,2.6592695793000964,2.941021057857135,2.7942215081789064,2,0,0,1,0.9049666666666667,0.9096666666666667,8.0,2.0,6.0,49.26108374384236,54.95495495495496,103,-122,2,0
2024-25,2025-03-03,LAK,CHI,966,2.98678347721858,3.5261480978125754,2.832855787457347,2.8857274789995673,3.0489171552078784,3.2849115924298373,2.5037123159734618,3.0523400274081514,1,1,0,0,0.9064,0.9053333333333333,5.0,0.0,5.5,53.91705069124424,50.73891625615764,-117,-103,6,1
2024-25,2025-03-03,TBL,FLA,967,3.1980422614350075,2.6448589148200554,3.302954159438014,2.584855023156522,3.191576856792653,2.5770732351707624,3.1574309156521823,3.0569202216817537,1,1,0,0,0.9077999999999999,0.9149999999999999,3.0,0.0,5.5,54.54545454545454,50.0,-120,-100,3,0
2024-25,2025-03-03,BUF,MTL,968,3.042943863743785,3.1197751594701364,3.24057671273844,3.2968037929067995,2.9461822083657356,3.1313068321400044,2.887052143808637,3.390460662013363,1,1,0,0,0.9001333333333332,0.9022272727272728,6.0,2.0,6.5,50.0,54.54545454545454,-100,-120,7,1
2024-25,2025-03-03,NYI,NYR,969,3.0908525622853547,3.031492566923813,2.975153411655902,2.9852620032073296,2.977405093879887,2.7999799196849975,2.811781289618148,2.992978959205152,0,1,1,0,0.9071333333333332,0.9053333333333333,8.0,12.0,6.0,50.0,54.12844036697248,-100,-118,4,0
2024-25,2025-03-03,SJS,TOR,970,3.3091760727533375,2.9907156210474386,2.693897315911301,3.6260271428300794,3.064794302878717,2.9141996485394146,2.6399730180648513,3.611334747539012,0,1,1,0,0.9262,0.8833999999999999,8.0,11.0,6.5,50.0,54.54545454545454,-100,-120,5,0
2024-25,2025-03-03,OTT,WSH,971,3.3017634464242303,2.828097445044412,2.7965868238125373,2.929929843689938,3.3162083218730967,2.864886517584056,2.505351475029554,3.0027760943890587,1,1,0,0,0.9152999999999999,0.9125666666666667,8.0,6.0,5.5,54.54545454545454,50.0,-120,-100,9,1
2024-25,2025-03-04,NSH,BOS,972,2.8216572528555472,3.0642870624817333,2.726600363850853,3.3780899010401035,3.0573166995306673,2.7190601696734733,2.4981645437410567,3.5628313637439897,1,1,0,0,0.9037666666666666,0.9005333333333333,10.0,11.0,5.5,53.48837209302325,51.21951219512195,-115,-105,9,1
2024-25,2025-03-04,SJS,BUF,973,3.2302368175915466,3.3143981054917275,2.7094430130094627,3.5674526732926943,3.4300138991977467,3.146899271904545,2.658615089128387,3.548051669602268,0,0,1,1,0.8995333333333334,0.8843999999999999,2.0,11.0,6.5,51.21951219512195,53.051643192488264,-105,-113,8,1
2024-25,2025-03-04,PIT,COL,974,3.102483705345892,2.757112187578489,2.9135210614179874,3.473202980541182,3.357586490861165,2.736143221998881,2.7112137462318167,3.3288796005880483,3,1,0,0,0.8982800000000001,0.8951333333333334,3.0,2.0,6.5,52.38095238095239,52.38095238095239,-110,-110,5,0
2024-25,2025-03-04,NJD,DAL,975,3.481830752759957,2.8321602063111255,2.8244233767453033,2.608578750082253,3.4395436430884887,2.606995113742606,2.8382232659264157,2.7742893339911205,1,1,0,0,0.9068928571428572,0.9097333333333334,9.0,5.0,5.5,54.54545454545454,49.504950495049506,-120,102,7,1
2024-25,2025-03-04,CAR,DET,976,3.0906695366517933,3.159610101354345,2.9344234896766834,2.8657170086383066,3.190599729487552,3.119963017468177,2.5930448954767034,3.1156347614890123,2,1,0,0,0.9026000000000001,0.9186047619047619,6.0,2.0,6.0,54.54545454545454,50.0,-120,-100,3,0
2024-25,2025-03-04,ANA,EDM,977,3.1691529582078175,3.0449964346051224,2.863201674439486,3.081214613205073,3.2283838841768877,2.7793221018842313,2.61722510983334,3.2017569532721293,2,2,0,0,0.9034,0.9072333333333334,0.0,8.0,6.5,54.54545454545454,50.0,-120,-100,8,1
2024-25,2025-03-04,WPG,NYI,978,2.8857295605613467,3.017461535858361,3.2001970282727545,2.4965200459942785,3.0658803182385266,2.978262594193849,3.175816275076413,2.8811971242568313,0,2,1,0,0.9050666666666667,0.9250666666666667,12.0,0.0,5.5,54.54545454545454,50.0,-120,-100,5,0
2024-25,2025-03-04,CGY,PHI,979,2.9507464773028063,3.0410234409927255,2.5928828616044117,2.917412315348727,3.247333305810006,2.9074270694896676,2.4574335693087,3.055547685603074,2,1,0,0,0.8924,0.9065,3.0,6.0,5.5,53.48837209302325,51.21951219512195,-115,-105,9,1
2024-25,2025-03-04,MIN,SEA,980,2.992927716032189,3.252285215789748,2.732932752078388,3.034806970317027,3.1091992627985485,2.9822645089660837,2.8098632929634566,3.0089341624538024,2,1,0,0,0.9141333333333334,0.9094333333333334,0.0,8.0,5.5,52.38095238095239,52.38095238095239,-110,-110,7,1
2024-25,2025-03-04,CBJ,TBL,981,3.228790832724537,2.5750146798898133,3.3321121061024344,3.0169764183105046,3.4441754445689123,2.3998862062930133,2.792071792902863,3.2384776241093336,0,2,1,0,0.8907304347826086,0.8970333333333333,0.0,11.0,6.5,55.75221238938053,48.309178743961354,-126,107,8,1
2024-25,2025-03-05,OTT,CHI,982,3.0498387890265386,3.4419992482973254,2.8391245379336154,2.9967163983532465,3.1200841449816292,3.19919670325364,2.5681133485688115,3.074675415170611,1,1,0,0,0.8974,0.9122333333333332,5.0,6.0,6.0,52.38095238095239,52.38095238095239,-110,-110,7,1
2024-25,2025-03-05,STL,LAK,983,2.7812522556931905,2.953974098400607,3.0972505606716654,3.0009981634465714,3.294619723600609,2.5840484291611285,2.9425120518859655,3.199495010883405,1,2,0,0,0.9034666666666666,0.9035,0.0,0.0,5.5,48.78048780487805,55.55555555555556,105,-125,5,0
2024-25,2025-03-05,WSH,NYR,984,3.118916908337613,2.9404787826031136,3.350939057360617,2.8690575968368495,3.0159343846896904,2.708284471696167,3.2698092732546713,2.7257553232739684,1,1,0,0,0.9082000000000001,0.9012333333333333,8.0,8.0,6.0,52.38095238095239,52.38095238095239,-110,-110,5,0
2024-25,2025-03-05,ANA,VAN,985,2.667581918579203,2.9947507232066988,2.962581523527047,3.0482342660232606,2.852163407179081,2.949391158436054,2.742480920625616,3.1585808083712377,3,0,0,1,0.9056,0.902,7.0,8.0,5.5,53.48837209302325,51.21951219512195,-115,-105,5,0
2024-25,2025-03-05,TOR,VGK,986,3.0758030893686095,2.8221209454129403,3.2660301797885856,2.9929965738011535,3.2405748028594568,2.5720575920690067,3.3224180935127032,3.0435778471909996,2,1,0,0,0.9067000000000001,0.9071666666666667,8.0,7.0,6.0,52.83018867924528,51.45631067961165,-112,-106,7,1
2024-25,2025-03-06,BOS,CAR,987,2.907890437065394,2.811994321775786,2.831674420052172,3.1540229670182134,3.4162988150609865,2.664267165331375,2.598263161719372,3.506227691308712,1,1,0,0,0.9047333333333333,0.8935333333333333,3.0,10.0,5.5,55.55555555555556,48.78048780487805,-125,105,5,0
2024-25,2025-03-06,SJS,COL,988,3.1286857597096964,2.7082750523365853,2.8150662792196903,3.511477287873176,3.375868275238363,2.679560107350906,2.777876479167614,3.4878123403648598,1,1,0,0,0.9099333333333333,0.8848666666666667,2.0,9.0,6.0,54.54545454545454,50.0,-120,-100,10,1
2024-25,2025-03-06,CGY,DAL,989,3.4911788050794264,2.8415608899410447,2.7051302928905008,2.9230144702156644,3.45472037791738,2.627432857190018,2.5903880635768743,3.0576595683420535,1,1,0,0,0.9087666666666666,0.8895666666666666,9.0,6.0,6.0,53.70370370370371,50.73891625615764,-116,-103,5,0
2024-25,2025-03-06,UTA,DET,990,3.026627720092383,3.1227963581775193,2.8723127135043125,2.9324628851709424,3.115918213315562,3.0785890889050163,2.9791480636437826,3.129149901888289,1,4,0,0,0.9036666666666666,0.9057999999999999,8.0,6.0,6.0,52.38095238095239,52.38095238095239,-110,-110,6,
2024-25,2025-03-06,MTL,EDM,991,3.132426374370576,3.135968958389339,3.0735610646471536,3.116316424469758,3.1855189460683047,2.894915627853439,3.11387483640103,3.1708714014492307,1,2,0,0,0.9000333333333334,0.9005333333333333,2.0,5.0,6.5,53.48837209302325,51.21951219512195,-115,-105,5,0
2024-25,2025-03-06,CBJ,FLA,992,3.1597688392586205,2.602113616579889,3.286673343727322,3.1082083103075493,3.150762217274002,2.530263296375385,2.765391251621234,3.334261992006312,2,1,0,0,0.9088666666666667,0.8965,3.0,11.0,6.0,53.48837209302325,51.21951219512195,-115,-105,3,0
2024-25,2025-03-06,SEA,NSH,993,2.8321029313500463,3.3615877277163095,2.9934983133151705,3.271105570006396,3.0185267462634835,2.9775988298531297,2.8466609624193127,3.44453317239673,1,1,0,0,0.9000666666666668,0.9128666666666666,11.0,0.0,5.5,54.54545454545454,50.0,-120,-100,8,1
2024-25,2025-03-06,WPG,PHI,994,2.9541822717332966,3.1314601445788792,3.1613393097974214,2.5210700394419288,3.2392123848151475,3.0146608547297666,3.1283986975172673,2.8927503769904024,1,1,0,0,0.8904666666666666,0.89656,3.0,1.0,5.5,53.48837209302325,51.21951219512195,-115,-105,5,0
2024-25,2025-03-06,BUF,TBL,995,3.3096806634961426,2.5647500146219815,3.189773202239675,3.3920724952082426,3.528781901712854,2.39345653266709,2.892826860249164,3.4087685679093243,1,1,0,0,0.9151333333333334,0.8983333333333333,0.0,2.0,6.5,51.21951219512195,53.48837209302325,-105,-115,11,1
2024-25,2025-03-07,STL,ANA,996,2.9348736122742336,3.0469693473039348,3.0933263099709527,2.9712207442683267,3.044300298453691,2.9265586556277325,2.9425394176991526,3.158661768220412,1,1,0,0,0.9081,0.9037000000000001,9.0,2.0,5.5,54.54545454545454,50.0,-120,-100,7,1
2024-25,2025-03-07,UTA,CHI,997,3.0484753147029777,3.452658225260527,2.9095706510199775,2.9060775586911984,3.118022909176239,3.221069455134495,3.0136485189359967,3.0908209543463134,1,0,0,1,0.9096666666666667,0.9068,2.0,6.0,6.0,52.83018867924528,51.690821256038646,-112,-107,7,1
2024-25,2025-03-07,WPG,NJD,998,2.8346261384120024,2.65924400384737,3.1855589565202163,2.4841845308893715,3.006762603437344,2.531679386568293,3.155997944592033,2.832595082213839,2,0,0,1,0.9082000000000001,0.9246,7.0,1.0,5.5,45.45454545454545,58.333333333333336,120,-140,7,1
2024-25,2025-03-07,MIN,VAN,999,2.6847228378455283,2.9660557081731445,2.7777074982734904,3.0350150652900405,2.865089428723847,2.915513480524003,2.852938168746323,3.0132628624039706,1,2,0,0,0.9052666666666667,0.9094333333333334,7.0,8.0,5.5,48.309178743961354,55.75221238938053,107,-126,4,0
2024-25,2025-03-07,PIT,VGK,1000,3.1345103231146876,2.801345302379554,2.8585408158334134,3.48299321210851,3.301316605870335,2.5586242608024237,2.6573507206739384,3.349868991088595,1,2,0,0,0.8880666666666666,0.8955333333333333,9.0,2.0,6.5,54.54545454545454,50.0,-120,-100,4,0
2024-25,2025-03-07,DET,WSH,1001,3.3350727546899193,2.845375978773022,2.9954275022528347,3.14790940950305,3.3728145556275213,2.9077610292253406,2.881834322104517,3.1424275407167723,1,0,0,1,0.9146333333333333,0.9055333333333333,8.0,8.0,6.0,55.55555555555556,48.78048780487805,-125,105,7,1
2024-25,2025-03-08,MTL,CGY,1002,2.688995405994573,2.927074078954451,3.040341993159508,3.1115038694796637,2.9402796239887237,2.8689576699108192,3.070019523964179,3.1658997904867263,1,1,0,0,0.9062333333333334,0.9069,6.0,6.0,6.0,50.0,54.54545454545454,-100,-120,1,0
2024-25,2025-03-08,TOR,COL,1003,3.244325426646236,2.722159178743719,3.2233584269656466,3.0543618411544786,3.497720504267569,2.692759407677552,3.265512116316132,3.116204922645376,1,2,0,0,0.9098666666666666,0.9251333333333333,2.0,7.0,6.5,50.495049504950494,53.91705069124424,-102,-117,11,1
2024-25,2025-03-08,DAL,EDM,1004,3.1268416824696157,3.0998067784388352,3.4685797198495907,2.819011872550816,3.1805513036936084,2.8626655124412013,3.233463024029969,3.0156582491396673,1,1,0,0,0.9004333333333334,0.9091000000000001,2.0,9.0,6.5,53.48837209302325,51.21951219512195,-115,-105,9,1
2024-25,2025-03-08,BUF,FLA,1005,3.1536331688602477,2.531005610940442,3.2435136069554256,3.4667762372013002,3.1484718103198817,2.4500404561443223,2.967186638791903,3.4983806535665165,1,1,0,0,0.8846571428571429,0.8966,3.0,4.0,6.0,54.54545454545454,50.0,-120,-100,4,0
2024-25,2025-03-08,STL,LAK,1006,2.761752579758754,2.9568698516379546,3.1197505400850756,2.973042636051956,3.24879036446437,2.602039229103698,2.9759577867899782,3.15533011433578,2,0,0,1,0.904,0.9040333333333332,0.0,2.0,5.5,50.0,54.54545454545454,-100,-120,3,0
2024-25,2025-03-08,CHI,NSH,1007,2.901753974078579,3.345587787876049,3.0763244578847284,3.4312287239008183,3.0924995511136997,2.9753146342434644,2.7885036388179025,3.546325648924383,1,0,0,1,0.9011,0.8963333333333333,11.0,2.0,6.5,50.0,54.54545454545454,-100,-120,5,0
2024-25,2025-03-08,NYR,OTT,1008,2.877303538286145,2.997025608195772,3.0830995805334935,2.943440025102553,3.20588426151813,2.8206269638377677,3.1167857346884476,3.324516339905887,2,2,0,0,0.9113,0.9079333333333334,4.0,6.0,6.0,50.495049504950494,53.48837209302325,-102,-115,7,1
2024-25,2025-03-08,SEA,PHI,1009,2.896204165612583,3.15625991292719,2.994740583304469,3.320070513805484,3.162328881264819,3.0446852307658374,2.851091336993213,3.496478121333736,1,1,0,0,0.8896666666666667,0.8769333333333333,3.0,0.0,6.0,50.24875621890548,54.337899543378995,-101,-119,5,0
2024-25,2025-03-08,NYI,SJS,1010,2.8242456721394427,3.609346095066772,2.892099026226297,2.9871760198084445,2.8531389274784815,3.421761852724682,2.715610821023917,3.034051890226777,1,3,0,0,0.8827333333333333,0.9054666666666668,7.0,8.0,6.0,52.38095238095239,52.38095238095239,-110,-110,6,
2024-25,2025-03-08,BOS,TBL,1011,3.3869754162338617,2.646564174792267,2.809577872230632,3.147170801331955,3.608522995879798,2.4909910522619807,2.580285337041359,3.4844163526824325,1,1,0,0,0.9139333333333334,0.9027000000000001,1.0,10.0,6.0,50.0,54.54545454545454,-100,-120,4,0
2024-25,2025-03-09,NYI,ANA,1012,2.937272500279589,3.0745232903057715,2.9275448260683348,2.957340790983713,3.0441947453949667,2.961684170125657,2.763870528721716,2.999001093779405,1,0,0,1,0.9074333333333333,0.9222941176470588,9.0,7.0,6.0,51.21951219512195,53.48837209302325,-105,-115,5,0
2024-25,2025-03-09,WPG,CAR,1013,2.911993161432225,2.790227200036984,3.2666413562907435,2.4465007734623656,3.39867918918718,2.642776475352382,3.2458622299728472,2.775045320256056,2,1,0,0,0.9205727272727273,0.9249333333333334,3.0,1.0,5.5,51.45631067961165,53.051643192488264,-106,-113,6,1
2024-25,2025-03-09,PIT,MIN,1014,2.726048634050057,3.0320291073783467,2.773371129573919,3.4897310638915156,2.8434466984451308,3.0247231788008238,2.5672991905421,3.369114980570315,1,1,0,0,0.9009666666666668,0.8904000000000001,8.0,2.0,6.0,50.495049504950494,54.12844036697248,-102,-118,4,0
2024-25,2025-03-09,CBJ,NYR,1015,3.0786090365258776,2.97584573489078,3.181274944438285,3.102412486298904,2.9848570902244775,2.7178375723079577,2.6700772944716027,3.319560031523179,0,2,1,0,0.9058333333333334,0.8916200000000001,6.0,11.0,6.5,51.21951219512195,53.48837209302325,-105,-115,10,1
2024-25,2025-03-09,NJD,PHI,1016,2.840382853000805,3.1792115087786748,2.7809022762846975,2.7652597674127537,3.0850264567653185,3.0765258426373934,2.844855445026235,2.823406974946195,0,1,1,0,0.8598482758620689,0.9041999999999999,3.0,7.0,5.5,50.98039215686274,54.337899543378995,-104,-119,4,0
2024-25,2025-03-09,DAL,VAN,1017,2.6981360945228317,2.9054541528607936,3.4761988283961553,2.887396143222001,2.8740907984119697,2.8452764483115676,3.2537694765676104,3.084159274123683,1,0,0,1,0.907,0.9063172413793104,7.0,11.0,5.5,54.54545454545454,50.0,-120,-100,5,0
2024-25,2025-03-09,LAK,VGK,1018,3.1574147102946397,2.7182267496143857,2.741325188782947,2.8968098549011807,3.3204565876304075,2.4759567393748867,2.460180203104169,3.1201506594543105,1,0,0,1,0.9073666666666667,0.8986333333333332,8.0,0.0,5.5,54.54545454545454,50.0,-120,-100,11,1
2024-25,2025-03-09,SEA,WSH,1019,3.380151747887845,2.822301488351247,3.0255755606185755,3.244775750992421,3.42270933583224,2.877318348848121,2.8953057953435497,3.3996821329994367,1,0,0,1,0.9010333333333332,0.9122666666666667,8.0,0.0,6.0,51.21951219512195,53.271028037383175,-105,-114,6,
2024-25,2025-03-10,EDM,BUF,1020,3.1402365494457407,3.474675587446571,3.1815102905382737,3.1253821334379834,3.3756328467065297,3.242262328138384,3.1137192651779557,3.1481108753322355,1,1,0,0,0.8970666666666667,0.8996333333333334,2.0,2.0,6.5,54.54545454545454,50.0,-120,-100,5,0
2024-25,2025-03-10,CHI,COL,1021,3.354703444941444,2.7660134998455446,3.0425206120786528,3.4111478336569094,3.6096499981025607,2.7425813682236058,2.7659088441352324,3.5169719634384764,1,1,0,0,0.9018846153846153,0.9100666666666667,2.0,0.0,6.5,51.21951219512195,53.48837209302325,-105,-115,3,0
2024-25,2025-03-10,DET,OTT,1022,2.913177180076895,2.9968739528580657,2.9645923128530307,3.2010127986423136,3.2295508039797345,2.830120781581479,2.8498074832634286,3.206807835487941,1,2,0,0,0.9105666666666666,0.904,5.0,8.0,6.0,52.38095238095239,52.38095238095239,-110,-110,3,0
2024-25,2025-03-10,TOR,UTA,1023,2.912190839809739,2.9392200221180502,3.242739534223504,3.1727299990059517,2.8290516736275997,2.797150642735521,3.2835891803076316,3.249801455922731,2,1,0,0,0.9056666666666667,0.9055,6.0,7.0,6.0,52.38095238095239,51.92307692307693,-110,-108,7,1
2024-25,2025-03-11,WSH,ANA,1024,2.9702803115073646,3.0100300779402773,3.391944760218822,2.7995471228870414,3.0777625025712076,2.892494394320693,3.2504959239849534,2.708413728393048,1,1,0,0,0.9084333333333333,0.9143000000000001,9.0,8.0,6.0,53.48837209302325,50.495049504950494,-115,-102,11,1
2024-25,2025-03-11,FLA,BOS,1025,2.8489673214123243,3.0497641256650723,3.1759240348766915,2.461158940329187,3.0567043681657444,2.8363688568901826,3.19617336275245,2.989772665496129,2,2,0,0,0.9040333333333334,0.9098,10.0,3.0,5.5,51.21951219512195,53.48837209302325,-105,-115,5,0
2024-25,2025-03-11,TBL,CAR,1026,2.9470029455603157,2.7703100767919855,3.2778437393835924,2.693526344249481,3.4130280978847733,2.627571551940287,3.0783790046307655,3.0218157038273796,1,2,0,0,0.9056666666666667,0.9134,4.0,0.0,5.5,54.12844036697248,50.0,-118,100,5,0
2024-25,2025-03-11,NYI,LAK,1027,2.8452992019874856,2.9630816157487496,2.8704445305053956,2.989922027266391,3.1981441544652065,2.55096461882981,2.706712636753167,3.035033212179152,1,1,0,0,0.9046,0.9064,0.0,6.0,5.5,50.0,54.54545454545454,-100,-120,5,0
2024-25,2025-03-11,COL,MIN,1028,2.678460191149338,3.030758674188912,3.337916251858358,2.6859111584073743,2.7830234127110165,3.022288621559031,2.8781830585956705,2.9963577276742397,1,0,0,1,0.9092333333333333,0.9087333333333334,8.0,2.0,5.5,52.38095238095239,52.38095238095239,-110,-110,3,0
2024-25,2025-03-11,CBJ,NJD,1029,2.7904864386218073,2.7150517039223754,3.294262583659751,3.0976566436673356,2.937447533026349,2.656640710894411,2.821978653090015,3.3046922415703137,1,1,0,0,0.9062000000000001,0.8973666666666666,7.0,11.0,5.5,54.54545454545454,50.0,-120,-100,8,1
2024-25,2025-03-11,OTT,PHI,1030,2.7870161290559707,3.170557295571782,2.8869723724431666,2.936392520389612,3.015083155833654,3.0691144257427037,2.6198162753829477,3.0742380196795707,1,0,0,1,0.8613666666666666,0.8936666666666667,3.0,5.0,5.5,52.60663507109005,52.38095238095239,-111,-110,7,1
2024-25,2025-03-11,VGK,PIT,1031,2.7841347994631067,3.406688431107001,3.2111677459844494,2.822897023188316,3.1414611965518975,3.4909865671469795,2.984977041851291,3.1357896531126905,1,1,0,0,0.8930666666666667,0.8905999999999998,4.0,7.0,6.5,49.26108374384236,54.54545454545454,103,-120,5,0
2024-25,2025-03-11,NSH,SJS,1032,2.8016651217343984,3.610655222597117,2.9056361007715985,3.298335203378605,2.8264235427727042,3.4324592805114538,2.627935157011743,3.5355850718377453,2,2,0,0,0.8824000000000001,0.8998666666666667,9.0,11.0,6.5,50.98039215686274,53.48837209302325,-104,-115,5,0
2024-25,2025-03-11,MTL,VAN,1033,2.6514085336665003,2.9400982794294004,2.9460918152730846,3.0442813523333085,2.814140187328105,2.8852487583724837,2.958829223750055,3.0882893907400284,1,2,0,0,0.9061333333333333,0.9006000000000001,7.0,6.0,5.5,49.504950495049506,54.75113122171946,102,-121,6,1
2024-25,2025-03-11,NYR,WPG,1034,3.2237656017572984,2.502414494546235,3.075117805311089,3.0983917347913144,3.277332132227462,2.3184397498633547,3.1100074130151003,3.340710193281085,1,1,0,0,0.9244000000000001,0.9076666666666667,0.0,6.0,5.5,54.54545454545454,50.0,-120,-100,3,0
2024-25,2025-03-12,VAN,CGY,1035,2.6410091315281634,2.8375845322703337,2.637152378068827,2.9729681811965127,2.8743467784538304,2.769023485583394,2.699017901587675,3.0938612608872726,3,0,0,1,0.9075666666666667,0.9057999999999999,6.0,6.0,5.5,48.07692307692308,55.55555555555556,108,-125,7,1
2024-25,2025-03-12,BUF,DET,1036,2.9051521735544292,3.1608327179704148,3.132497700492356,3.4209228184661136,3.076454728815754,3.1047739542230914,2.8609723758653995,3.5046348856069343,1,1,0,0,0.8959333333333334,0.8979333333333334,8.0,1.0,6.5,51.21951219512195,53.48837209302325,-105,-115,10,1
2024-25,2025-03-12,MTL,SEA,1037,2.993638178114734,3.263132687704894,2.9795474028315327,3.0125308511638207,3.107612154595585,3.012978355284172,2.993497438755283,3.052547573387354,2,0,0,1,0.9117333333333334,0.9090857142857144,0.0,6.0,6.0,54.54545454545454,50.0,-120,-100,9,1
2024-25,2025-03-12,ANA,UTA,1038,2.917548685202863,2.9736234109187665,3.003068568595137,3.1318868039430496,2.8423546487548657,2.840868297667681,2.7172389384275926,3.1549907668995587,1,0,0,1,0.9052666666666667,0.8798789473684211,6.0,9.0,6.0,54.12844036697248,50.0,-118,-100,5,0
2024-25,2025-03-13,VGK,CBJ,1039,3.2816192999968226,3.1548187429583816,3.171605423093569,2.8317884561443427,3.7611761171528255,2.932491179365026,2.9487041796630753,3.132016809389651,1,1,0,0,0.8962333333333333,0.9055666666666667,12.0,7.0,6.5,50.0,54.54545454545454,-100,-120,4,0
2024-25,2025-03-13,WSH,LAK,1040,2.8829618569968876,2.9041545657211563,3.495251204640476,2.8397114181464667,3.2253621688192498,2.502050916120086,3.3739656086657517,2.7616605434511046,1,1,0,0,0.906,0.9022333333333333,0.0,8.0,5.5,54.54545454545454,50.0,-120,-100,3,0
2024-25,2025-03-13,NYR,MIN,1041,2.662909241828007,2.96850859273026,3.0111728248133542,3.063621852586896,2.761803655858792,2.9484600610528857,3.032518822567909,3.291397137098382,1,1,0,0,0.9099666666666667,0.9078,8.0,9.0,5.5,52.38095238095239,52.38095238095239,-110,-110,5,0
2024-25,2025-03-13,EDM,NJD,1042,2.8607179995027865,2.728366356527323,3.141510202278576,3.118313780923735,3.012102808726248,2.6730672826660413,3.068346974379685,3.142077114066013,1,2,0,0,0.9054666666666668,0.8993,7.0,2.0,6.0,51.21951219512195,53.48837209302325,-105,-115,5,0
2024-25,2025-03-13,BOS,OTT,1043,2.952399059394375,2.9085835603932733,2.8548242579544643,3.016050328977195,3.1841774127928595,2.7658111803528778,2.6347014211151243,3.3543021277957354,1,1,0,0,0.9131666666666668,0.9044333333333332,5.0,10.0,5.5,51.21951219512195,53.48837209302325,-105,-115,9,1
2024-25,2025-03-13,TBL,PHI,1044,2.7667675124780966,3.223086723908568,3.20375235084745,2.7376679582562677,2.9827650579709104,3.1309867083604432,3.0004636110133753,3.0586061409587924,1,1,0,0,0.8893333333333333,0.8930416666666666,5.0,1.0,6.0,51.21951219512195,53.48837209302325,-105,-115,7,1
2024-25,2025-03-13,STL,PIT,1045,2.794227300752468,3.357645353504007,3.052315873716142,2.942714341158437,3.137128897509785,3.428076555752725,2.906315978135869,3.1127800905962384,1,4,0,0,0.8952000000000001,0.9033666666666667,4.0,2.0,5.5,53.48837209302325,51.21951219512195,-115,-105,8,1
2024-25,2025-03-13,CHI,SJS,1046,2.781254561993918,3.5827698312981826,2.949568515765003,3.3917789098826905,2.804995124126062,3.4066987741119448,2.6714706799940835,3.4938170808321356,1,2,0,0,0.882,0.9098666666666666,9.0,0.0,6.0,54.54545454545454,50.0,-120,-100,6,
2024-25,2025-03-13,FLA,TOR,1047,3.2625459532624475,3.165499475674112,3.1372912338796484,2.486137794742327,3.0315694250470853,2.9173307300809377,3.146006111223782,2.9949787843277225,2,1,0,0,0.9225999999999999,0.9093333333333332,7.0,3.0,5.5,54.54545454545454,50.0,-120,-100,5,0
2024-25,2025-03-14,NSH,ANA,1048,2.9724121740593774,3.1254808595464523,2.910425219141909,3.2544636144072574,3.112505460593908,3.032295529124807,2.6447135479819415,3.476633526571619,1,2,0,0,0.9072333333333334,0.9002666666666665,13.0,11.0,6.5,50.0,54.54545454545454,-100,-120,3,0
2024-25,2025-03-14,DET,CAR,1049,2.979043252177688,2.7198116433619135,3.0310020270434426,3.1537084403292903,3.4290351443191156,2.574044334856533,2.783505729501052,3.1643111529611163,2,1,0,0,0.9200565217391304,0.8958666666666668,4.0,8.0,6.0,51.92307692307693,52.60663507109005,-108,-111,6,
2024-25,2025-03-14,COL,CGY,1050,2.6583225229674303,2.8760200628852073,3.261393791146049,2.6699810432029176,2.8859062710363212,2.8115239904074936,2.811659855912758,2.9656345934884465,1,2,0,0,0.9073666666666665,0.9047777777777779,8.0,2.0,5.5,55.55555555555556,48.78048780487805,-125,105,6,1
2024-25,2025-03-14,EDM,NYI,1051,2.815350943163283,3.020170992438882,3.105049001153055,3.113195963017766,3.066836393001076,2.9391753376409104,3.027104745224024,3.13871525692066,2,0,0,1,0.9064,0.9,7.0,2.0,6.5,53.48837209302325,51.21951219512195,-115,-105,3,0
2024-25,2025-03-14,UTA,SEA,1052,3.053547171068225,3.2802703490338954,2.9200807229788444,2.9432779791068944,3.1719461066501076,3.0420646208489073,3.006563300506828,3.1214972185246825,1,1,0,0,0.8795333333333334,0.9052666666666667,0.0,4.0,6.0,53.48837209302325,51.21951219512195,-115,-105,6,
2024-25,2025-03-14,DAL,WPG,1053,3.1826161464195515,2.464656805386565,3.4832944548267495,2.831082193398976,3.2322150295870924,2.2813608265415435,3.2694969126912197,3.013981872346226,2,4,0,0,0.9247333333333334,0.9076333333333333,2.0,12.0,5.5,53.48837209302325,51.21951219512195,-115,-105,5,0
2024-25,2025-03-15,TBL,BOS,1054,2.861445502800801,3.105688375697429,3.1936191277204347,2.779543064810064,3.057111733004674,2.8043580477908288,2.996047618570587,3.092837372832953,1,1,0,0,0.9032333333333333,0.9126666666666667,10.0,0.0,5.5,53.48837209302325,51.21951219512195,-115,-105,8,1
2024-25,2025-03-15,VGK,BUF,1055,3.126304766334471,3.5224857051505123,3.192873832452662,2.7478683708985407,3.3585480137528396,3.1894744358260736,2.981966395574459,3.0228800155279503,2,1,0,0,0.896,0.9072333333333334,1.0,7.0,6.5,50.0,54.54545454545454,-100,-120,7,1
2024-25,2025-03-15,NYR,CBJ,1056,3.176876702919155,3.177036796826122,3.0106800066423633,3.030469764281936,3.618759005696224,2.966664908170889,3.027457403284433,3.245388846072286,1,1,0,0,0.8927307692307692,0.9081333333333333,12.0,7.0,6.0,54.54545454545454,50.0,-120,-100,4,0
2024-25,2025-03-15,NSH,LAK,1057,2.887601599809089,2.8168778146371554,2.853305140105182,3.211551913087491,3.215316049070998,2.419159089996496,2.592728344433177,3.4181836746744065,1,0,0,1,0.9071999999999999,0.9013000000000001,0.0,9.0,5.5,53.48837209302325,51.21951219512195,-115,-105,1,0
2024-25,2025-03-15,STL,MIN,1058,2.6472138635451867,2.9687911549750665,3.048385861802837,3.004322002610672,2.7412636080684947,2.9471115127368597,2.9074040339549425,3.1750501760540804,1,1,0,0,0.9097666666666666,0.9046333333333333,8.0,2.0,5.5,48.07692307692308,55.947136563876654,108,-127,6,1
2024-25,2025-03-15,FLA,MTL,1059,3.0090458218182197,3.070751326816429,3.129078928491995,2.478046774479142,2.9844535816150595,3.1211628753046567,3.1355262586564963,2.9594886590515883,2,1,0,0,0.9012,0.9095333333333334,5.0,3.0,5.5,48.78048780487805,55.55555555555556,105,-125,4,0
2024-25,2025-03-15,CAR,PHI,1060,2.806108459067065,3.211025817706875,3.008745931114822,2.7011604362857895,3.0171682687381187,3.120552938915303,2.575005580943381,3.040002702592385,1,0,0,1,0.8887333333333333,0.9066,5.0,4.0,5.5,52.38095238095239,52.38095238095239,-110,-110,5,0
2024-25,2025-03-15,NJD,PIT,1061,2.862036026250562,3.3390151133372434,2.8656604397649965,2.7092936858431926,3.1960468242996494,3.4028327235997824,2.8485922360214513,2.7635940281518327,1,1,0,0,0.8960000000000001,0.9054666666666666,4.0,7.0,5.5,50.0,54.54545454545454,-100,-120,10,1
2024-25,2025-03-15,WSH,SJS,1062,2.8199405124205716,3.5238218600670854,3.3799923308590376,2.8456409519489316,2.84885132370205,3.347835464116779,3.246839657474386,2.7749964415726627,1,1,0,0,0.8828,0.9133,9.0,8.0,6.0,52.38095238095239,52.38095238095239,-110,-110,6,
2024-25,2025-03-15,OTT,TOR,1063,3.218368165680896,3.156110880540044,3.0447089659973403,2.912154730763557,2.9938273773805304,2.919902996532722,2.705188860616644,3.035457619882008,1,1,0,0,0.9215999999999999,0.9125666666666667,7.0,5.0,6.0,52.38095238095239,52.38095238095239,-110,-110,6,
2024-25,2025-03-15,CHI,VAN,1064,2.683599570664578,2.9734853158227663,2.92002712750582,3.402066499802026,2.789041086950504,2.9234169342714615,2.653102188943227,3.499805253397368,2,1,0,0,0.8702947368421053,0.8969333333333334,5.0,0.0,5.5,53.48837209302325,51.21951219512195,-115,-105,8,1
2024-25,2025-03-16,DAL,COL,1065,3.27875307898206,2.6545096177115335,3.4000795854456416,2.869082391374785,3.5780595523353624,2.6501050348792368,3.186671188980483,3.047480394721456,1,1,0,0,0.9052142857142856,0.9065666666666667,5.0,9.0,6.0,51.690821256038646,52.83018867924528,-107,-112,7,1
2024-25,2025-03-16,VGK,DET,1066,2.998847920194343,3.1762688733096396,3.183757142119214,2.789699996679951,3.20869531033745,3.0966952244091366,2.9820474848585232,3.0566125125193637,1,0,0,1,0.8961333333333333,0.8894666666666666,8.0,7.0,6.5,49.504950495049506,54.95495495495496,102,-122,3,0
2024-25,2025-03-16,FLA,NYI,1067,2.7624451050904546,2.9879693952654613,3.063085443528238,2.5026862832359535,2.9938850727914383,2.9055600928660557,3.0580526761446234,2.964571026813941,1,0,0,1,0.907,0.8875068965517241,8.0,3.0,5.5,51.21951219512195,53.48837209302325,-105,-115,6,1
2024-25,2025-03-16,EDM,NYR,1068,3.039547135494167,2.937726181339647,3.0689364566537707,3.046488163773719,2.9857599506316337,2.8658327940807786,2.9890614628094294,3.0634742356314857,0,1,1,0,0.9090666666666666,0.8989,7.0,3.0,6.5,51.21951219512195,53.051643192488264,-105,-113,4,0
2024-25,2025-03-16,WPG,SEA,1069,3.0803827016405467,3.2362130179174255,3.2034523149931844,2.428377081274852,3.19687631427915,3.0041581485601583,3.195334931435452,2.819757757527986,1,1,0,0,0.9107999999999999,0.8984307692307693,0.0,2.0,6.0,51.21951219512195,53.48837209302325,-105,-115,5,0
2024-25,2025-03-16,ANA,STL,1070,3.1063096639103063,2.9436057555734867,2.9414473248670774,3.057168910934642,3.094654906480998,2.8245548361542974,2.6934989360066153,3.1454817393314043,0,1,1,0,0.9022333333333333,0.9081,2.0,13.0,5.5,54.54545454545454,50.0,-120,-100,9,1
2024-25,2025-03-16,UTA,VAN,1071,2.78918519228589,2.944702513147296,2.893071409831266,2.9756192973011406,2.9069303726686213,2.889294123438113,2.9696791891644834,3.1504808914187032,0,1,1,0,0.9053333333333333,0.9046666666666667,8.0,6.0,5.5,53.48837209302325,51.21951219512195,-115,-105,4,0
2024-25,2025-03-17,BUF,BOS,1072,2.8370679172655566,3.1904889221079835,3.1496623545858937,3.4970966263164924,3.020604097810958,2.9132640884140497,2.863989284249375,3.6177531470308324,1,1,0,0,0.8936,0.8955333333333333,10.0,2.0,6.0,52.60663507109005,51.92307692307693,-111,-108,5,0
2024-25,2025-03-17,NJD,CBJ,1073,3.0766482172841783,3.197663616785119,2.8722210622894906,2.843644608730935,3.482356055353125,3.0002592352952457,2.8537126177894456,2.912709330057453,1,1,0,0,0.9074333333333333,0.9064666666666668,12.0,7.0,6.0,52.38095238095239,52.38095238095239,-110,-110,3,0
2024-25,2025-03-17,LAK,MIN,1074,2.6025881618778683,3.0298947414216135,2.8308031937698552,2.733118298471243,2.686879507998191,3.016429667460063,2.5832867034456077,3.1811128647893403,1,1,0,0,0.9089666666666666,0.9086,9.0,0.0,5.5,45.45454545454545,58.333333333333336,120,-140,4,0
2024-25,2025-03-17,PHI,TBL,1075,3.2735342124417866,2.7578870220527314,2.724024529078476,3.2607865355145385,3.471032130303848,2.5467951934274367,2.6957590458554543,3.3023570881972732,1,1,0,0,0.9122,0.8595666666666666,0.0,5.0,5.5,54.54545454545454,50.0,-120,-100,2,0
2024-25,2025-03-17,CGY,TOR,1076,3.1761243790066738,3.1771990178322294,2.6409292172834977,2.9089911893880043,2.9618065163682767,2.9522716385021823,2.569130120470121,3.0519487143195616,1,2,0,0,0.9055666666666667,0.9069666666666668,7.0,8.0,5.5,54.54545454545454,50.0,-120,-100,8,1
2024-25,2025-03-18,SEA,CHI,1077,2.892061710618103,3.472365191545281,3.045351411253475,3.224073301621832,3.144311390833528,3.2002629327335477,2.857279243581874,3.4127219902303083,2,1,0,0,0.9089333333333334,0.9105333333333333,0.0,0.0,6.0,51.690821256038646,52.83018867924528,-107,-112,8,1
2024-25,2025-03-18,ANA,DAL,1078,3.3799371233737983,2.9038945655660373,2.913330923805567,3.1745313338151773,3.428675790961397,2.6052447139599306,2.6719973092367058,3.2754373771874596,1,1,0,0,0.9062333333333334,0.9061666666666667,9.0,13.0,6.0,53.91705069124424,50.0,-117,-100,7,1
2024-25,2025-03-18,UTA,EDM,1079,3.064731690878846,2.9829827439009624,2.897062042550658,2.9154245372536107,3.2361971174410997,2.897860665508005,2.967978090604235,3.0760035545548825,1,1,0,0,0.9018,0.9050666666666667,1.0,6.0,6.0,54.54545454545454,50.0,-120,-100,8,1
2024-25,2025-03-18,OTT,MTL,1080,3.0080799895794184,3.0064792778256044,3.072152163780763,2.8853421947716886,2.988658041988111,3.041974778482685,2.7486404525735524,3.003913724322332,2,2,0,0,0.9018,0.9126333333333333,5.0,5.0,5.5,54.12844036697248,50.0,-118,100,9,1
2024-25,2025-03-18,STL,NSH,1081,2.7686192128013074,3.140391104142658,3.22222321129054,2.916421511877279,3.0864761639821174,2.93684529815098,2.975694947842586,3.102376411135403,2,1,0,0,0.9,0.9054333333333333,9.0,2.0,5.5,50.0,54.54545454545454,-100,-120,5,0
2024-25,2025-03-18,CGY,NYR,1082,2.9771089979130494,2.940281386640119,2.6290721110702457,3.005507948274849,2.9218072739462717,2.869072684578409,2.5560009565086417,3.157600557097894,1,0,0,1,0.9086666666666666,0.8888333333333333,7.0,8.0,5.5,54.54545454545454,50.0,-120,-100,3,0
2024-25,2025-03-18,NYI,PIT,1083,2.9885825893480016,3.3230612749965673,2.80287801025803,2.9574638325272673,3.3243367419639958,3.3774565139217394,2.6474780967792406,3.067408088374858,2,1,0,0,0.8958666666666666,0.9071333333333335,5.0,8.0,6.0,50.0,54.54545454545454,-100,-120,6,
2024-25,2025-03-18,WPG,VAN,1084,2.737813236706537,2.946440439539851,3.1934806600394756,2.4242837317420554,2.8456520282826356,2.8916361431988022,3.1814248831525305,2.797863674076618,1,1,0,0,0.9054000000000001,0.9248666666666666,9.0,2.0,5.5,47.16981132075472,56.52173913043478,112,-130,8,1
2024-25,2025-03-18,DET,WSH,1085,3.4221134806776514,2.7919317053031794,2.9978874684422876,3.076536739758851,3.435803575472424,2.8415438226532665,2.7560159547763696,3.19054485300431,2,1,0,0,0.9137000000000001,0.8974000000000001,8.0,8.0,6.0,54.54545454545454,50.0,-120,-100,5,0
2024-25,2025-03-19,SEA,MIN,1086,2.621356272482462,2.9685475727964694,3.1344795993113403,3.184539994892106,2.708298210688586,2.9430986744353187,2.9648721292612925,3.361300129000533,1,0,0,1,0.9096999999999998,0.8809333333333332,10.0,0.0,5.5,52.38095238095239,52.38095238095239,-110,-110,4,0
2024-25,2025-03-19,COL,TOR,1087,3.25938774573352,3.1397223564818835,3.2945708535562983,2.6691981118585946,3.070284759146933,2.9175664467855675,2.849864908414934,2.9340241875144044,1,2,0,0,0.9059,0.9092,7.0,5.0,6.0,52.15311004784689,52.15311004784689,-109,-109,3,0
2024-25,2025-03-20,FLA,CBJ,1088,3.011714461739851,3.1572723683902857,3.028491407499668,2.554390956295453,3.392858513555859,2.959766542655997,3.014366735676977,3.0036347118630045,2,3,0,0,0.8961666666666666,0.9086,12.0,5.0,5.5,54.54545454545454,50.0,-120,-100,1,0
2024-25,2025-03-20,LAK,CHI,1089,2.8662289489819974,3.5400973159007774,2.776882160026821,2.7441797467683378,3.1057109561301868,3.2873262250528468,2.5313400040427276,3.175375234118022,1,2,0,0,0.9058666666666667,0.9084,0.0,0.0,5.5,53.48837209302325,51.21951219512195,-115,-105,4,0
2024-25,2025-03-20,TBL,DAL,1090,3.39106390158638,2.9069957697497286,3.229256295145683,2.677253549406064,3.442934008135584,2.6202072023416667,3.0923381621675987,3.0527146603004365,1,2,0,0,0.9078333333333333,0.913,9.0,0.0,6.0,51.690821256038646,52.38095238095239,-107,-110,5,0
2024-25,2025-03-20,WPG,EDM,1091,3.1805570960527008,2.921817831430716,3.152578318501563,2.539440476799325,3.3612105846544025,2.829746218476748,3.1328472394636533,2.9106465957652463,1,1,0,0,0.8995666666666667,0.9232,3.0,2.0,6.0,50.0,54.54545454545454,-100,-120,7,1
2024-25,2025-03-20,CGY,NJD,1092,2.8458669275658552,2.7885241658607307,2.613995943269262,2.9427463429451493,3.0110430290977166,2.6477386674965904,2.5401123556883056,3.081362462354903,2,1,0,0,0.9029333333333334,0.9054333333333332,9.0,8.0,5.5,46.51162790697674,57.446808510638306,115,-135,8,1
2024-25,2025-03-20,ANA,NSH,1093,2.717043922762205,3.1620373900302043,2.916314677382028,3.1955112076561796,3.013150141368619,2.970335273265965,2.684535731661942,3.2969097021718854,1,1,0,0,0.9027000000000001,0.9019333333333334,9.0,12.0,6.0,50.0,54.54545454545454,-100,-120,5,0
2024-25,2025-03-20,MTL,NYI,1094,2.8407058376194225,2.9277548453406497,3.0965353546894216,3.0044915883886145,3.028647962422457,2.8703260328322173,3.0203927330622915,3.1156889225042304,1,1,0,0,0.9071333333333335,0.9015333333333333,8.0,5.0,5.5,55.55555555555556,48.78048780487805,-125,105,7,1
2024-25,2025-03-20,TOR,NYR,1095,2.9161562399647987,2.9111296356075753,3.216028171412034,3.0717909995378743,2.8583583541432427,2.838431401620342,3.295577487899022,3.2353137373029544,1,0,0,1,0.9092666666666667,0.9206666666666666,8.0,7.0,5.5,54.54545454545454,50.0,-120,-100,7,1
2024-25,2025-03-20,COL,OTT,1096,3.067435596115026,2.9798341142136806,3.2197055510734893,2.653441861861507,3.2773370924714373,2.7720196316573578,2.788507499525937,2.9028334301397285,1,0,0,1,0.9117666666666667,0.9039517241379309,5.0,6.0,6.0,53.48837209302325,51.21951219512195,-115,-105,6,
2024-25,2025-03-20,CAR,SJS,1097,2.7658014850527737,3.557506338768705,3.0669197175186245,2.62278148587954,2.788247223007335,3.3930236551771475,2.662329989827031,2.9346924936490026,4,4,0,0,0.9531999999999999,0.9202083333333334,10.0,3.0,6.0,50.24875621890548,54.54545454545454,-101,-120,4,0
2024-25,2025-03-20,VAN,STL,1098,3.239839067064818,2.8579496320302993,2.838870270731512,2.917279172944975,3.22571632777787,2.7953972815056582,2.743161349443156,3.0867054905395204,1,1,0,0,0.9025666666666666,0.9054666666666668,2.0,8.0,5.5,43.47826086956522,60.0,130,-150,7,1
2024-25,2025-03-20,BUF,UTA,1099,2.840368428377464,3.0386661507969364,3.1406406635521145,3.441672421563466,2.846649429773091,2.80851725327457,2.867209788249783,3.549975195192334,1,2,0,0,0.9041333333333335,0.8987260869565218,6.0,3.0,6.0,54.54545454545454,50.0,-120,-100,7,1
2024-25,2025-03-20,BOS,VGK,1100,3.0819700957757084,2.796763200538741,2.812657041952338,3.179771815298999,3.3700586869069324,2.5972684421549697,2.6483656472459307,3.4371014093368633,3,2,0,0,0.9075000000000001,0.9032333333333333,5.0,10.0,5.5,53.48837209302325,51.21951219512195,-115,-105,6,1
2024-25,2025-03-20,PHI,WSH,1101,3.4311228569137953,2.739824912182489,2.645647641393993,3.2176887673853263,3.4467733930821782,2.7792157933764114,2.6054362249911986,3.2543242236226826,1,2,0,0,0.9020333333333334,0.8876000000000001,8.0,5.0,5.5,54.54545454545454,50.0,-120,-100,5,0
2024-25,2025-03-21,CBJ,PIT,1102,2.957694270456657,3.336782514193102,2.920062938950086,3.08898967187273,3.274747359969692,3.3878869079952634,2.824483306184655,3.3548497575238514,2,0,0,1,0.8947333333333333,0.8972333333333332,5.0,13.0,6.0,54.54545454545454,50.0,-120,-100,9,1
2024-25,2025-03-22,PHI,DAL,1103,3.3436561074846822,2.9122089843038745,2.6324549702344986,3.2080416582192623,3.3885952089258162,2.639405697452344,2.5896506784584563,3.24457297087239,1,1,0,0,0.9059,0.8614999999999999,9.0,5.0,5.5,53.48837209302325,51.21951219512195,-115,-105,5,0
2024-25,2025-03-22,SEA,EDM,1104,3.173064185192414,2.956422459100967,3.036894667825732,3.204854939356911,3.345451584971657,2.87119805503179,2.8618904068907107,3.3768827534028265,1,2,0,0,0.8988333333333334,0.9108666666666666,5.0,1.0,6.0,51.21951219512195,53.48837209302325,-105,-115,9,1
2024-25,2025-03-22,CAR,LAK,1105,2.7881587173191322,2.6966327025390457,3.0645657426740702,2.580799220899993,3.134663787523805,2.339440529415851,2.6767335708852973,2.8749850504780006,1,1,0,0,0.8970999999999999,0.9082000000000001,0.0,5.0,5.5,45.45454545454545,58.333333333333336,120,-140,9,1
2024-25,2025-03-22,BUF,MIN,1106,2.668803063905211,2.8795160171867886,3.1053318056758155,3.4828761837602036,2.7600656731296973,2.841344682487001,2.8363295921031417,3.596200210902923,2,1,0,0,0.9110333333333333,0.8956666666666667,7.0,2.0,5.5,53.051643192488264,51.45631067961165,-113,-106,5,0
2024-25,2025-03-22,COL,MTL,1107,3.0934354045560286,3.0357993464144117,3.2707049592211432,2.610463150409853,3.094212806416688,3.0354633261180597,2.863133359274368,2.8466005098903953,1,1,0,0,0.9008,0.9093333333333332,5.0,6.0,6.0,54.54545454545454,50.0,-120,-100,9,1
2024-25,2025-03-22,OTT,NJD,1108,2.855030491635024,2.8604549737830087,3.005600264712351,3.042594275215491,3.0162676275578635,2.7332424668488566,2.7580889533797084,3.107560539853694,1,1,0,0,0.9093333333333333,0.9098999999999999,8.0,5.0,5.5,50.495049504950494,53.48837209302325,-102,-115,5,0
2024-25,2025-03-22,TOR,NSH,1109,2.671471953046135,3.1861853668861926,3.237643965526095,3.070007054699718,2.950156072207011,3.0038125364574113,3.3117558486101752,3.228828264962227,1,1,0,0,0.8991333333333332,0.9076333333333333,9.0,7.0,5.5,52.38095238095239,52.38095238095239,-110,-110,7,1
2024-25,2025-03-22,CGY,NYI,1110,2.8801023479601984,2.932975702075257,2.694210870362311,2.9474248728309655,3.0681225824123883,2.8744840935634337,2.6303279435800464,3.0831374834636054,1,1,0,0,0.9197555555555557,0.8892333333333333,7.0,10.0,5.5,55.55555555555556,49.504950495049506,-125,102,7,1
2024-25,2025-03-22,VAN,NYR,1111,2.9219047711288537,2.9471660487265954,2.848375565142893,2.9532385878585363,2.8720324658242453,2.8778980392462836,2.7531019724778334,3.12405880117201,1,1,0,0,0.9086,0.9048,7.0,8.0,5.5,44.44444444444444,59.183673469387756,125,-145,8,1
2024-25,2025-03-22,BOS,SJS,1112,2.718517263970976,3.5336720833993063,2.7632669142845057,3.233588713558066,2.739551876290897,3.369133946228274,2.5954782892229136,3.4901194965077744,1,1,0,0,0.8822666666666668,0.8937333333333333,10.0,13.0,6.0,50.0,54.54545454545454,-100,-120,4,0
2024-25,2025-03-22,CHI,STL,1113,3.260798335112965,2.8665513787718124,2.8140960916835374,3.516881947508638,3.2564375784684922,2.801971175609913,2.6298017972669667,3.5809684928362704,1,1,0,0,0.9067000000000001,0.8938,3.0,3.0,5.5,52.38095238095239,52.38095238095239,-110,-110,5,0
2024-25,2025-03-22,TBL,UTA,1114,2.9096600465067946,3.0084802042645578,3.220605258905775,2.664116957018057,2.9310093228163283,2.779830031990499,3.085565553144599,3.022560891534644,1,1,0,0,0.9044,0.905,6.0,0.0,6.0,52.38095238095239,52.38095238095239,-110,-110,10,1
2024-25,2025-03-22,DET,VGK,1115,3.140617734153703,2.7481358796153628,2.9382887408073075,3.1036781684396497,3.4270802772054374,2.5468333815695967,2.6956056549307545,3.2207100407156712,1,3,0,0,0.9079666666666667,0.9041999999999999,5.0,12.0,6.0,51.690821256038646,52.83018867924528,-107,-112,9,1
2024-25,2025-03-22,FLA,WSH,1116,3.4137932516527076,2.7244787709598666,2.9689947306745372,2.4867999453174234,3.433061832745605,2.7538364837000344,2.944291549914941,2.909201197424393,1,1,0,0,0.9143666666666665,0.8883333333333333,8.0,5.0,5.5,53.48837209302325,51.21951219512195,-115,-105,9,1
2024-25,2025-03-23,CAR,ANA,1117,2.9535842330079847,3.1295495555822783,3.034017038105275,2.723158083382591,3.077693233808902,2.9550978190044606,2.656578644985488,3.025798419770608,2,0,0,1,0.9055666666666667,0.9218600000000001,12.0,3.0,5.5,54.54545454545454,50.0,-120,-100,7,1
2024-25,2025-03-23,PHI,CHI,1118,2.764387260684505,3.5247696216257998,2.6224439486918225,3.2014078947333253,3.040871131555331,3.271697390712746,2.5750034994392172,3.240907895315689,0,0,1,1,0.9067333333333334,0.8594333333333333,7.0,5.0,5.5,51.21951219512195,53.48837209302325,-105,-115,11,1
2024-25,2025-03-23,PIT,FLA,1119,2.972103062836697,2.6024188417055805,3.0539729827152375,3.3254561315954616,3.1785935544934483,2.369141528431205,2.5837554573016384,3.2878595755562463,0,1,1,0,0.9099333333333333,0.8967333333333334,5.0,5.0,5.5,54.54545454545454,49.504950495049506,-120,102,7,1
2024-25,2025-03-23,BOS,LAK,1120,2.9221847137129098,2.684254010433575,2.7166117418582187,3.225202608332574,3.2764901171186867,2.338084008005251,2.5469884076913507,3.47191376780745,0,0,1,1,0.9086666666666666,0.9024333333333333,1.0,13.0,5.5,47.61904761904761,56.52173913043478,110,-130,9,1
2024-25,2025-03-23,NSH,STL,1121,3.2819618345460264,2.8159051204010166,2.750419955627025,3.1509743578377556,3.285517806945155,2.7434518161120685,2.506461324334971,3.338466068876191,0,0,1,1,0.9019666666666666,0.9034333333333334,3.0,9.0,5.5,48.78048780487805,55.55555555555556,105,-125,5,0
2024-25,2025-03-23,TBL,VGK,1122,3.2269687530594218,2.7624210560458313,3.2436760040122885,2.7731928029101858,3.5129903617856333,2.568204999347799,3.1131608971227065,3.1309950568017335,0,0,1,1,0.8894666666666666,0.9129333333333334,5.0,0.0,6.0,53.48837209302325,51.21951219512195,-115,-105,6,
2024-25,2025-03-23,BUF,WPG,1123,3.180738637147622,2.5659597265696767,3.0436720053643116,3.4940699886336546,3.263405611382379,2.24510253282464,2.7742135957663794,3.609748047716226,2,0,0,1,0.8993740740740741,0.8987999999999999,2.0,2.0,6.0,51.21951219512195,53.48837209302325,-105,-115,8,1
2024-25,2025-03-24,MIN,DAL,1124,3.332290532703468,2.890769993452059,2.7180088883805,2.828792216614092,3.381080994559864,2.622086881445923,2.782385414871498,3.02113634747348,1,1,0,0,0.9059666666666667,0.9114333333333332,9.0,8.0,5.5,50.0,54.12844036697248,-100,-118,3,0
2024-25,2025-03-24,VAN,NJD,1125,2.8347278683260293,2.869920684910567,2.858267645101341,3.018381014157956,2.991666139592382,2.743848539643252,2.762475857722147,3.1946872382491183,1,1,0,0,0.9020666666666667,0.9007259259259259,7.0,10.0,5.0,54.54545454545454,50.0,-120,-100,7,1
2024-25,2025-03-24,CBJ,NYI,1126,2.888840769958998,2.9693530745494674,2.92848482938087,3.179850192068814,3.0743574036048984,2.912237789406955,2.8306002325037762,3.450806259935082,1,2,0,0,0.9074666666666668,0.8964333333333333,7.0,8.0,6.0,52.38095238095239,52.38095238095239,-110,-110,7,1
2024-25,2025-03-24,DET,UTA,1127,3.0073505419739597,3.0414813213732907,2.9438798496567755,3.191872035324401,3.0442526609176332,2.8234947503651733,2.709836430403919,3.319363932762456,1,1,0,0,0.9036000000000002,0.8966666666666666,6.0,9.0,6.5,49.504950495049506,54.75113122171946,102,-121,6,0
2024-25,2025-03-25,OTT,BUF,1128,3.1022786643498224,3.4715940567747627,3.0086563328842244,3.0138416156741745,3.382236095703438,3.174372794016384,2.768761308687411,3.077893632200478,1,2,0,0,0.8997999999999999,0.8952666666666665,5.0,4.0,6.0,55.15695067264574,49.01960784313725,-123,104,5,0
2024-25,2025-03-25,NSH,CAR,1129,3.0941845390432667,2.7075665065294574,2.701991984829115,3.1741488221533976,3.4481526241554405,2.556903464815622,2.4625648110907217,3.3570459130124033,1,1,0,0,0.9052,0.8994666666666667,3.0,9.0,5.5,53.48837209302325,51.21951219512195,-115,-105,4,0
2024-25,2025-03-25,SEA,CGY,1130,2.7413218833785526,2.952694715270238,3.0692561825522104,3.2594615006061645,2.864714176414442,2.8499386969126386,2.9008382704277604,3.435468380526081,2,2,0,0,0.9052333333333334,0.9101333333333332,8.0,1.0,5.5,53.48837209302325,51.21951219512195,-115,-105,7,1
2024-25,2025-03-25,DET,COL,1131,3.3216466797090516,2.661946041205448,3.0065712039555725,3.122851239872112,3.5920201019043665,2.6616980309641955,2.790937516417732,3.23669548283081,2,0,0,1,0.9086,0.9021333333333333,6.0,13.0,6.0,54.54545454545454,50.0,-120,-100,7,1
2024-25,2025-03-25,NYR,LAK,1132,3.046717627105379,2.669365558071205,2.98853715709009,2.952590332418836,3.4034124280718574,2.335953927245442,3.054076826540634,3.139397442472735,1,2,0,0,0.9080666666666667,0.9088666666666667,0.0,7.0,5.5,50.0,54.54545454545454,-100,-120,4,0
2024-25,2025-03-25,VGK,MIN,1133,2.640641209645313,2.836354965877496,3.2464378180517883,2.743308186634809,2.815910283777613,2.7794941140329095,2.8730162403472446,3.06438424266244,0,1,1,0,0.9009666666666668,0.9079,8.0,3.0,5.5,52.83018867924528,52.15311004784689,-112,-109,6,1
2024-25,2025-03-25,MTL,STL,1134,3.298678078722179,2.7642126660351605,3.1224560792612297,3.097586524113625,3.3060600560728237,2.687509001998292,3.017041445578512,3.155876920513917,1,2,0,0,0.9031666666666667,0.9006666666666665,3.0,5.0,5.5,55.75221238938053,48.309178743961354,-126,107,7,1
2024-25,2025-03-25,PIT,TBL,1135,3.20240816594616,2.81383785354674,3.0519997197652597,3.3409164806928415,3.4250563984809133,2.4638998752054917,2.6020154650100173,3.311037297691953,1,1,0,0,0.9126666666666667,0.8970000000000001,0.0,5.0,6.5,50.73891625615764,53.70370370370371,-103,-116,7,1
2024-25,2025-03-25,PHI,TOR,1136,3.1998372781123874,3.130133773780383,2.6713237511537327,3.3134761543667706,3.0439823598192204,2.851753509991336,2.6267061672212817,3.368837589281178,2,1,0,0,0.9201333333333334,0.8873333333333334,7.0,5.0,5.5,52.15311004784689,52.38095238095239,-109,-110,9,1
2024-25,2025-03-25,WSH,WPG,1137,3.1730803771085947,2.64679654910097,3.4873013289648673,2.7397660562564567,3.254423008630501,2.348369016682612,3.2943907198905147,2.7321795755098504,1,2,0,0,0.9226666666666666,0.9143000000000001,2.0,8.0,5.5,53.48837209302325,51.21951219512195,-115,-105,5,0
2024-25,2025-03-26,BOS,ANA,1138,2.9275758319103824,3.1855514372591536,2.700559541546295,3.335563702328032,3.047561883707831,3.021637025611288,2.532212937823325,3.588411930012857,2,2,0,0,0.9037333333333334,0.8938666666666667,12.0,13.0,6.0,51.92307692307693,52.83018867924528,-108,-112,8,1
2024-25,2025-03-26,NJD,CHI,1139,2.897425045403499,3.5325533651583654,2.8433858127855687,2.906937073665798,3.1823265776440572,3.2867081659632693,2.8205603196349447,2.8654890090744245,2,1,0,0,0.9056000000000001,0.9019333333333334,7.0,8.0,5.5,54.54545454545454,50.0,-120,-100,8,1
2024-25,2025-03-26,DAL,EDM,1140,3.230416287689559,2.99375917471858,3.317754708662941,2.806530176173544,3.4096283090604307,2.9077310607216993,3.1685959889001603,3.0933506451800334,3,1,0,0,0.8985000000000001,0.9074333333333333,5.0,9.0,6.0,52.83018867924528,51.92307692307693,-112,-108,7,1
2024-25,2025-03-26,VAN,NYI,1141,2.8953250649434508,3.0021612300197624,2.896325855514421,3.0190086458991274,3.0761644134726893,2.947720224269645,2.80581669574502,3.1902311567810786,1,1,0,0,0.9074000000000001,0.8999857142857142,6.0,10.0,5.5,43.47826086956522,60.1593625498008,130,-151,7,1
2024-25,2025-03-27,PIT,BUF,1142,3.098882019948221,3.421027755859389,2.991374973504732,3.4167147693746776,3.368468239462344,3.1286838425701995,2.553766801999615,3.400906253464944,1,1,0,0,0.9015461538461538,0.8942666666666668,5.0,3.0,6.0,54.54545454545454,50.73891625615764,-120,-103,10,1
2024-25,2025-03-27,DAL,CGY,1143,2.785801689789037,2.9573241974865265,3.3343488338740324,2.816767914679488,2.913527414582333,2.854979203406538,3.1923467440080424,3.0925091143016536,1,0,0,1,0.9049666666666667,0.9093666666666667,6.0,9.0,5.5,54.54545454545454,50.0,-120,-100,7,1
2024-25,2025-03-27,LAK,COL,1144,3.369181532538825,2.6500252803231055,3.04684679888777,2.62687199874639,3.6357595817522808,2.643709262267266,2.5551193841154287,3.114854128421637,1,1,0,0,0.9086,0.8993,7.0,4.0,5.5,53.48837209302325,51.21951219512195,-115,-105,4,0
2024-25,2025-03-27,OTT,DET,1145,2.978362597326372,3.179318635341621,2.9799947101831337,3.0149946383578192,3.212695523574539,2.9842096248046897,2.7443403832525584,3.0810690453299476,1,1,0,0,0.9008,0.9102333333333334,12.0,4.0,6.0,51.21951219512195,53.48837209302325,-105,-115,7,1
2024-25,2025-03-27,WSH,MIN,1146,2.599710401692718,2.9063176810076934,3.4364199223361163,2.75350520365706,2.765708139564549,2.855928497571195,3.2443065998643563,2.750846979880076,1,1,0,0,0.9115666666666667,0.9027666666666666,7.0,8.0,5.5,51.21951219512195,53.48837209302325,-105,-115,6,1
2024-25,2025-03-27,STL,NSH,1147,2.717878828800532,3.1081421260456548,3.377164427239045,2.7176166612879498,3.03404376405006,2.967291547336375,3.0063910648828314,3.0439311057699516,1,1,0,0,0.9007333333333333,0.9083,9.0,3.0,5.5,47.61904761904761,56.52173913043478,110,-130,5,0
2024-25,2025-03-27,MTL,PHI,1148,2.6585156421904115,3.4207768674683208,3.058935492894369,3.1854931380203895,2.931089761479258,3.1756093812316735,2.946234610414049,3.2563991769949436,1,1,0,0,0.885,0.9051695652173912,5.0,5.0,6.0,53.48837209302325,51.21951219512195,-115,-105,10,1
2024-25,2025-03-27,EDM,SEA,1149,3.0689098333701437,3.280306626345735,3.22145815154925,3.025774594619358,3.169411681831762,2.9984444000804475,2.9840989449180895,3.0079666066254713,1,0,0,1,0.9098666666666666,0.9036666666666666,1.0,5.0,6.0,53.48837209302325,51.21951219512195,-115,-105,7,1
2024-25,2025-03-27,TOR,SJS,1150,2.736638826572556,3.4539080764252423,3.3134034761339386,3.096829249082009,2.767465399265757,3.279717710286042,3.258684401125561,3.300344840210143,4,1,0,0,0.8833999999999999,0.9069,10.0,7.0,6.0,52.38095238095239,51.690821256038646,-110,-107,11,1
2024-25,2025-03-27,UTA,TBL,1151,3.2867566655436518,2.7660750062660346,2.9502787715344603,3.102907409786596,3.513638328688222,2.422880534465094,2.898336829009376,3.225172690228736,1,2,0,0,0.9127333333333334,0.9021333333333333,0.0,6.0,6.0,52.38095238095239,52.38095238095239,-110,-110,8,1
2024-25,2025-03-28,NYR,ANA,1152,3.0245130408910224,3.15047007024369,2.932885584615279,2.9585719066538534,3.1551923893632683,2.9855439916311757,2.980908555477689,3.1438081879188795,1,2,0,0,0.9052333333333333,0.9093333333333333,12.0,9.0,6.0,53.48837209302325,51.690821256038646,-115,-107,9,1
2024-25,2025-03-28,MTL,CAR,1153,3.0340222213433097,2.72533839749721,3.088924770035368,3.2696632807168906,3.370662369985999,2.5767760169182923,2.98000624321978,3.3517581403920635,2,0,0,1,0.9233307692307692,0.8998,2.0,3.0,6.0,50.0,54.54545454545454,-100,-120,5,0
2024-25,2025-03-28,VAN,CBJ,1154,2.9659111379823027,3.1755728532032728,2.964171789693167,2.991225638276376,3.290529631328273,2.8916152958058077,2.879717493696985,3.156532556342999,3,1,0,0,0.8966333333333333,0.9031333333333333,5.0,10.0,5.5,51.21951219512195,53.48837209302325,-105,-115,13,1
2024-25,2025-03-28,VGK,CHI,1155,2.9067703690514497,3.572504821809517,3.3005509019532053,2.7006319437448845,3.1834212592427327,3.3384970603070423,2.945661380424405,3.00736720673094,1,2,0,0,0.9038666666666667,0.9086333333333333,7.0,3.0,6.0,54.54545454545454,49.75124378109453,-120,101,8,1
2024-25,2025-03-28,UTA,FLA,1156,3.009270397454588,2.6266783185989553,2.8650610870807016,3.2505175856380184,3.2181116212192773,2.3997921296383957,2.8017265455044504,3.3876394931719873,4,0,0,1,0.9096666666666666,0.9006000000000001,5.0,6.0,5.5,54.54545454545454,50.0,-120,-100,3,0
2024-25,2025-03-28,NJD,WPG,1157,3.1696431679757198,2.6377063820388447,2.9149476195085975,2.915657090642388,3.252222600620007,2.347796127731736,2.895507728194325,2.8822110068235665,2,1,0,0,0.9228000000000001,0.9081333333333333,3.0,9.0,5.5,48.78048780487805,55.55555555555556,105,-125,4,0
2024-25,2025-03-29,STL,COL,1158,3.384865797773672,2.5791104868081294,3.3627136471638646,2.703673284879959,3.646253589569572,2.558718930886697,3.0032603990205877,3.0178507093324947,1,1,0,0,0.9094666666666666,0.9038999999999999,7.0,2.0,5.5,55.55555555555556,48.54368932038835,-125,106,3,0
2024-25,2025-03-29,BOS,DET,1159,2.9819795160382303,3.2036299717701757,2.688357141031678,3.413846930799633,3.2106256150314456,3.0151767694158496,2.5211699891711197,3.668767781887352,1,2,0,0,0.904,0.9003,12.0,13.0,6.0,52.38095238095239,52.38095238095239,-110,-110,3,0
2024-25,2025-03-29,CGY,EDM,1160,3.152819578327119,3.1161112908719013,2.7676756395630226,3.0213171431647448,3.397787706150185,2.9428436484154123,2.6791709324803104,3.097393409002104,1,1,0,0,0.9015333333333334,0.9037666666666666,4.0,9.0,6.0,53.91705069124424,49.504950495049506,-117,102,5,0
2024-25,2025-03-29,TOR,LAK,1161,2.956291592492863,2.675833818927917,3.3601502454795917,3.183574857362713,3.394831544056513,2.2981191656426914,3.3086137267225078,3.3923454281578564,1,1,0,0,0.9086666666666666,0.9198000000000001,4.0,7.0,5.5,53.48837209302325,51.21951219512195,-115,-105,4,0
2024-25,2025-03-29,NJD,MIN,1162,2.649665319826731,2.882205250161652,2.8278787150004754,2.948245910316449,2.818522883693349,2.8258258490909265,2.798043063761092,2.922638941321685,1,0,0,1,0.9117666666666667,0.9015333333333334,7.0,8.0,5.5,47.61904761904761,56.52173913043478,110,-130,7,1
2024-25,2025-03-29,VGK,NSH,1163,2.7026065004234514,3.1048116353267248,3.345376504347065,2.7132235159434335,3.0059121355610645,2.965682019368761,3.0120552277111927,3.007832377066981,1,0,0,1,0.9023000000000001,0.9080333333333334,9.0,3.0,6.0,50.0,54.54545454545454,-100,-120,4,0
2024-25,2025-03-29,CBJ,OTT,1164,3.0124286668829443,3.0157891374748673,3.087031517825525,3.256969211956392,3.2147840476766976,2.84854376253802,2.8696734969883044,3.437376932964977,1,0,0,1,0.9102999999999999,0.8915518518518518,4.0,6.0,6.0,52.83018867924528,51.45631067961165,-112,-106,5,0
2024-25,2025-03-29,BUF,PHI,1165,2.7653815049456614,3.4326285204514404,3.216138624030566,3.403295543548007,3.040703689205475,3.196236422443602,2.849909627973056,3.587759290206262,1,1,0,0,0.8846666666666666,0.8952666666666667,5.0,6.0,6.0,52.83018867924528,51.92307692307693,-112,-108,11,1
2024-25,2025-03-29,DAL,SEA,1166,3.157103685600096,3.2089704271073027,3.3807844235357245,2.797177016240987,3.267201605427345,2.928606952584841,3.245894750383017,3.0619684690876685,1,1,0,0,0.9109999999999999,0.9079,0.0,9.0,6.0,52.38095238095239,52.38095238095239,-110,-110,6,
2024-25,2025-03-29,NYR,SJS,1167,2.8402561930786474,3.494305811153089,2.9662764479244506,3.02072978053672,2.8848767222456835,3.3298745157482053,3.0133081330060207,3.2059120531842122,1,0,0,1,0.8830000000000001,0.9008333333333334,13.0,9.0,6.0,53.48837209302325,51.21951219512195,-115,-105,7,1
2024-25,2025-03-29,NYI,TBL,1168,3.424200000325777,2.687707332317611,2.8729519885930976,3.0649012838592378,3.657725573449087,2.350565261018997,2.6962098159337433,3.0484136277706453,1,2,0,0,0.8931999999999999,0.9064,0.0,6.0,6.0,52.38095238095239,52.38095238095239,-110,-110,8,1
2024-25,2025-03-30,TOR,ANA,1169,3.084133450958535,3.1742813078515435,3.3445238882091406,3.116196976446807,3.2165848078267487,3.0188199816967463,3.293141310954313,3.3071939223108457,1,0,0,1,0.9046333333333333,0.9058333333333334,13.0,7.0,6.5,51.21951219512195,52.83018867924528,-105,-112,5,0
2024-25,2025-03-30,NYI,CAR,1170,3.06261558620181,2.6782469623742258,2.879435406955203,3.1224811212700208,3.386462701918019,2.530884417494851,2.7097171527222788,3.1161922429005964,1,0,0,1,0.9042666666666667,0.9181000000000001,3.0,6.0,5.5,54.54545454545454,50.0,-120,-100,10,1
2024-25,2025-03-30,UTA,CHI,1171,2.910987999860167,3.6058821306054267,2.8110110284907606,3.208618526823078,3.175054913308334,3.386327146569218,2.743597254803977,3.3357070997460445,1,1,0,0,0.8928,0.9012,7.0,5.0,6.0,56.14035087719298,48.309178743961354,-128,107,7,1
2024-25,2025-03-30,MTL,FLA,1172,2.978624305174938,2.5837357115432584,3.02577306496776,3.2881118994260206,3.174173727519577,2.362714441888365,2.9145882221046446,3.3690823495333935,1,1,0,0,0.9098666666666666,0.8995333333333335,5.0,3.0,5.5,54.54545454545454,50.0,-120,-100,6,1
2024-25,2025-03-30,SJS,LAK,1173,2.899926818166014,2.6924071019840996,2.7891592545099475,3.5628969130701518,3.308126559436116,2.3367304445001866,2.7821326367395165,3.613707620565802,0,0,1,1,0.8982333333333334,0.9514166666666667,5.0,13.0,5.5,56.52173913043478,47.61904761904761,-130,110,9,1
2024-25,2025-03-30,OTT,PIT,1174,2.995745613846618,3.521151666661155,3.014358360926772,2.987577884354891,3.382089256095401,3.36714288127489,2.789729879069881,3.085071626769332,2,0,0,1,0.8920666666666667,0.8946666666666668,3.0,4.0,6.0,53.48837209302325,51.21951219512195,-115,-105,1,0
2024-25,2025-03-30,VAN,WPG,1175,3.191650045611506,2.564467456762973,3.0564390757379267,3.112196775585593,3.2740603727152884,2.2798138422996987,2.9840896173200915,3.2828518376855236,1,1,0,0,0.9236000000000001,0.9011551724137931,3.0,10.0,5.0,58.333333333333336,45.45454545454545,-140,120,4,0
2024-25,2025-03-30,BUF,WSH,1176,3.388572913632245,2.7972037618768417,3.237699061287145,3.506159550841329,3.524994762937697,2.7646925119563113,2.890214390966355,3.6953653688697066,2,0,0,1,0.9137666666666665,0.9008037037037037,8.0,4.0,6.0,54.54545454545454,50.0,-120,-100,13,1
2024-25,2025-03-31,CGY,COL,1177,3.308202935346836,2.569545936915342,2.7502807289061337,3.022180749153757,3.5492589940332544,2.5484124065758755,2.6634425152344816,3.095353283331078,1,1,0,0,0.9047,0.8893000000000001,6.0,9.0,6.0,51.21951219512195,53.48837209302325,-105,-115,5,0
2024-25,2025-03-31,MIN,NJD,1178,2.8977396397518946,2.9228787835198555,2.638049173066479,2.9496280886343156,3.003072993928379,2.7910736335514805,2.692772909124406,3.0308942872657743,1,1,0,0,0.9018,0.9107666666666667,8.0,7.0,5.5,46.51162790697674,57.446808510638306,115,-135,5,0
2024-25,2025-03-31,NSH,PHI,1179,2.8980662697215913,3.44487814113878,2.658278046379004,3.101813979270629,3.1749668938795503,3.2199052975095945,2.4890800949478677,3.2836238511947973,1,1,0,0,0.8552333333333333,0.9032999999999999,4.0,13.0,5.5,53.70370370370371,50.495049504950494,-116,-102,3,0
2024-25,2025-03-31,DAL,SEA,1180,3.0911151076658823,3.2602792944771477,3.424210726924936,2.7477439279846605,3.190414682453978,2.9978719956038056,3.2993427942145197,2.9952205616666974,1,1,0,0,0.8814,0.9115666666666666,0.0,10.0,6.5,52.38095238095239,52.38095238095239,-110,-110,4,0
2024-25,2025-04-01,SJS,ANA,1181,3.0506712681574326,3.166608975122379,2.738816561468662,3.686492438172006,3.1752016057770964,3.0158140618976796,2.7230470228195567,3.752197441834571,1,1,0,0,0.9042333333333333,0.8818666666666666,12.0,13.0,6.5,50.495049504950494,54.12844036697248,-102,-118,7,1
2024-25,2025-04-01,WSH,BOS,1182,2.643321153111442,3.3652611257906235,3.4311145964592153,2.9569178758615315,3.004898010748156,2.9131707193205103,3.196614337555142,2.804203021318987,2,1,0,0,0.9004333333333333,0.9019666666666666,13.0,8.0,5.5,54.12844036697248,50.0,-118,-100,7,1
2024-25,2025-04-01,NSH,CBJ,1183,3.0546754082673244,3.2467416465146663,2.6142209116544675,3.067215730387185,3.4114756775809494,2.9980423833530443,2.4465164223901095,3.2383231403823123,2,0,0,1,0.8956333333333333,0.9003333333333333,5.0,13.0,6.5,51.21951219512195,53.48837209302325,-105,-115,12,1
2024-25,2025-04-01,WPG,LAK,1184,3.0553299780012977,2.647721228352944,3.1841317901220605,2.5260407356680306,3.4652380069935877,2.3011418388641425,3.1600913899450513,2.9367603642827245,1,1,0,0,0.9086666666666666,0.9239333333333334,4.0,4.0,5.5,45.45454545454545,58.333333333333336,120,-140,5,0
2024-25,2025-04-01,FLA,MTL,1185,3.0553796149007035,3.245695641604918,2.9505017535690037,2.633757787601797,3.1421668483619736,3.1001985481639593,2.9464660184014466,3.029818710639501,1,1,0,0,0.8998,0.8858666666666667,3.0,5.0,6.0,50.24875621890548,54.12844036697248,-101,-118,5,0
2024-25,2025-04-01,TBL,NYI,1186,2.916354471436634,3.208081772726267,3.4660420974470796,2.703657724578534,3.048136461082942,3.0164909301208036,3.0726966454909768,3.1695700104412587,1,2,0,0,0.9056000000000001,0.9136000000000001,6.0,0.0,6.0,53.48837209302325,51.21951219512195,-115,-105,5,0
2024-25,2025-04-01,BUF,OTT,1187,2.9239355848720687,2.9283453016421706,3.3776294571446592,3.5438310747195008,3.208163839983842,2.8224449602203903,3.0606297616331313,3.729784404632513,1,1,0,0,0.9107666666666667,0.8979785714285714,5.0,4.0,6.5,48.78048780487805,55.55555555555556,105,-125,7,1
2024-25,2025-04-01,DET,STL,1188,3.316780242461278,2.6582233998919955,2.9539920764520744,3.1354522552069874,3.4019976115360984,2.6364809449694357,2.7672822687822265,3.30370156045674,2,2,0,0,0.9048999999999999,0.9047333333333333,2.0,12.0,5.5,54.95495495495496,49.01960784313725,-122,104,3,0
2024-25,2025-04-01,CGY,UTA,1189,2.879911905105592,3.1694068641406274,2.7616214466897513,2.991010410304002,2.985523560639101,2.8983640116589844,2.6779820603203723,3.0595468301588435,1,0,0,1,0.9016000000000001,0.9035666666666666,5.0,9.0,5.5,54.54545454545454,50.0,-120,-100,4,0
2024-25,2025-04-01,EDM,VGK,1190,3.3305578761240677,2.667694247450187,3.1465732337906167,3.081606986006385,3.5301902251917405,2.555704665618112,2.9158072438190668,3.1145748428937385,2,2,0,0,0.9087,0.9023333333333333,4.0,6.0,6.5,50.0,54.54545454545454,-100,-120,5,0
2024-25,2025-04-02,WSH,CAR,1191,3.150026550244046,2.7235033479149147,3.4414014866680405,2.959160498505044,3.469061466955332,2.585394394166435,3.2173719468507627,2.8173626482467884,2,0,0,1,0.9235148148148148,0.9108333333333334,3.0,8.0,5.5,54.54545454545454,50.0,-120,-100,6,1
2024-25,2025-04-02,COL,CHI,1192,2.8850283060850876,3.637629461904436,3.2634319840479677,2.5887149194917947,3.13616879374617,3.429329062130988,2.9352527428956274,2.905536222531381,2,1,0,0,0.9022666666666667,0.9053666666666668,7.0,6.0,6.5,52.83018867924528,51.92307692307693,-112,-108,5,0
2024-25,2025-04-02,MIN,NYR,1193,3.058142301944987,2.9604702110058,2.6241630457350875,2.951273830195281,2.961596294734081,2.881631975250924,2.671418481408954,3.031704954880504,3,1,0,0,0.9084666666666668,0.9108999999999999,9.0,6.0,5.5,48.78048780487805,55.55555555555556,105,-125,9,1
2024-25,2025-04-02,FLA,TOR,1194,3.329189748305646,3.0814747010912584,2.9225496011143743,2.650342088138337,3.184572381743135,2.825330912087064,2.9132016192792687,3.030421145907296,2,0,0,1,0.9213999999999999,0.9093333333333332,7.0,7.0,5.5,53.48837209302325,51.21951219512195,-115,-105,5,0
2024-25,2025-04-02,SEA,VAN,1195,2.994152304728669,3.1071827012304745,3.027335510387512,3.2484891656154,2.9740628554789046,2.8595176140799055,2.9033811626901675,3.458594794918295,2,1,0,0,0.9007333333333333,0.9099999999999999,10.0,2.0,5.5,51.21951219512195,53.48837209302325,-105,-115,5,0
2024-25,2025-04-03,COL,CBJ,1196,3.201991384234612,3.265373689193456,3.251741411256446,2.578229320155022,3.560076716227115,3.02886595089225,2.937162926425277,2.879569400013918,1,0,0,1,0.8950999999999999,0.9096,5.0,8.0,6.5,52.38095238095239,51.690821256038646,-110,-107,10,1
2024-25,2025-04-03,ANA,CGY,1197,2.7133489676080726,2.9919996804303097,3.079194955907946,3.159860949150616,2.8906199443231873,2.929225977882752,2.734243412928841,3.2343030639238646,1,1,0,0,0.9037666666666666,0.9039333333333334,9.0,12.0,6.0,51.21951219512195,53.48837209302325,-105,-115,5,0
2024-25,2025-04-03,NSH,DAL,1198,3.405118851825027,2.700017447460913,2.662402106070403,3.2140905912963684,3.3710729899563963,2.5405250871819733,2.5057538285010863,3.3941258164898436,2,1,0,0,0.9089666666666666,0.9034999999999999,10.0,14.0,6.0,54.54545454545454,50.0,-120,-100,6,
2024-25,2025-04-03,BOS,MTL,1199,3.05261589354839,3.2042285618043778,2.660394752358334,3.3789520010709415,3.136681898271107,3.05934935723346,2.4790439126758987,3.602915302171779,1,1,0,0,0.9001333333333332,0.9001666666666668,3.0,13.0,5.5,54.54545454545454,50.0,-120,-100,5,0
2024-25,2025-04-03,TBL,OTT,1200,2.897462799077458,2.9914369048130913,3.4742491784851253,2.657271625198397,3.166362333442243,2.896363604129821,3.0995303955454503,3.0966878313607653,1,1,0,0,0.9095666666666666,0.9142,5.0,0.0,5.5,54.54545454545454,50.0,-120,-100,3,0
2024-25,2025-04-03,EDM,SJS,1201,2.7510208009055397,3.684895705128542,3.139897315724424,3.0480058469108755,2.827620157416434,3.4103732368071666,2.917035436641745,3.0785853779977668,1,1,0,0,0.9349000000000001,0.9025333333333333,15.0,6.0,6.5,55.55555555555556,48.78048780487805,-125,105,5,0
2024-25,2025-04-03,PIT,STL,1202,3.2715179605537554,2.6134219205697056,2.935068143545288,3.4063635451204366,3.3510063968914827,2.58478031840009,2.574182176076721,3.520749205119545,1,3,0,0,0.9080333333333334,0.8948666666666668,2.0,3.0,5.5,54.54545454545454,50.0,-120,-100,9,1
2024-25,2025-04-03,LAK,UTA,1203,2.885517972910212,3.1018826879741046,3.082001693259876,2.6034312313336967,2.989695179796692,2.833929219948319,2.4760234409126674,3.1493011595452574,1,1,0,0,0.9027333333333334,0.9090666666666666,4.0,4.0,5.5,50.0,54.54545454545454,-100,-120,6,1
2024-25,2025-04-03,WPG,VGK,1204,3.2857434511816734,2.6833854412348686,3.1151517798065034,2.5770738477298796,3.473323834048181,2.5760125290032314,3.0821903842235456,2.9749580688545425,1,1,0,0,0.9080333333333334,0.8964357142857143,3.0,3.0,5.5,54.54545454545454,50.0,-120,-100,4,0
2024-25,2025-04-04,CAR,DET,1205,2.895582530191862,3.098593167744006,3.2031548956888707,2.6766200360693007,3.1671184886677395,2.9480906019241497,2.74067197244936,3.0028171475525047,2,1,0,0,0.9057333333333334,0.9037333333333334,11.0,5.0,5.5,54.54545454545454,50.0,-120,-100,8,1
2024-25,2025-04-04,MIN,NYI,1206,2.8599523587830835,3.2279878760426066,2.6719895328394805,3.013902454880852,2.9804423175576784,3.046775371770584,2.719750717071244,3.098862506463193,2,1,0,0,0.9052666666666667,0.9101666666666667,6.0,6.0,5.5,51.21951219512195,53.48837209302325,-105,-115,4,0
2024-25,2025-04-04,CHI,WSH,1207,3.3614572315030884,3.0210173251398693,2.8606305150038334,3.608435694342464,3.5663325573195466,2.9396305743169275,2.580400161837279,3.6001075698578062,1,1,0,0,0.9015,0.9030666666666668,10.0,7.0,6.5,54.337899543378995,48.78048780487805,-119,105,8,1
2024-25,2025-04-05,CAR,BOS,1208,2.616417286533891,3.3914816219960895,3.194526797686996,2.7520479585789626,3.0079901897977583,2.947789693884169,2.751271868302114,3.0738482784964356,1,0,0,1,0.9003666666666665,0.9243714285714286,13.0,5.0,5.5,53.48837209302325,51.21951219512195,-115,-105,6,1
2024-25,2025-04-05,TBL,BUF,1209,3.419763176777959,3.4885287905438,3.3928607998162272,2.6434331755101046,3.4916447344960706,3.1195872384236853,3.0256785245458864,3.0621819002762747,3,1,0,0,0.9000310344827586,0.8945846153846154,7.0,0.0,6.5,53.051643192488264,51.45631067961165,-113,-106,5,0
2024-25,2025-04-05,VGK,CGY,1210,2.7562431901533953,2.9323701584323216,3.1831699276987666,2.728149500940201,2.9338465492486834,2.8615660121415165,3.0097882334269435,2.944092570790048,1,1,0,0,0.9045,0.9125,9.0,3.0,5.5,54.54545454545454,50.0,-120,-100,5,0
2024-25,2025-04-05,PIT,DAL,1211,3.446016080361171,2.6538412481732383,2.968454462686525,3.447912365829386,3.422249878436533,2.493390352789223,2.6263011697821854,3.5639223436706833,1,1,0,0,0.9135666666666666,0.8926,10.0,2.0,6.5,50.73891625615764,54.12844036697248,-103,-118,8,1
2024-25,2025-04-05,EDM,LAK,1212,3.1085150575320677,2.5922164554034803,3.134117356663161,3.0165680614874475,3.476648726259735,2.266634667267856,2.919484510189404,3.044663352409199,1,1,0,0,0.9093333333333332,0.9034,4.0,7.0,5.5,52.38095238095239,52.38095238095239,-110,-110,3,0
2024-25,2025-04-05,PHI,MTL,1213,3.07971140078205,3.1346558335614993,2.8720550427966445,3.363821035968412,3.1659728056529066,2.98602157618706,2.6105952219879733,3.4923188945349986,1,4,0,0,0.9005333333333333,0.8837333333333334,3.0,4.0,6.0,51.21951219512195,53.48837209302325,-105,-115,5,0
2024-25,2025-04-05,NYR,NJD,1214,2.901298253829432,2.895414311096678,3.1152424321967143,2.9921789585846046,3.005379632940207,2.7634024602358696,3.1092231267179113,3.1321087156859844,4,2,0,0,0.9024,0.9078,8.0,9.0,5.5,49.504950495049506,54.337899543378995,102,-119,4,0
2024-25,2025-04-05,FLA,OTT,1215,2.8716147629752795,2.9313640216527888,2.895493527315532,2.6657260959414204,3.127219224350716,2.8298851605106816,2.8800143770235915,3.0318763182655957,1,2,0,0,0.8973333333333334,0.9090666666666666,5.0,7.0,5.5,50.0,54.54545454545454,-100,-120,3,0
2024-25,2025-04-05,SEA,SJS,1216,2.731908604812839,3.652632160894853,3.08477726680506,3.1464196949925136,2.806751528663377,3.384622489838373,2.9693770628662453,3.33860992429109,1,2,0,0,0.8828,0.9109999999999999,14.0,0.0,6.5,50.0,54.54545454545454,-100,-120,6,0
2024-25,2025-04-05,COL,STL,1217,3.3181528440072934,2.6604959954741108,3.358629180625312,2.5967490025174693,3.4018401431218313,2.634370215791649,3.0670342117288882,2.888991095524071,1,1,0,0,0.9054333333333333,0.9094,6.0,8.0,5.5,53.48837209302325,50.98039215686274,-115,-104,9,1
2024-25,2025-04-05,CBJ,TOR,1218,3.313260254719462,3.047069689240128,3.192219155553861,3.37236760418581,3.178009660395506,2.7967385779820537,2.8401762303977907,3.4186559978363276,2,1,0,0,0.9218000000000001,0.8933,13.0,5.0,6.5,53.48837209302325,51.21951219512195,-115,-105,5,0
2024-25,2025-04-05,WPG,UTA,1219,2.8602334759134833,3.1263655750329007,3.139032032393679,2.506270582786685,2.9608562337976303,2.8702118587566607,3.1054944242984495,2.8812752004275546,1,1,0,0,0.9021333333333333,0.9232666666666667,4.0,3.0,5.5,49.75124378109453,54.337899543378995,101,-119,5,0
2024-25,2025-04-05,ANA,VAN,1220,2.90382762608128,3.161114860283684,3.0144312299835354,3.1810591398746597,2.879010768162583,2.9277050683901726,2.673703279782569,3.2603266111807607,2,1,0,0,0.8979999999999999,0.9041,16.0,16.0,5.5,54.75113122171946,49.504950495049506,-121,102,8,1
2024-25,2025-04-06,BOS,BUF,1221,3.3999054805196236,3.435608171230443,2.693225937137429,3.3132752925648212,3.4710345110748446,3.0746141276371515,2.432748992061047,3.6101184623874265,0,0,1,1,0.8936666666666666,0.8916,7.0,13.0,6.0,53.91705069124424,50.24875621890548,-117,-101,9,1
2024-25,2025-04-06,PIT,CHI,1222,2.8672386857508063,3.6403386575730172,3.0298059585673482,3.4275270024015523,3.102160578160015,3.4017772910008897,2.7054569703890654,3.5412276668452165,1,0,0,1,0.9021333333333333,0.8955333333333333,7.0,3.0,6.5,53.48837209302325,50.73891625615764,-115,-103,4,0
2024-25,2025-04-06,FLA,DET,1223,2.9600545230474515,3.0939212006609678,2.811226774595532,2.6816363499968223,3.2312381656096067,2.9434565255791867,2.7831531880141016,3.0359416416922067,1,0,0,1,0.9058666666666667,0.8852666666666666,11.0,7.0,5.5,48.07692307692308,55.75221238938053,108,-126,3,0
2024-25,2025-04-06,DAL,MIN,1224,2.6265531220477425,3.0124128272106625,3.424950959129557,2.7289862982578676,2.7995435677918974,2.895430179343182,3.2762323409403407,2.9346950510580223,1,0,0,1,0.9098999999999999,0.9097000000000002,6.0,9.0,5.5,51.21951219512195,53.48837209302325,-105,-115,5,0
2024-25,2025-04-06,MTL,NSH,1225,2.6168595002407797,3.262604743217454,3.0755177754660723,3.098066601747375,2.9443776801406933,2.961210461010494,2.94277248905745,3.3226379671162047,2,0,0,1,0.8983333333333332,0.9001583333333333,13.0,5.0,6.0,52.38095238095239,52.38095238095239,-110,-110,3,0
2024-25,2025-04-06,WSH,NYI,1226,2.8649552153016886,3.1562403529656327,3.4033843367291206,3.0188906524149157,2.9867323424088044,2.9699313807614027,3.131603923251066,2.8981667381385336,1,1,0,0,0.906,0.9009666666666667,6.0,12.0,6.0,54.54545454545454,50.0,-120,-100,5,0
2024-25,2025-04-06,CBJ,OTT,1227,2.8768430780613943,2.8442445894571127,3.0930174614374764,3.414329104726839,3.1255488019958246,2.732063885182358,2.7429060858875203,3.4683201305197753,0,0,1,1,0.9107,0.8916586206896552,5.0,5.0,6.0,52.15311004784689,52.38095238095239,-109,-110,4,0
2024-25,2025-04-06,VGK,VAN,1228,2.997188182108492,3.1231656947682613,3.1730067786899325,2.70907439517854,2.9892043502182704,2.8922846730416696,3.0006221572184506,2.918597467670769,0,0,1,1,0.9019333333333334,0.9073666666666667,15.0,3.0,5.5,51.21951219512195,53.48837209302325,-105,-115,5,0
2024-25,2025-04-07,EDM,ANA,1229,2.9830841966919954,3.261500728623628,3.03633922520898,3.0137993426965113,3.204544410893362,3.0050474825387075,2.8153611390325315,3.0472322421777633,1,1,0,0,0.9025000000000001,0.9022727272727273,16.0,8.0,6.5,50.0,54.54545454545454,-100,-120,5,0
2024-25,2025-04-07,SEA,LAK,1230,3.101359887502919,2.5192402799781806,3.13969758707091,3.079148538813935,3.4570718014986217,2.195008684759871,3.0303088565223426,3.260120858988023,1,1,0,0,0.9105333333333333,0.9115333333333332,6.0,1.0,5.5,54.12844036697248,50.0,-118,-100,3,0
2024-25,2025-04-07,TBL,NYR,1231,3.0183184550224578,3.0203837598502408,3.342277828349616,2.6572264455183316,3.033759945337948,2.910923368014885,2.982243795358455,3.0626097373133323,1,1,0,0,0.9071333333333332,0.914,8.0,0.0,5.5,54.54545454545454,50.0,-120,-100,6,1
2024-25,2025-04-07,CGY,SJS,1232,2.6832160550625237,3.6810024717950145,2.7351199746170525,2.93300181651396,2.7542040178418064,3.4246218507133706,2.618257262329963,3.05983007773695,1,1,0,0,0.9324666666666667,0.9045,14.0,9.0,6.0,50.495049504950494,53.48837209302325,-102,-115,5,0
2024-25,2025-04-07,STL,WPG,1233,3.071241123093973,2.5571086553504596,3.3617056096277698,2.7044673900892438,3.262553108682711,2.2409298673567326,2.9619018743457057,2.9514066067912936,1,1,0,0,0.9228666666666666,0.9068333333333334,4.0,6.0,5.5,49.01960784313725,54.95495495495496,104,-122,4,0
2024-25,2025-04-08,CAR,BUF,1234,3.4689461904540617,3.4134084673966547,3.1227491751277823,2.8201080467052373,3.547303627850763,3.0648161513175216,2.687733923871303,3.139469786480907,1,2,0,0,0.9005,0.9025333333333333,7.0,4.0,6.5,50.0,54.54545454545454,-100,-120,3,0
2024-25,2025-04-08,OTT,CBJ,1235,2.9975778248557012,3.4235549746444076,2.9107896834679803,2.7603356058361417,3.5349793822456204,3.1488039137616215,2.690595213308862,3.0171467401418792,1,1,0,0,0.8930333333333333,0.9011333333333333,5.0,5.0,6.0,53.70370370370371,50.495049504950494,-116,-102,7,1
2024-25,2025-04-08,VGK,COL,1236,3.3699107603261815,2.6728673089885606,3.16391338875182,2.691487009456135,3.4910471163049523,2.5589436892900914,2.9964966305708907,2.8913425658706937,2,1,0,0,0.9055,0.9067461538461538,10.0,5.0,6.0,51.21951219512195,53.48837209302325,-105,-115,5,0
2024-25,2025-04-08,VAN,DAL,1237,3.3732729283658855,2.739167438096586,2.966194856428657,3.11621517659783,3.4041209419616374,2.5746337039186455,2.9077633892406674,3.271370441679875,1,1,0,0,0.9125666666666666,0.8999333333333333,9.0,15.0,5.5,52.38095238095239,52.38095238095239,-110,-110,11,1
2024-25,2025-04-08,TOR,FLA,1238,2.758237957099572,2.664448648832368,3.3566701897716413,2.9534103768715316,3.1359922297990726,2.4166578549517768,3.2673958741836597,3.262354019086127,1,2,0,0,0.9090666666666666,0.9064333333333334,9.0,13.0,5.5,51.21951219512195,53.48837209302325,-105,-115,4,0
2024-25,2025-04-08,DET,MTL,1239,3.0404868290780382,3.032159367170712,2.9297351369965594,3.0275718746473133,3.1615134271474177,2.9439110486054467,2.699994006574395,3.258203344543947,1,1,0,0,0.9007333333333333,0.9070666666666667,4.0,11.0,5.5,54.54545454545454,50.0,-120,-100,5,0
2024-25,2025-04-08,BOS,NJD,1240,2.933027317058503,2.8080586879248326,2.7050136542659904,3.3860001842003387,3.042609425203048,2.6657454487193317,2.4538303776918524,3.6801642964907813,2,1,0,0,0.9038666666666667,0.9017666666666666,8.0,13.0,5.5,45.45454545454545,58.333333333333336,120,-140,9,1
2024-25,2025-04-08,NYI,NSH,1241,2.5733694710993564,3.2192437648192715,2.900024153220954,3.088299421725694,2.8830018846575207,2.9252565256053202,2.747099597024779,3.2140531548530524,1,1,0,0,0.9016333333333333,0.9067333333333333,12.0,6.0,5.5,52.38095238095239,52.38095238095239,-110,-110,13,1
2024-25,2025-04-08,CHI,PIT,1242,2.9675125456464135,3.40657757362177,2.8720494968137267,3.5499025651342144,3.300448976217574,3.23913887935486,2.5926913264736005,3.6414785786282944,1,1,0,0,0.8923333333333334,0.9035333333333334,6.0,7.0,6.5,51.21951219512195,53.48837209302325,-105,-115,5,0
2024-25,2025-04-08,SEA,UTA,1243,2.8955926230931706,3.0599638231474553,3.104022977649883,3.0164438330596948,3.0006698039309967,2.8041444199346004,2.9930858995571,3.185504071017684,2,0,0,1,0.9031333333333333,0.9122666666666667,7.0,1.0,6.5,50.0,54.54545454545454,-100,-120,8,1
2024-25,2025-04-09,CGY,ANA,1244,2.984559908849216,3.2203280518627126,2.748578296550768,2.9075170334023093,3.199479104343875,2.968251653674212,2.6336864177684185,3.0306787898766196,1,1,0,0,0.8823571428571428,0.9048999999999999,16.0,9.0,6.5,50.0,54.54545454545454,-100,-120,7,1
2024-25,2025-04-09,STL,EDM,1245,3.005663103417346,3.0139990976037185,3.287063694523381,2.719592563475217,3.3831665268822677,2.904083847839566,2.8943650890768895,2.9611502537887637,1,1,0,0,0.9040666666666667,0.9053666666666665,10.0,6.0,5.5,53.271028037383175,51.690821256038646,-114,-107,7,1
2024-25,2025-04-09,SJS,MIN,1246,2.6435425255025837,2.9818509633629775,2.6694977347006255,3.6512163001568005,2.8148756158111334,2.8623358711992224,2.7260455697835284,3.754700742536496,2,1,0,0,0.9005,0.8813333333333333,2.0,13.0,5.5,55.55555555555556,48.78048780487805,-125,105,15,1
2024-25,2025-04-09,PHI,NYR,1247,2.960624205282673,3.081949886483472,2.8484259515187564,3.3474053566052935,2.974493952570121,2.9791992293310687,2.589217362184616,3.47619495650076,1,3,0,0,0.9023,0.8841800000000001,8.0,4.0,6.0,51.21951219512195,53.48837209302325,-105,-115,13,1
2024-25,2025-04-09,TOR,TBL,1248,3.3900311241714682,2.617142560351174,3.2845842222851234,2.9595555054655467,3.7005639138999333,2.375777430694224,3.1879387970952338,3.257751619887354,1,0,0,1,0.9148000000000001,0.9234666666666667,0.0,13.0,6.0,52.38095238095239,52.15311004784689,-110,-109,7,1
2024-25,2025-04-10,CHI,BOS,1249,2.8422742234736145,3.3430348252366895,2.7916824282582073,3.587442472620026,3.0825744609165846,2.877618467030424,2.5138361193682477,3.6825041368830616,1,1,0,0,0.9018333333333334,0.8916000000000001,13.0,8.0,6.0,51.690821256038646,52.60663507109005,-107,-111,7,1
2024-25,2025-04-10,BUF,CBJ,1250,3.062313643069705,3.3791756556614723,3.451896348821742,3.3093972870371644,3.583090694741503,3.1098364635212734,3.1161599920012177,3.6678580276181916,1,1,0,0,0.9070625,0.9043666666666665,8.0,7.0,6.5,54.54545454545454,50.0,-120,-100,5,0
2024-25,2025-04-10,VAN,COL,1251,3.3575733438149173,2.6627572959037,3.061989885161244,3.1753003480667346,3.4749876400313355,2.5500605433252663,3.01207134795483,3.331653514158811,1,1,0,0,0.9084,0.9022000000000001,14.0,15.0,5.5,52.38095238095239,52.38095238095239,-110,-110,5,0
2024-25,2025-04-10,WPG,DAL,1252,3.4203894942203683,2.845246996851608,3.071901537548619,2.5217764563853455,3.45732613490556,2.6967086011270998,3.0310809344359972,2.927725435177397,1,2,0,0,0.9099666666666667,0.9229333333333334,9.0,1.0,5.5,52.38095238095239,52.38095238095239,-110,-110,4,0
2024-25,2025-04-10,DET,FLA,1253,2.7730205460250272,2.6239156747424004,2.877244008488728,3.0600959687701073,3.1356062139013874,2.3819469680359346,2.6511489946835303,3.2847996657937792,1,1,0,0,0.9094,0.907,8.0,12.0,5.5,48.78048780487805,55.55555555555556,105,-125,5,0
2024-25,2025-04-10,ANA,LAK,1254,3.0399381155235274,2.5144398333946096,3.017534932364732,3.2126514366880996,3.373886157803786,2.203394324048871,2.6541556983946952,3.352721599164961,2,0,0,1,0.9106666666666666,0.9036333333333333,6.0,15.0,5.5,54.54545454545454,50.0,-120,-100,7,1
2024-25,2025-04-10,NYR,NYI,1255,2.997812321873741,3.2072641688138983,3.023158678612264,3.2283475941404043,3.0271479361008313,2.9040366606026238,2.9987291246529812,3.166846384392857,1,0,0,1,0.9058727272727274,0.9063333333333333,7.0,7.0,5.5,54.54545454545454,50.0,-120,-100,11,1
2024-25,2025-04-10,NSH,UTA,1256,3.023205163892853,3.001139286397498,2.7166084823123544,3.302978777549147,3.1367983803303447,2.750859084971782,2.458620133629419,3.4481785055028342,1,1,0,0,0.9035333333333334,0.8982666666666667,7.0,12.0,6.0,51.92307692307693,52.60663507109005,-108,-111,7,1
2024-25,2025-04-10,SEA,VGK,1257,3.1315966755553326,2.710700987143172,3.043355726474855,3.1385353401283966,3.359047444150012,2.625091543000591,2.9306502615599186,3.3122757053348035,1,1,0,0,0.9073666666666667,0.9103333333333333,5.0,0.0,6.0,52.38095238095239,52.38095238095239,-110,-110,3,0
2024-25,2025-04-10,CAR,WSH,1258,3.3278811090394096,3.0505939680535534,3.0318972194632954,2.8326967174063666,3.611439120032744,2.9371379047640063,2.6063430190842967,3.14023363977373,3,1,0,0,0.8996999999999999,0.9202344827586207,13.0,5.0,6.0,52.38095238095239,52.38095238095239,-110,-110,9,1
2024-25,2025-04-11,MIN,CGY,1259,2.7635417065450376,2.9449876185151,2.8120036788570677,3.1049835202241205,2.9119156953240894,2.864207241385354,2.662554507270802,3.102525428683827,1,1,0,0,0.9039666666666667,0.9098999999999999,9.0,2.0,5.5,54.54545454545454,49.504950495049506,-120,102,6,1
2024-25,2025-04-11,SJS,EDM,1260,3.0384820361061324,3.016621325503749,2.807079835370639,3.7734828285114013,3.40128804147259,2.911417267748877,2.8743611871631822,3.885715680117623,1,1,0,0,0.9036666666666666,0.9314125,8.0,14.0,6.5,54.12844036697248,50.0,-118,100,6,0
2024-25,2025-04-11,PIT,NJD,1261,2.911170825524891,2.941014455281776,3.032093026320116,3.3020441152438194,3.0151983610437334,2.817729601707312,2.6530477766731106,3.5200288623714733,2,2,0,0,0.9062666666666668,0.8945333333333333,8.0,15.0,6.0,50.495049504950494,54.12844036697248,-102,-118,6,
2024-25,2025-04-11,MTL,OTT,1262,2.8901970126488306,2.83609973909241,3.0731652813370376,2.9757801175665417,3.158968182915798,2.646842587204546,2.912640511550194,3.2468947103691748,2,2,0,0,0.9122333333333332,0.9018,5.0,4.0,5.5,57.446808510638306,46.728971962616825,-135,114,7,1
2024-25,2025-04-11,DET,TBL,1263,3.3731730641211657,2.6656272766580953,2.8246459109328126,3.0885327754909997,3.6678582611374844,2.4399539061664464,2.6009593246433647,3.308330588223125,1,0,0,1,0.9142,0.8987333333333335,2.0,12.0,6.0,53.48837209302325,51.21951219512195,-115,-105,7,1
2024-25,2025-04-12,NYR,CAR,1264,3.0613953611185294,2.9011655029095254,3.2023642853961896,3.189603023600999,3.520001627667653,2.5351470752379113,3.1950843430294458,3.1294727738425148,1,1,0,0,0.9017999999999999,0.9073333333333333,3.0,7.0,6.0,50.24875621890548,53.91705069124424,-101,-117,10,1
2024-25,2025-04-12,WSH,CBJ,1265,3.060953177629536,3.333435709840277,3.3741434246852555,3.079789521244339,3.5580537524993416,3.0703470435243227,3.0591044099894833,2.944896774572077,1,1,0,0,0.9104823529411765,0.9019428571428572,11.0,13.0,6.5,50.98039215686274,53.48837209302325,-104,-115,7,1
2024-25,2025-04-12,WPG,CHI,1266,2.8625923303405414,3.5324333302914743,3.1003126881991294,2.456298697786848,3.1055265072851457,3.3139324448981986,3.060035443966656,2.839818774200767,1,1,0,0,0.9018,0.9236666666666667,6.0,1.0,6.0,50.0,54.54545454545454,-100,-120,9,1
2024-25,2025-04-12,UTA,DAL,1267,3.3140502886972087,2.8844827267804036,3.024102622112521,3.0328396215631286,3.343029504478993,2.743140248538785,2.8162593971206884,3.296551700316238,1,1,0,0,0.9093666666666667,0.9034666666666666,10.0,7.0,6.5,53.48837209302325,51.21951219512195,-115,-105,8,1
2024-25,2025-04-12,BUF,FLA,1268,2.81612681674127,2.5845026343378197,3.4036317622064516,3.2974968094715438,3.169038523014497,2.3464812901379335,3.0767837980003394,3.6399018909888134,1,1,0,0,0.8860666666666667,0.8933333333333333,9.0,7.0,5.5,52.38095238095239,51.690821256038646,-110,-107,5,0
2024-25,2025-04-12,COL,LAK,1269,3.130429353243518,2.480020427265507,3.283941833640925,2.7103144719089594,3.460555412921425,2.1772474854807156,3.0937450055639615,2.9719749557313646,1,1,0,0,0.9111999999999999,0.9082000000000001,5.0,15.0,5.5,48.78048780487805,55.55555555555556,105,-125,9,1
2024-25,2025-04-12,NYI,PHI,1270,3.0082530979124327,3.394854176547385,2.9712705443572855,3.3797885274786776,3.1444239118689175,3.1373205993964692,2.861695875282882,3.34638930239125,2,1,0,0,0.8838,0.8956739130434783,4.0,7.0,6.0,51.21951219512195,53.48837209302325,-105,-115,7,1
2024-25,2025-04-12,STL,SEA,1271,2.9843309532544997,3.104908446166699,3.2791601380861075,2.7675003647937944,3.126918945902738,2.992745657545256,2.9029030970831133,3.0040523674015893,1,2,0,0,0.8832666666666665,0.9045,0.0,4.0,5.5,54.54545454545454,50.0,-120,-100,7,1
2024-25,2025-04-12,MTL,TOR,1272,3.3044168097350313,2.964515985095911,3.042688166833545,3.039144146122851,3.246867118963908,2.706017274032929,2.8828015302477206,3.307182560641057,2,0,0,1,0.9228,0.90422,16.0,4.0,6.0,51.45631067961165,53.051643192488264,-106,-113,1,0
2024-25,2025-04-12,MIN,VAN,1273,3.0912058892713277,3.1099437249402007,2.792798143000324,3.1318637959570896,2.9665200337179862,2.8990805758213845,2.644230746424095,3.136899771785218,1,0,0,1,0.9033333333333334,0.9092999999999999,19.0,3.0,5.5,52.38095238095239,52.38095238095239,-110,-110,5,0
2024-25,2025-04-12,NSH,VGK,1274,3.0975289336278733,2.666176571732096,2.761308076012983,3.290955745545147,3.315092987443688,2.5758538800633097,2.5159496119615006,3.432302514267941,1,1,0,0,0.9080333333333334,0.8986333333333334,5.0,12.0,6.0,50.0,54.54545454545454,-100,-120,8,1
2024-25,2025-04-13,COL,ANA,1275,2.960115034734755,3.295216119083384,3.3013219528671067,2.7837471160619347,3.230385641095674,2.972354934888223,3.1189620119438555,3.0427537062756373,2,0,0,1,0.9022333333333333,0.9053666666666668,15.0,18.0,6.0,53.48837209302325,50.98039215686274,-115,-104,6,
2024-25,2025-04-13,TOR,CAR,1276,3.179549375873498,2.9075218593370598,3.230862138342566,2.8767843671655413,3.630449269658096,2.5563810733733536,3.211213595821434,3.2502300080450155,0,0,1,1,0.9178333333333334,0.9071666666666667,3.0,16.0,6.0,50.0,54.54545454545454,-100,-120,5,0
2024-25,2025-04-13,SJS,CGY,1277,2.806085875092768,2.9196188905400575,2.7880541369818594,3.7696467902183945,2.955246620945527,2.8363670416960045,2.846266850233527,3.8795634720746217,1,1,0,0,0.9038333333333334,0.9305470588235294,9.0,17.0,6.0,52.38095238095239,52.38095238095239,-110,-110,7,1
2024-25,2025-04-13,NYI,NJD,1278,2.88750258839144,2.9755541191674015,2.9728251619563224,3.39236835391434,2.9877891763184037,2.8580811494183807,2.8660830159293185,3.364792902229769,1,0,0,1,0.9011333333333335,0.906,8.0,7.0,6.0,52.38095238095239,52.60663507109005,-110,-111,1,0
2024-25,2025-04-13,PHI,OTT,1279,2.956159413346227,2.8151789197825643,3.0371890114406974,3.37624330588713,3.2224054112214664,2.629231282924758,2.7750051808221374,3.5226504605591855,1,0,0,1,0.8995333333333332,0.8581,4.0,4.0,5.5,56.52173913043478,47.61904761904761,-130,110,7,1
2024-25,2025-04-13,BOS,PIT,1280,3.061847103428019,3.2598757120784034,2.821513562354967,3.3885898345837386,3.3596763225206248,3.1296480928207395,2.614957463267686,3.6229095028367526,1,2,0,0,0.8952666666666665,0.8904666666666666,14.0,13.0,6.0,51.690821256038646,52.83018867924528,-107,-112,5,0
2024-25,2025-04-13,BUF,TBL,1281,3.35722695704846,2.7119696533897715,3.355058807557805,3.28358821014839,3.638643323113885,2.4991429224853503,3.037601019421434,3.6098851418595066,1,0,0,1,0.8970296296296296,0.9041666666666667,5.0,10.0,6.5,54.54545454545454,50.0,-120,-100,11,1
2024-25,2025-04-13,EDM,WPG,1282,3.156339651832513,2.5121174656404426,3.068495983242142,2.988060698505356,3.2605233159731077,2.2154895635526777,2.7938417287262745,3.0543381398617764,0,1,1,0,0.8999448275862069,0.8975666666666667,1.0,11.0,6.0,52.38095238095239,52.38095238095239,-110,-110,5,0
2024-25,2025-04-13,CBJ,WSH,1283,3.2686656806707863,3.1963574994614232,3.1783863507284567,3.229827761113862,3.652140978679449,2.9715925060581116,2.6589735665575116,3.486137922516056,0,0,1,1,0.8993666666666666,0.9141666666666666,12.0,11.0,6.5,51.21951219512195,53.48837209302325,-105,-115,5,0
2024-25,2025-04-14,DAL,DET,1284,2.864073737141724,3.086050352505602,3.3000415421072757,2.9497223288914465,3.194134264901536,2.8811881004409505,3.2301680886131225,2.9455469449122966,2,1,0,0,0.9064666666666668,0.9095666666666666,12.0,10.0,6.0,52.38095238095239,52.15311004784689,-110,-109,10,1
2024-25,2025-04-14,LAK,EDM,1285,3.095946006991682,2.9299035093086134,3.1848541549751936,2.534530605633083,3.4193471609275212,2.882537306183022,2.5316303414763244,3.119255445649747,0,1,1,0,0.904,0.9102,11.0,4.0,5.5,52.38095238095239,52.38095238095239,-110,-110,5,0
2024-25,2025-04-14,NYR,FLA,1286,2.8251089492334276,2.574349242199174,3.1949303968676754,3.301820070269371,3.1624007048080167,2.3460571110129105,3.185048462109257,3.2577250511153157,1,1,0,0,0.9099333333333333,0.8989,3.0,10.0,5.5,54.54545454545454,50.0,-120,-100,8,1
2024-25,2025-04-14,CHI,MTL,1287,2.9517429438777407,2.97812789086846,2.900130328853186,3.568994150228668,3.1949721631083965,2.8868282728341064,2.606235080434524,3.6188598412312323,1,1,0,0,0.9015333333333333,0.8924666666666667,4.0,6.0,6.0,53.48837209302325,51.21951219512195,-115,-105,7,1
2024-25,2025-04-14,UTA,NSH,1288,2.773528718862973,3.338399929082072,3.0837278186370627,3.0325312009626604,3.02898228827068,3.0327450200422943,2.8920911037470733,3.283248362234476,1,1,0,0,0.8988666666666667,0.8921000000000001,13.0,5.0,6.0,55.55555555555556,48.78048780487805,-125,105,10,1
2024-25,2025-04-14,SJS,VAN,1289,3.0589197678641424,3.106563907689121,2.769719923494626,3.7955596456368728,2.9368184019969616,2.9064544264307437,2.8228975382519375,3.9027816217609295,1,0,0,1,0.905,0.8800666666666667,22.0,27.0,6.0,53.48837209302325,51.21951219512195,-115,-105,3,0
2024-25,2025-04-15,NJD,BOS,1290,2.861149128219983,3.3129846297000762,2.8045209606588397,2.918297526132515,3.04896209244951,2.9522480094543395,2.874051524332556,2.9021509960439276,1,1,0,0,0.9010333333333332,0.9055333333333334,13.0,8.0,5.5,50.0,54.54545454545454,-100,-120,9,1
2024-25,2025-04-15,TOR,BUF,1291,3.370782994007957,3.3918915873433733,3.2515723313134277,2.8244466326716675,3.52915463639156,2.969503521701132,3.2351318179213537,3.173858507015011,1,1,0,0,0.8942,0.9236666666666667,13.0,16.0,6.5,50.0,54.54545454545454,-100,-120,4,0
2024-25,2025-04-15,VGK,CGY,1292,2.8759140874103,2.894937386180716,3.154086173307341,2.682998841062659,3.023864160302321,2.813908308695225,2.971701785408995,2.9048912254206325,1,2,0,0,0.9041666666666667,0.8913999999999999,9.0,2.0,5.5,53.48837209302325,50.73891625615764,-115,-103,9,1
2024-25,2025-04-15,ANA,MIN,1293,2.8040612479010365,3.097832040554554,2.9338261503788403,3.313079820514694,2.992186731920781,3.007419787861519,2.610131809952906,3.438065585298473,2,1,0,0,0.9089666666666666,0.9019666666666667,2.0,15.0,6.0,51.21951219512195,53.48837209302325,-105,-115,5,0
2024-25,2025-04-15,WSH,NYI,1294,2.9160666218830475,3.286587859448335,3.198509976269336,3.2188194281322176,2.9970346966789303,3.1089245015716163,2.9602062732677084,3.0812580233510025,1,1,0,0,0.9069333333333334,0.8983000000000001,9.0,12.0,6.0,51.21951219512195,53.48837209302325,-105,-115,4,0
2024-25,2025-04-15,CHI,OTT,1295,2.989854787290473,2.825578523440996,2.9353825874328248,3.543826069978175,3.2453232379658603,2.6508355398977725,2.6585757714745433,3.5898516052130653,1,0,0,1,0.8996,0.9019333333333334,6.0,6.0,6.0,53.48837209302325,51.21951219512195,-115,-105,7,1
2024-25,2025-04-15,CBJ,PHI,1296,3.0375265544893693,3.3907856865815003,3.201513850001895,3.1612953431115516,3.1696671417320066,3.1327646214430223,2.710894309192749,3.3976933919348378,1,1,0,0,0.8848666666666667,0.9170157894736841,4.0,11.0,6.0,55.55555555555556,48.78048780487805,-125,105,3,0
2024-25,2025-04-15,LAK,SEA,1297,3.015266670272703,3.10056978901406,3.2366475704519644,2.46734017775744,3.151843505887304,2.9954585818168904,2.621953238711122,3.0155050269690826,2,0,0,1,0.9104666666666666,0.9002333333333332,0.0,5.0,5.5,52.38095238095239,52.38095238095239,-110,-110,11,1
2024-25,2025-04-15,UTA,STL,1298,3.2675076077781724,2.8090583502141158,3.2000517316081134,3.0322257411924785,3.4549988132490785,2.688672929560752,3.0289005575084227,3.2706993748030713,2,0,0,1,0.9039666666666666,0.9031333333333333,3.0,5.0,6.0,50.0,54.54545454545454,-100,-120,7,1
2024-25,2025-04-15,FLA,TBL,1299,3.462340418487962,2.757399365282937,2.8348213012982484,2.6550508423365096,3.7391377679253,2.5601705037336875,2.733449393152277,3.0074596804470217,1,0,0,1,0.9134,0.8872666666666666,5.0,3.0,5.5,53.48837209302325,51.21951219512195,-115,-105,6,1
2024-25,2025-04-16,CAR,MTL,1300,2.95538127761995,3.010300484851626,3.1134947834864914,2.9432513572533656,3.188195527255815,2.925235669504592,2.662013961663842,3.2036479815021077,1,2,0,0,0.9012666666666665,0.9019333333333334,3.0,0.0,6.0,51.21951219512195,53.48837209302325,-105,-115,6,
2024-25,2025-04-16,DET,NJD,1301,2.874154125829032,2.9529682269354502,2.961661751677561,3.1139177565037115,2.8921239851013003,2.8021878335345476,2.6567368173794303,3.2966953963890853,0,1,1,0,0.9182333333333332,0.8979333333333334,9.0,12.0,5.5,53.48837209302325,51.21951219512195,-115,-105,7,1
2024-25,2025-04-16,DAL,NSH,1302,2.785333470302859,3.44327548088969,3.3182005575535007,3.0434366734776366,3.030493210333076,3.161716777127153,3.2532445059015465,3.048881083640741,1,1,0,0,0.8978666666666667,0.9087666666666666,12.0,7.0,6.5,51.21951219512195,53.48837209302325,-105,-115,6,0
2024-25,2025-04-16,EDM,SJS,1303,2.721680462831697,3.7302166171498494,3.0039556227235336,2.9942500478603384,2.743197708951158,3.409495956783492,2.8389561029548123,2.9883635240495487,1,1,0,0,0.8814666666666667,0.8980333333333334,26.0,11.0,6.5,54.54545454545454,50.0,-120,-100,3,0
2024-25,2025-04-16,VGK,VAN,1304,3.0269393997104155,3.0426540956026527,3.177524637917641,2.7577870542878267,2.9099844058020077,2.844335983475164,3.003765323425522,2.978561162928677,1,0,0,1,0.9034666666666666,0.909342857142857,21.0,0.0,5.5,53.48837209302325,51.21951219512195,-115,-105,5,0
2024-25,2025-04-16,ANA,WPG,1305,3.0909915335069753,2.565548248280265,2.907344632974427,3.2989490038113787,3.1825586441961864,2.2900641553698806,2.595154378716207,3.418499556978537,2,0,0,1,0.9230666666666667,0.8855545454545454,1.0,15.0,6.0,50.0,54.54545454545454,-100,-120,3,0
2024-25,2025-04-17,PHI,BUF,1306,3.2644634960236627,3.4035813841545717,2.9466737326622368,3.372964445978645,3.406387772868922,3.001773330325768,2.7889541898672245,3.5297014356743714,1,1,0,0,0.8999666666666666,0.8816153846153847,13.0,4.0,6.5,52.38095238095239,52.15311004784689,-110,-109,9,1
2024-25,2025-04-17,NYI,CBJ,1307,3.1927730524066447,3.0651660341816047,2.860776603415929,3.2737933844593154,3.6620768531739705,2.971579886168768,2.8100016544242554,3.2489114195776407,1,1,0,0,0.9210499999999999,0.8943249999999999,11.0,15.0,6.5,51.690821256038646,52.83018867924528,-107,-112,7,1
2024-25,2025-04-17,CGY,LAK,1308,3.316059194691861,2.552290070277417,2.9418127432574237,2.9302192309664936,3.5038452927113073,2.253157918441197,2.6592144913023095,3.0671598171942467,1,1,0,0,0.8991,0.8903000000000001,3.0,9.0,5.5,55.35714285714286,49.26108374384236,-124,103,6,1
2024-25,2025-04-17,TBL,NYR,1309,3.246790283408081,3.28928899615288,3.5008780856903408,2.709290232021846,3.043835249809059,3.149749931821163,3.055470451683215,3.0015559080953698,2,1,0,0,0.9063333333333333,0.8953214285714284,13.0,6.0,6.5,54.54545454545454,50.0,-120,-100,4,0
2024-25,2025-04-17,CAR,OTT,1310,2.9907755540829633,2.863777813865291,3.078525663829989,2.9755787808791685,3.236749545911886,2.6982502133971322,2.643456755919132,3.228918858747392,1,0,0,1,0.9121666666666667,0.9149666666666666,5.0,0.0,5.5,54.54545454545454,50.0,-120,-100,12,1
2024-25,2025-04-17,WSH,PIT,1311,3.001965592325074,3.280145093869333,3.190394862657712,3.150284168159051,3.278934746898646,3.1585192955929093,2.960109810141564,3.0162000070467787,3,1,0,0,0.8963333333333333,0.905,20.0,12.0,6.5,51.21951219512195,53.48837209302325,-105,-115,7,1
2024-25,2025-04-17,DET,TOR,1312,3.270862649646064,2.7443487511569837,3.023831989082421,3.0798720560666304,3.1706882784420576,2.6245899351862736,2.736926762481658,3.2534917730506803,1,0,0,1,0.9079666666666667,0.9057999999999999,16.0,12.0,6.0,51.45631067961165,53.051643192488264,-106,-113,7,1
2025-26,2025-10-25,COL,BOS,127,3.1399209837603923,3.369355552553454,3.241024163825427,2.859486900878669,3.2398606033128132,3.3007303114421953,3.170459139621681,2.7883111204599356,1,1,0,0,0.8958666666666667,0.9140444444444444,7.0,20.0,6.0,52.38095238095239,52.38095238095239,-110,-110,5,0
2025-26,2025-10-25,UTA,MIN,131,2.8687147826243518,3.178616987802191,3.2894837273884283,2.8868252152741958,3.239304542703661,3.3067684319670483,3.0515186007638566,3.038275271289353,2,1,0,0,0.909225,0.9008625,6.0,2.0,6.0,50.0,54.54545454545454,100,-120,8,1
2025-26,2025-10-25,LAK,NSH,132,2.814378990020121,3.112469308143607,2.958333028511829,3.156595394324713,2.844020205649708,2.930190920297574,3.0845676082949733,3.05715461559306,1,1,0,0,0.9019588235294118,0.9132666666666668,5.0,2.0,5.5,52.38095238095239,52.38095238095239,-110,-110,9,1
2025-26,2025-10-25,EDM,SEA,135,2.9672829398285154,3.0282562097623518,3.0934986734388463,3.1408728403434836,3.0438514686068516,2.7904233767773023,2.899111548281775,3.106652954713873,1,1,0,0,0.9078875,0.9002333333333333,9.0,7.0,6.0,48.78048780487805,55.55555555555556,105,-125,5,0
2025-26,2025-10-25,BUF,TOR,137,3.1821599765348942,3.357729615693514,3.1170002126186027,3.0095265230079353,3.230566828169903,3.1204120040356624,2.8547220868435894,3.191795124889507,0,0,1,1,0.838790909090909,0.8894307692307692,10.0,14.0,6.5,53.48837209302325,51.21951219512195,-115,-105,7,1
2025-26,2025-10-25,MTL,VAN,138,2.953099901163151,3.079238433880042,3.287412662300821,3.076902981037422,3.1907229118668945,3.0692397110883394,3.1708639423520864,3.111766923176639,1,1,0,0,0.8975384615384615,0.9206714285714287,15.0,7.0,6.0,51.21951219512195,53.48837209302325,-105,-115,7,1
2025-26,2025-10-25,OTT,WSH,139,3.199907003455216,2.6093392653318124,3.0588267905862607,3.4838988664341146,3.1750385025021437,2.8320513648744554,3.190032148300337,3.7073172839176163,0,1,1,0,0.9023666666666667,0.8919941176470588,2.0,2.0,5.5,54.54545454545454,50.0,-120,100,8,1
2025-26,2025-10-26,NYR,CGY,140,2.5894384148374225,3.366959747511644,2.8328559150434893,2.8693926547199524,2.7370547577711783,3.0713215542538963,3.2536042303323347,2.7562462039394457,1,2,0,0,0.8939555555555556,0.914935294117647,5.0,7.0,5.5,51.21951219512195,53.48837209302325,-105,-115,6,1
2025-26,2025-10-26,LAK,CHI,141,3.126469789504567,2.8726346407873686,3.0359598625767124,3.2697644241376254,2.929395796038519,2.827849048437967,3.158531188402014,3.1954809568486433,2,0,0,1,0.8951500000000001,0.8961538461538462,4.0,2.0,6.0,53.48837209302325,51.21951219512195,-115,-105,4,0
2025-26,2025-10-26,SJS,MIN,142,2.8502953455524107,3.340502197388538,3.013702084315041,3.635588287760865,3.1613337803656143,3.521524199184939,3.1252394631142044,3.4425825465618667,0,1,1,0,0.8540999999999999,0.8851714285714286,8.0,13.0,6.5,51.21951219512195,53.48837209302325,-105,-115,11,1
2025-26,2025-10-26,COL,NJD,143,3.400998360009637,2.8097199220488713,3.1997970997441656,2.899566877996971,3.2839419756314996,2.7268449933557504,3.1264502945717516,2.844158347130527,1,0,0,1,0.9163333333333334,0.8898181818181818,21.0,20.0,6.0,53.48837209302325,51.21951219512195,-115,-105,7,1
2025-26,2025-10-26,DAL,NSH,144,2.9616326131010497,3.1850025388322676,3.0840312488126824,3.2508105800729017,3.0117021417623016,3.035848061405417,3.2068928306812197,3.244091494990745,0,0,1,1,0.8803363636363636,0.9048818181818181,5.0,8.0,6.0,52.38095238095239,52.38095238095239,-110,-110,5,0
2025-26,2025-10-26,VGK,TBL,145,2.977627991517637,3.1906453936267045,3.3317117240577727,3.0028624323546262,3.164094605811772,3.311231095672792,2.894216982401743,2.987297707986849,0,0,1,1,0.9092333333333333,0.905,5.0,12.0,6.0,54.54545454545454,50.0,-120,100,3,0
2025-26,2025-10-26,EDM,VAN,146,2.962483100246429,3.1298567196883083,3.041359265939332,3.136185562232813,3.164195112678799,3.1510005207926164,2.8630323147636227,3.0990972735087916,0,0,1,1,0.9019333333333334,0.8869538461538462,16.0,7.0,6.0,52.38095238095239,52.38095238095239,-110,-110,7,1
2025-26,2025-10-26,UTA,WPG,147,3.236955135977264,2.8353381417174393,3.446616618770741,2.8709749169999785,3.1522342780615036,3.0071923375004563,3.2706443240930576,2.9937766148585325,1,0,0,1,0.9274875,0.8913166666666666,6.0,2.0,5.5,54.54545454545454,50.0,-120,100,5,0
2025-26,2025-10-27,BOS,OTT,148,3.2620197460468936,3.346391106267728,3.148653808484995,3.311051230217595,2.982857442507422,3.10849238091022,3.003597794982831,3.2223996220218174,1,1,0,0,0.9077090909090909,0.898725,2.0,7.0,6.0,53.48837209302325,51.21951219512195,-115,-105,9,1
2025-26,2025-10-27,STL,PIT,149,3.3190121488027575,2.9584085107248765,3.093677249876551,3.5135924087327206,3.242843351050089,3.246521576335261,3.3279479858364183,3.2016808156711316,1,1,0,0,0.9010142857142858,0.8771923076923078,22.0,9.0,6.0,53.48837209302325,51.21951219512195,-115,-105,9,1
2025-26,2025-10-28,NYI,BOS,150,3.1032810193953044,3.4937590126998863,3.3885860402376884,3.2506871488461515,3.2763119916651653,3.2295894110621104,3.1988800542749813,3.3336698239861113,0,2,1,0,0.8793428571428572,0.89525,5.0,9.0,6.5,51.21951219512195,53.48837209302325,-105,-115,7,1
2025-26,2025-10-28,CBJ,BUF,151,3.1271341642455788,3.0793350820496284,3.140193854671985,3.1422847499589883,3.3170141817595185,2.9386156708815765,3.4305409335617627,3.0871499475883186,2,2,0,0,0.9072882352941176,0.9279857142857143,11.0,5.0,6.5,52.38095238095239,52.38095238095239,-110,-110,7,1
2025-26,2025-10-28,VGK,CAR,152,3.3679418386424045,3.0130456508199255,3.2132244526443814,2.961523426002432,3.436385488814055,3.074032555302667,2.7688633822316793,2.966375203135312,2,1,0,0,0.9,0.9281666666666667,13.0,13.0,6.0,53.48837209302325,51.21951219512195,-115,-105,9,1
2025-26,2025-10-28,OTT,CHI,153,3.0338858803084228,2.902469442627029,3.462409421484402,3.2927435857551486,2.8498779124219213,2.8558923446253353,3.447818948443622,3.54587213426481,1,0,0,1,0.9110625,0.8922777777777777,4.0,2.0,6.0,51.21951219512195,53.48837209302325,-105,-115,10,1
2025-26,2025-10-28,NJD,COL,154,3.2058310197136466,2.978043436002965,3.442546290673262,2.8467472701384784,3.2863178892256846,3.090713109405016,3.322698731564523,3.2012194787172508,1,1,0,0,0.9108526315789474,0.8874923076923077,18.0,21.0,6.0,53.48837209302325,51.21951219512195,-115,-105,12,1
2025-26,2025-10-28,WSH,DAL,155,3.109216776272252,3.21164037686436,3.1235651010158243,2.886761011007242,3.106667581392825,3.1845677488248008,3.156506546565889,2.8053934722792984,1,2,0,0,0.9046,0.9205625,9.0,3.0,5.5,54.54545454545454,50.0,-120,100,1,0
2025-26,2025-10-28,UTA,EDM,156,3.0675622430379494,3.2046672569266326,3.440375906262759,2.8591673926000705,3.384061669114745,3.1403088323236736,3.245753398863802,3.002397175131825,1,1,0,0,0.898425,0.9043529411764705,7.0,2.0,6.0,53.48837209302325,51.21951219512195,-115,-105,9,1
2025-26,2025-10-28,ANA,FLA,157,2.8896856179663972,3.0224716789669652,3.3511599622764576,3.3307351444645055,3.288966196877808,2.788907483976331,3.386831202828431,3.3769255132507903,2,2,0,0,0.88155,0.901525,12.0,10.0,6.5,50.0,54.54545454545454,100,-120,5,0
2025-26,2025-10-28,WPG,MIN,158,2.9949055735868666,3.497202481201959,3.1985370108788356,2.879811994673771,3.359370637461757,3.6619250724825485,3.255821846631763,2.9301426605164442,1,1,0,0,0.9068411764705883,0.9261352941176471,8.0,6.0,6.0,51.21951219512195,53.48837209302325,-105,-115,7,1
2025-26,2025-10-28,TBL,NSH,159,2.9394233643139063,3.195257260548372,2.955969725760884,3.1009817257267116,3.0180046861229872,3.0244404970911813,2.8848826696391776,3.117892321365813,1,1,0,0,0.9016555555555557,0.9103875000000001,5.0,5.0,6.0,50.0,54.54545454545454,100,-120,7,1
2025-26,2025-10-28,PIT,PHI,160,3.071754282650895,2.9626043692106956,3.4732422555487332,2.9916148504415796,3.332372640132741,2.964667308906011,3.253177939287621,2.8380992144546444,2,0,0,1,0.8778769230769231,0.8790333333333333,4.0,22.0,6.0,53.48837209302325,51.21951219512195,-115,-105,5,0
2025-26,2025-10-28,MTL,SEA,161,3.006218024787865,3.011187066545575,3.3494254327831143,3.105469857232734,3.1173881459922326,2.762343998050825,3.234231284014594,3.161009445050077,2,2,0,0,0.9099882352941177,0.9194,9.0,7.0,5.5,54.54545454545454,50.0,-120,100,7,1
2025-26,2025-10-28,LAK,SJS,162,3.2028264172499443,3.724434314992447,3.0641505465970225,3.181065266527637,3.0323257523787603,3.4889209133310177,3.1562505496471815,3.1262171664863705,1,1,0,0,0.8827333333333333,0.9087000000000001,12.0,2.0,6.0,52.38095238095239,52.38095238095239,-110,-110,7,1
2025-26,2025-10-28,DET,STL,163,3.1173280374332055,3.657672805898547,3.2434379936920803,3.216781364702653,2.9555338874354344,3.517267805246332,2.958194222504181,3.4513339962270124,0,2,1,0,0.8889705882352941,0.8983,9.0,7.0,6.0,51.21951219512195,53.48837209302325,-105,-115,7,1
2025-26,2025-10-28,CGY,TOR,164,3.260075024387919,3.370595094761797,2.752724992471536,3.2728037814947206,3.3199939811454096,3.144927685813193,2.80863524195199,3.5542079712584784,2,1,0,0,0.9089411764705883,0.8983263157894738,11.0,5.0,5.5,56.52173913043478,47.61904761904761,-130,110,7,1
2025-26,2025-10-28,NYR,VAN,165,3.0517547781613734,3.1568298169333056,2.7806809804770096,3.012504137256395,3.2836304543198067,3.1588982569727255,3.1229875354587917,2.9690741152139224,1,1,0,0,0.9016375000000001,0.8964333333333333,16.0,7.0,5.5,54.54545454545454,50.0,-120,100,2,0
2025-26,2025-10-29,TOR,CBJ,166,3.1989103497177775,3.1496447306971445,3.287646443754951,3.3402088969731634,2.8542302327592037,3.212154460299555,3.0990206998430545,3.5205737920877294,0,0,1,1,0.8986142857142857,0.8424999999999999,5.0,11.0,6.5,55.55555555555556,48.78048780487805,-125,105,9,1
2025-26,2025-10-30,BUF,BOS,167,3.2119892355188795,3.434347943751587,3.1402159520802804,3.145585524420717,3.396454086101621,3.175493669384899,2.9055065719028583,3.30654367842623,1,1,0,0,0.8853333333333334,0.9065444444444444,5.0,7.0,6.5,51.21951219512195,53.48837209302325,-105,-115,7,1
2025-26,2025-10-30,NYI,CAR,168,3.3622635002279777,3.1889544664075506,3.3329544741880914,3.35951466833846,3.4270449893349495,3.293630016587981,3.139079779621007,3.469958912562545,1,1,0,0,0.9064769230769231,0.8960499999999999,15.0,6.0,6.5,54.54545454545454,50.0,-120,100,8,1
2025-26,2025-10-30,NYR,EDM,169,3.2191230628235563,3.2020132824869245,2.7544296156904484,2.873045715929934,3.554210086134133,3.142497727745368,3.048039632785938,2.818725247846524,1,1,0,0,0.8967882352941177,0.9098,7.0,7.0,5.5,54.54545454545454,50.0,-120,100,7,1
2025-26,2025-10-30,DET,LAK,170,3.117444283901601,3.1776811993143377,3.3330493212381795,3.1598709254301918,3.0041670761971875,3.283567641607235,3.0942071253845627,3.362250333176928,1,1,0,0,0.9107000000000001,0.8974,2.0,7.0,5.5,53.48837209302325,51.21951219512195,-115,-105,7,1
2025-26,2025-10-30,PIT,MIN,171,3.007605849493381,3.5207318807658936,3.400167299284649,3.0022223522977245,3.3333631737471894,3.684220626784902,3.183849137119844,2.8656810753570876,1,1,0,0,0.9029111111111112,0.9006333333333333,8.0,22.0,6.5,54.54545454545454,50.0,-120,100,5,0
2025-26,2025-10-30,CGY,OTT,172,3.447944383034614,3.482925276654603,2.7776159191163856,3.307207196628157,3.2830592649164703,3.063287599130832,2.8295341486282766,3.5744708352002643,1,1,0,0,0.8851157894736842,0.9083333333333333,2.0,6.0,6.0,53.48837209302325,51.21951219512195,-115,-105,7,1
2025-26,2025-10-30,NSH,PHI,173,3.0754760086500923,2.9237500598242505,2.90585266199111,3.286806726499987,3.3101493459302445,2.924033634509578,3.0185896673826758,3.3575445171035594,1,1,0,0,0.9089333333333334,0.9000105263157895,6.0,5.0,5.5,53.48837209302325,51.21951219512195,-115,-105,5,0
2025-26,2025-10-30,NJD,SJS,174,3.1952769505523477,3.7265773264937985,3.4706003771274228,3.118368778291578,3.0421435005587645,3.510298424366568,3.360247247929934,3.507094235448344,1,1,0,0,0.888357142857143,0.9136875,9.0,21.0,6.5,53.48837209302325,51.21951219512195,-115,-105,7,1
2025-26,2025-10-30,VAN,STL,175,3.066738114196059,3.7143827977620214,2.9092718182767925,3.1026087459542264,2.9220626027953194,3.5846954042805463,2.9031504706812816,3.169086245474094,1,1,0,0,0.8838777777777778,0.8936142857142857,9.0,17.0,6.0,50.0,54.54545454545454,100,-120,7,1
2025-26,2025-10-30,DAL,TBL,176,3.068566537424898,3.05394928182155,3.0059269918057736,3.0510111684859678,3.1662420571306513,3.163349618090024,3.1879455099262133,3.232715661794635,1,1,0,0,0.9096470588235296,0.9089333333333334,5.0,9.0,6.0,51.21951219512195,53.48837209302325,-105,-115,3,0
2025-26,2025-10-30,CHI,WPG,177,3.238653343317885,2.8947450448943584,3.2451645172682744,2.925706052922852,3.1517229192344365,3.0100306650108006,3.3217075350907668,3.1720249927149817,1,1,0,0,0.9253444444444443,0.9097176470588235,6.0,4.0,6.0,51.21951219512195,53.48837209302325,-105,-115,9,1
2025-26,2025-10-31,DET,ANA,178,3.3315362012153282,3.2615320832902532,3.3596618560899243,3.151285205067795,3.138868824625355,3.1542505772532863,3.137608885476387,3.3448992195832714,2,0,0,1,0.9039941176470588,0.898775,9.0,7.0,6.5,52.38095238095239,52.38095238095239,-110,-110,7,1
2025-26,2025-10-31,COL,VGK,179,3.3719600293087817,2.9909201476509186,3.444743616452119,3.0417382000313404,3.7270657455185034,3.1019287956950636,3.102986735655125,3.0012595349823954,2,2,0,0,0.9071454545454546,0.9082000000000001,13.0,18.0,6.5,52.38095238095239,52.38095238095239,-110,-110,6,0
2025-26,2025-10-31,NYI,WSH,180,2.9690062846813143,2.7998020299600284,3.2657923625759606,3.488400717305908,3.1224107221384476,3.090390523253843,3.05588511737967,3.6361497861258867,2,0,0,1,0.9220529411764705,0.8911764705882352,5.0,6.0,6.0,54.54545454545454,50.0,-120,100,4,0
2025-26,2025-11-01,CAR,BOS,181,3.2472143163124176,3.4085343762587605,3.4870666696413943,3.1289142525897433,3.4373426120861197,3.151680227952821,3.2020936728913014,3.0854365499418033,1,1,0,0,0.8897705882352942,0.8965625,7.0,13.0,6.5,52.38095238095239,52.38095238095239,-110,-110,3,0
2025-26,2025-11-01,WSH,BUF,182,3.129417206904714,3.18241021003816,2.8707038336878057,2.810070104264793,3.3256721042660784,3.003322154169143,2.9333590629020576,2.699381306323629,1,0,0,1,0.8811,0.8930076923076924,9.0,6.0,6.5,51.21951219512195,53.48837209302325,-105,-115,7,1
2025-26,2025-11-01,STL,CBJ,183,3.337557159623811,3.1434960477363596,3.058749819118013,3.706461548407295,3.0816703169714468,3.17246870276434,3.2947076535173525,3.439560665748075,2,1,0,0,0.9278333333333334,0.8718428571428571,5.0,9.0,6.5,52.38095238095239,52.38095238095239,-110,-110,5,0
2025-26,2025-11-01,CHI,EDM,184,3.1982649754570693,3.2290593557280527,3.2260930122523663,3.0743514547894972,3.5081594191200445,3.170905014525793,3.2803783489625657,3.346164838813315,1,1,0,0,0.895888888888889,0.9040222222222223,7.0,5.0,6.5,50.0,54.54545454545454,100,-120,5,0
2025-26,2025-11-01,DAL,FLA,185,2.8458183058391224,3.0167934174223463,2.901239507101624,2.991006500834919,3.2064710667425196,2.797260115872682,3.0258298480417505,3.153986020856474,3,1,0,0,0.9045333333333332,0.9059499999999999,12.0,8.0,5.5,51.21951219512195,53.48837209302325,-105,-115,7,1
2025-26,2025-11-01,NJD,LAK,186,3.1019245698429754,3.2044993976345797,3.382683113833723,3.2005950639478686,3.012786997064286,3.2910544911948105,3.246745335781216,3.589048458371953,1,1,0,0,0.9095000000000001,0.8802142857142857,2.0,23.0,6.0,52.38095238095239,52.38095238095239,-110,-110,5,0
2025-26,2025-11-01,VAN,MIN,187,2.903651705256547,3.5198692366055795,2.9545823462293876,3.0873329419764457,3.1893503170709834,3.655434505286246,2.9510114971293353,3.151603550462633,1,1,0,0,0.9033315789473684,0.9046176470588235,8.0,17.0,6.0,50.0,54.54545454545454,100,-120,7,1
2025-26,2025-11-01,OTT,MTL,188,3.3699859437412303,3.0960727127682115,3.4554821235004294,3.441272763400545,3.3535991609693556,3.0475242313434396,3.3836976978974227,3.779519158124092,3,1,0,0,0.8817,0.8859999999999999,5.0,2.0,6.0,53.48837209302325,51.21951219512195,-115,-105,7,1
2025-26,2025-11-01,CGY,NSH,189,2.812400720992695,3.305958029664381,2.7877564548791183,3.325908598945407,2.97172152447506,3.1184977000708574,2.812177201879377,3.598771127086167,1,1,0,0,0.89785,0.8981,5.0,5.0,5.5,53.48837209302325,51.21951219512195,-115,-105,6,1
2025-26,2025-11-01,TOR,PHI,190,3.111446020647201,2.822747776637655,3.268064862457454,3.4607984408512524,3.3567476987790164,2.784964708092935,3.051249552833176,3.710687790965961,1,2,0,0,0.9132125,0.9082777777777777,7.0,11.0,5.5,54.54545454545454,50.0,-120,100,7,1
2025-26,2025-11-01,NYR,SEA,191,3.0058035103914955,3.059912179394334,2.8134202269801056,2.87682727313344,3.12266433948186,2.832550169523102,3.080185744209679,2.840441362448778,3,1,0,0,0.9058444444444445,0.9101421052631579,7.0,7.0,5.5,50.0,54.54545454545454,100,-120,5,0
2025-26,2025-11-01,COL,SJS,192,3.2705284774805894,3.6184264009754727,3.4513117636697337,2.9839628834621506,3.16022546351174,3.3855636175548014,3.1411129884528526,2.9351098736432197,1,0,0,1,0.8769,0.9112978723404256,11.0,19.0,6.5,55.55555555555556,48.78048780487805,-125,105,5,0
2025-26,2025-11-01,PIT,WPG,193,3.3599202308095566,2.897413113159838,3.406804843469856,2.897479399699076,3.3088341742506984,2.992938169000448,3.1938387666111905,2.7697138895083118,1,1,0,0,0.9161666666666667,0.8830875,8.0,24.0,6.5,50.0,54.54545454545454,100,-120,7,1
2025-26,2025-11-02,NJD,ANA,194,3.396777259547409,3.1835611042927847,3.403587082954017,3.0945844134687044,3.259787189807828,3.04714980470187,3.2776777961306265,3.435994719313107,1,0,0,1,0.9056000000000002,0.9073705882352942,9.0,23.0,6.5,52.38095238095239,52.38095238095239,-110,-110,5,0
2025-26,2025-11-02,CBJ,NYI,195,3.235476581395073,3.3455601770413734,3.3095448635416362,3.0818317286851022,3.426837375998549,3.0772058194198957,3.4328379254605763,3.125415353293737,1,0,0,1,0.8903846153846153,0.8998333333333333,6.0,5.0,6.5,56.52173913043478,47.61904761904761,-130,110,5,0
2025-26,2025-11-02,CGY,PHI,196,3.053490284095808,2.9302313483859743,2.75515941901308,3.3465033186771285,3.2799837188625647,2.8994819475656333,2.761822289552452,3.6107875438414996,0,0,1,1,0.879090909090909,0.8945142857142857,8.0,5.0,5.5,54.54545454545454,50.0,-120,100,3,0
2025-26,2025-11-02,DET,SJS,197,3.2455869468042744,3.521775569754971,3.270678554669225,3.2173162814684173,3.152967599519211,3.2782471107062423,3.032616767004151,3.4240926543979575,0,1,1,0,0.8914000000000002,0.9000375,13.0,7.0,6.5,54.54545454545454,50.0,-120,100,5,0
2025-26,2025-11-02,TBL,UTA,198,3.396850691658384,3.0027400104657143,2.995625044863563,2.9340690905680864,3.4076586243215727,2.859654508838216,2.980065030456386,3.0463824363176397,4,2,0,0,0.8982111111111111,0.8995,2.0,5.0,6.0,52.38095238095239,52.38095238095239,-110,-110,6,
2025-26,2025-11-03,VAN,NSH,199,2.862288919545493,3.2303459317562777,2.905533063953123,3.1653428310701277,3.019856470564602,3.0426323336208623,2.8851296496188357,3.246330426506238,1,1,0,0,0.9003619047619049,0.9019222222222223,7.0,16.0,5.5,53.48837209302325,51.21951219512195,-115,-105,9,1
2025-26,2025-11-03,CHI,SEA,200,2.9515552446478006,3.0496785244717786,3.1572608348631057,3.063112202132829,3.04724161716803,2.837211260916794,3.185598377044151,3.3131718654804616,1,1,0,0,0.9049684210526316,0.8955000000000001,7.0,5.0,6.0,51.21951219512195,53.48837209302325,-105,-115,4,0
2025-26,2025-11-03,EDM,STL,201,2.99684632667455,3.644618394485247,3.1755303751133224,3.158712112839753,2.9217548550071766,3.554515185126543,2.8434346106941284,3.2086891854973536,1,1,0,0,0.8814105263157895,0.8845571428571429,8.0,7.0,6.0,55.55555555555556,48.78048780487805,-125,105,5,0
2025-26,2025-11-03,PIT,TOR,202,3.3325101990549335,3.371355151987818,3.326085791136964,2.988820154736422,3.35571648542872,3.08380575489224,3.1090841771725577,2.894750312620785,1,1,0,0,0.910257894736842,0.9042250000000001,10.0,24.0,6.5,54.54545454545454,50.0,-120,100,7,1
2025-26,2025-11-04,FLA,ANA,203,3.408339901497632,3.0668480054336893,2.8956820223446478,3.0076800681467484,3.2942125174793166,2.9003710893073156,2.650836661719623,3.3142312228088704,1,2,0,0,0.909242105263158,0.9024736842105262,9.0,12.0,6.0,52.38095238095239,52.38095238095239,-110,-110,10,1
2025-26,2025-11-04,UTA,BUF,204,3.1612016429762404,3.1637081524961257,3.3296692325340436,3.0572664057263745,3.3647099903140694,2.977754659360995,3.1938245554299316,3.1848231660176376,2,1,0,0,0.9036526315789474,0.8972684210526315,13.0,2.0,6.5,51.21951219512195,53.48837209302325,-105,-115,3,0
2025-26,2025-11-04,TBL,COL,205,3.367341424650185,2.9782016100536315,3.0461598281033537,2.8956880291928044,3.583677985585931,3.0951590247705045,3.0363486348971964,2.996504659640116,2,1,0,0,0.9084,0.9113888888888889,19.0,5.0,6.0,53.48837209302325,51.21951219512195,-115,-105,5,0
2025-26,2025-11-04,EDM,DAL,206,2.8993667396876113,3.0293465162831987,3.1206429304989407,3.1493235926266365,2.981902886163432,2.9427633532530217,2.794453030304406,3.203841884755607,2,0,0,1,0.9050923076923075,0.897978947368421,9.0,5.0,6.0,50.0,54.54545454545454,100,-120,7,1
2025-26,2025-11-04,WPG,LAK,207,2.995129102384224,3.2268780048690844,3.421390373849944,2.8521489704097953,2.895167015230651,3.296822939975896,3.2515848139579218,2.9430747138585125,2,2,0,0,0.9071684210526317,0.9231947368421053,2.0,8.0,5.5,53.48837209302325,51.21951219512195,-115,-105,3,0
2025-26,2025-11-04,NSH,MIN,208,2.9901034519655876,3.426769521329717,2.914886620771423,3.3021241898565608,3.294391480245214,3.5064746435218535,2.822208986425586,3.3957651637311743,2,0,0,1,0.90445,0.8816499999999999,8.0,7.0,6.5,50.0,54.54545454545454,100,-120,5,0
2025-26,2025-11-04,PHI,MTL,209,3.3758451717485705,3.0749712258514603,2.9468225247256408,2.879106764352554,3.385466698962262,3.0019889022023065,2.750577178514953,3.121907784025302,2,1,0,0,0.8783375,0.908370588235294,5.0,8.0,5.5,52.38095238095239,52.38095238095239,-110,-110,9,1
2025-26,2025-11-04,BOS,NYI,210,3.210981364725945,3.266469947236628,3.168746447171162,3.2746863259258503,3.3910884354570974,2.991962311338385,2.8909052437771696,3.5235460489008563,1,2,0,0,0.894022222222222,0.8938,6.0,7.0,6.0,53.48837209302325,51.21951219512195,-115,-105,7,1
2025-26,2025-11-04,CAR,NYR,211,2.8157622169240057,2.829270924421975,3.337345095734151,3.0537325996316427,2.701224606592386,3.0381987689229217,3.0305670105071796,3.0264435859439773,2,2,0,0,0.9087500000000001,0.8988982456140351,8.0,13.0,5.5,55.55555555555556,48.78048780487805,-125,105,3,0
2025-26,2025-11-04,DET,VGK,212,3.2702130988366513,3.0134288227020347,3.2472102618560474,3.1521335617374997,3.5782258837033165,3.1077986971885854,3.0197243668339886,3.3320126735719207,3,1,0,0,0.9247875000000001,0.8970588235294118,10.0,7.0,6.0,54.54545454545454,50.0,-120,100,1,0
2025-26,2025-11-05,CBJ,CGY,213,2.712324674081968,3.2188826961915926,3.2227950453133305,3.0581421231453336,2.9430027455245336,2.876175493041177,3.309303615378878,3.09784123814387,2,2,0,0,0.8958545454545455,0.9297375,5.0,6.0,6.0,52.38095238095239,52.38095238095239,-110,-110,6,
2025-26,2025-11-05,SJS,SEA,214,2.94161700553246,2.9393331385535495,3.1714018556387797,3.4736878650957745,3.04639254310005,2.6999948741301623,3.2308910464011937,3.5902372305259562,1,2,0,0,0.9082999999999999,0.8824000000000001,7.0,13.0,6.0,54.54545454545454,50.0,-120,100,7,1
2025-26,2025-11-05,UTA,TOR,215,3.3471881962479118,3.337856273013347,3.247887268783438,2.9491217236026537,3.3767341475565016,3.062456882027553,3.109860282471685,3.047723845322494,1,0,0,1,0.9109999999999999,0.8953846153846154,8.0,2.0,6.5,51.21951219512195,53.48837209302325,-105,-115,8,1
2025-26,2025-11-05,CHI,VAN,216,2.9946078318240126,3.192302538990502,3.0455137607165783,3.0488724090795922,3.079320420618022,3.009523559016243,3.033716028839049,3.288398722525373,1,1,0,0,0.8964,0.9038052631578948,15.0,5.0,6.0,52.38095238095239,52.38095238095239,-110,-110,7,1
2025-26,2025-11-05,STL,WSH,217,2.8606259922774835,2.8510286206705513,2.9911896827897686,3.5481075188539157,2.980617924310574,3.037973334836772,3.166693657707872,3.386152081078839,3,1,0,0,0.9213777777777779,0.8841999999999999,4.0,8.0,5.5,51.21951219512195,53.48837209302325,-105,-115,7,1
2025-26,2025-11-06,OTT,BOS,218,3.198961539246915,3.254479182688111,3.4082796633359282,3.4405205656108944,3.347390301919573,2.9904203714048747,3.3132983332364323,3.7654893283632656,1,4,0,0,0.889,0.884347619047619,7.0,2.0,6.0,52.38095238095239,52.38095238095239,-110,-110,5,0
2025-26,2025-11-06,STL,BUF,219,3.04842661189725,3.0962118328885246,2.9053108777185503,3.645890137221435,3.227215171648363,2.9108392688104208,3.027760370194259,3.5393418927063687,1,0,0,1,0.8850333333333333,0.8781125000000001,10.0,8.0,6.5,50.0,54.54545454545454,100,-120,3,0
2025-26,2025-11-06,MIN,CAR,220,3.3044096656539024,2.9011887478890688,2.9852883070613103,3.3477456085373936,3.571205573558636,3.125443189301794,2.729364154935645,3.0960037998804704,1,1,0,0,0.8970764705882353,0.9064142857142857,11.0,8.0,6.5,50.0,54.54545454545454,100,-120,7,1
2025-26,2025-11-06,ANA,DAL,221,2.9440524201333393,3.0194680318695086,3.556587121468369,3.052979232968934,3.0321247659879242,2.935146601615296,3.3031853537008,3.2741012640536886,1,1,0,0,0.910742105263158,0.9075,7.0,9.0,6.5,50.0,54.54545454545454,100,-120,12,1
2025-26,2025-11-06,FLA,LAK,222,2.9938777584297243,3.0767327152166386,2.901306767311807,3.1872728338271896,2.9008189119928685,3.0972145935462274,2.6744733225922803,3.519810286793334,1,1,0,0,0.8990857142857143,0.89445,2.0,12.0,5.5,50.0,54.54545454545454,100,-120,7,1
2025-26,2025-11-06,MTL,NJD,223,3.273701726647163,3.122719013029519,3.399926683119866,3.1655942160356507,3.373806878884766,2.7004426644567636,3.2301176388653285,3.1452371617923736,3,1,0,0,0.8918666666666667,0.9168625,21.0,5.0,6.0,53.48837209302325,51.21951219512195,-115,-105,7,1
2025-26,2025-11-06,PHI,NSH,224,2.8813595096802285,3.286060484109158,3.0473469590676916,2.9389227523957016,3.0743225543425416,3.137026125361951,2.9224577638554936,3.169617494756542,1,1,0,0,0.898209090909091,0.9038555555555556,7.0,6.0,5.5,52.38095238095239,52.38095238095239,-110,-110,4,0
2025-26,2025-11-06,WSH,PIT,225,3.3022036810395092,3.0323496569275137,3.012223658170511,2.7760270140291348,3.4425732155258175,3.188700798064817,2.9081156903365404,2.775974584977347,2,0,0,1,0.8826705882352941,0.8918,28.0,4.0,6.5,50.0,54.54545454545454,100,-120,8,1
2025-26,2025-11-06,TBL,VGK,226,3.1624895766333285,2.877511901830269,2.9964166569032216,2.9019452297502606,3.4152531548307095,2.9343706382084105,2.9799162731337967,2.992394996539172,1,1,0,0,0.9051166666666667,0.9114000000000001,10.0,5.0,6.0,51.21951219512195,53.48837209302325,-105,-115,9,1
2025-26,2025-11-07,CHI,CGY,227,2.832246061187416,3.131581754559709,3.142660110415901,3.0127424924852835,3.073083018619076,2.7993931348174947,3.1596054752377696,3.2168882994601478,1,1,0,0,0.9015173913043478,0.90725,6.0,5.0,6.0,52.38095238095239,52.38095238095239,-110,-110,4,0
2025-26,2025-11-07,NYR,DET,228,3.102663456551329,3.058437114053667,2.6967963902207868,2.8424279480873174,3.4146305110555124,2.9252608308274852,3.0624842869892164,2.7826559466799625,2,2,0,0,0.8995117647058823,0.9045076923076921,6.0,8.0,6.0,52.38095238095239,52.38095238095239,-110,-110,5,0
2025-26,2025-11-07,MIN,NYI,229,3.1971428091187373,3.2941967937192773,2.996854036857926,3.3784307979647674,3.3344540366882764,3.0734919639719185,2.78437899159738,3.1379866547296746,2,0,0,1,0.8915428571428572,0.847576923076923,6.0,6.0,6.5,54.54545454545454,50.0,-120,100,7,1
2025-26,2025-11-07,WPG,SJS,230,3.304089474376637,3.3639603703397003,3.25511451059232,2.8621321933083204,3.0645726897809435,3.272373441861405,3.074402221418294,2.920066882331192,1,2,0,0,0.8943000000000001,0.9230499999999999,11.0,8.0,6.5,50.0,54.54545454545454,100,-120,3,0
2025-26,2025-11-08,BUF,CAR,231,3.33667337285209,2.9162582727302735,2.916268075297774,3.093832265562969,3.565410439504427,3.1483905369364193,2.8745282862343555,3.318082103152091,1,1,0,0,0.9069090909090908,0.9057000000000001,7.0,10.0,6.5,54.54545454545454,50.0,-120,100,9,1
2025-26,2025-11-08,COL,EDM,232,3.1125522684752327,3.182658534913105,3.3406257711671823,2.933747074385379,3.4396100741678053,3.086538851873405,3.067765953499813,2.9216414049143573,3,3,0,0,0.8975000000000002,0.9088,5.0,18.0,6.5,51.21951219512195,53.48837209302325,-105,-115,10,1
2025-26,2025-11-08,UTA,MTL,233,3.379596267830038,3.2056366834500736,3.2450985865763835,3.0554608233730653,3.381658719035834,3.1672641658357104,3.143274873478307,3.1369484106275376,1,2,0,0,0.8823470588235294,0.8989,5.0,2.0,6.0,52.38095238095239,52.38095238095239,-110,-110,8,1
2025-26,2025-11-08,PIT,NJD,234,3.3083354213906278,3.12332827406431,3.3791466728331496,3.0406422329291276,3.391973489280574,2.7566584717767433,3.1245848484489045,2.9444900237587297,1,1,0,0,0.9064444444444444,0.8836555555555555,22.0,25.0,6.5,52.38095238095239,52.38095238095239,-110,-110,3,0
2025-26,2025-11-08,DAL,NSH,235,2.8085069030690493,3.2715815071694996,3.04937000797891,3.208326314492467,2.9592153164427746,3.146839769556705,3.0241679557406624,3.1736421708045266,1,1,0,0,0.881,0.9040500000000001,9.0,7.0,5.5,56.52173913043478,47.61904761904761,-130,110,9,1
2025-26,2025-11-08,NYI,NYR,236,2.767767210967326,2.773639315756566,3.148243794164803,3.3717076736553544,2.5333295924860164,3.0720333814617984,3.0411852580325127,3.430901292671587,0,0,1,1,0.910204761904762,0.8937105263157894,7.0,6.0,6.0,51.21951219512195,53.48837209302325,-105,-115,5,0
2025-26,2025-11-08,OTT,PHI,237,3.0502110871867787,2.860503364596791,3.34620392638858,3.420589011389391,3.1234499338278288,2.8812118463417167,3.2788316808894247,3.678335161184448,1,1,0,0,0.8810571428571429,0.8841727272727272,6.0,2.0,5.5,51.21951219512195,53.48837209302325,-105,-115,5,0
2025-26,2025-11-08,FLA,SJS,238,3.2455522045167506,3.258079634841125,3.0031592894837744,3.136523956630321,3.00697712173768,3.1619101672278846,2.8512682514126575,3.397614134618413,0,1,1,0,0.886888888888889,0.8816999999999999,11.0,12.0,6.5,50.0,54.54545454545454,100,-120,4,0
2025-26,2025-11-08,SEA,STL,239,2.919154153867735,3.4802138694274842,2.8661698295256293,3.091317945320958,2.9040878672791774,3.4768727486125854,2.985624304869419,3.245601853695747,1,2,0,0,0.8873176470588234,0.8787666666666666,8.0,7.0,5.5,56.52173913043478,47.61904761904761,-130,110,7,1
2025-26,2025-11-08,WSH,TBL,240,3.133273021400657,2.9122151000784613,3.016938754422451,2.8855913338722776,3.0540609021860847,3.016943188142019,2.9476521177588317,2.8941057661726575,1,1,0,0,0.9112,0.9233789473684209,6.0,2.0,6.0,51.21951219512195,53.48837209302325,-105,-115,5,0
2025-26,2025-11-08,BOS,TOR,241,3.421757312025888,3.3243657890158183,3.1914001711032283,3.200863328970747,3.431860835080342,3.0943010913453675,2.9973972302369676,3.4403989309959226,2,1,0,0,0.9094619047619048,0.8946631578947368,7.0,10.0,6.0,51.21951219512195,53.48837209302325,-105,-115,8,1
2025-26,2025-11-08,CBJ,VAN,242,2.9608569940386893,3.275366812356618,3.128797593758897,3.1575020928463657,2.9910641102916817,3.1720208035714865,3.221601192374935,3.1813149481910665,2,2,0,0,0.8938375000000001,0.9013249999999999,15.0,5.0,6.5,52.38095238095239,52.38095238095239,-110,-110,7,1
2025-26,2025-11-08,ANA,VGK,243,3.156160075922677,3.0275185376667304,3.7124508154401803,3.1532300975526733,3.359953268970875,3.137767351457674,3.5377531615917164,3.3411917838525267,1,1,0,0,0.9294117647058824,0.8901333333333333,10.0,9.0,6.5,58.333333333333336,45.45454545454545,-140,120,7,1
2025-26,2025-11-09,WPG,ANA,244,3.7119742453101727,3.146645040897717,3.154716941782273,2.832956229743201,3.4793776206637412,2.944845566680033,2.9691027897005204,2.8679899511674924,0,1,1,0,0.9032714285714285,0.9174461538461538,7.0,6.0,6.5,52.38095238095239,52.38095238095239,-110,-110,5,0
2025-26,2025-11-09,SEA,DAL,245,3.1351652392618954,3.240156246123234,2.9242986157166833,3.089701888977504,3.1207193708081524,3.1967883966349944,3.0457798524485233,3.2324774062254438,0,0,1,1,0.9036285714285713,0.8808999999999999,7.0,7.0,6.0,51.21951219512195,53.48837209302325,-105,-115,3,0
2025-26,2025-11-09,CHI,DET,246,3.0093920475488543,3.098148292588457,3.174269377587006,2.8796648154785633,3.2571459875743,2.9993328788673512,3.2122744473240856,3.026924107053908,1,1,0,0,0.9027222222222222,0.8941000000000001,6.0,6.0,6.0,52.38095238095239,52.38095238095239,-110,-110,6,
2025-26,2025-11-09,CGY,MIN,247,3.0832585940196693,3.3126067591064254,2.7135486177766257,3.162996025534068,3.2328503306046725,3.4523360129035634,2.74980459463425,3.4187043314359755,1,1,0,0,0.8532142857142856,0.9130857142857144,6.0,7.0,6.5,50.0,54.54545454545454,100,-120,2,0
2025-26,2025-11-09,UTA,OTT,248,3.315739952502274,3.3418115950523206,3.177994695259819,3.1743996205385883,3.2782051170690725,3.023144452606751,3.07484123115707,3.2661566798293573,0,0,1,1,0.91005,0.8886714285714286,2.0,2.0,6.0,51.21951219512195,53.48837209302325,-105,-115,6,
2025-26,2025-11-09,LAK,PIT,249,3.2602343494131567,2.986295128044565,2.9479447277714157,3.1552894852623883,3.494414859408458,3.190177047366014,3.1708455839666976,3.0826377927896305,0,2,1,0,0.905,0.9111499999999999,25.0,0.0,6.0,53.48837209302325,51.21951219512195,-115,-105,5,0
2025-26,2025-11-09,CAR,TOR,250,3.388925744414221,3.3847274941287955,3.4447518543320403,2.920038793358072,3.3961431047989903,3.176807492773083,3.0519509041407753,2.8229356152128715,0,0,1,1,0.8847272727272727,0.9081142857142858,9.0,7.0,6.5,53.48837209302325,51.21951219512195,-115,-105,9,1
2025-26,2025-11-09,COL,VAN,251,3.0023578212356,3.2538719572588346,3.575936743948909,2.8495110080477017,3.0453952294712163,3.149939094442195,3.3783284341163426,2.812005957240831,0,0,1,1,0.8946529411764705,0.9090545454545456,15.0,18.0,6.5,53.48837209302325,51.21951219512195,-115,-105,9,1
2025-26,2025-11-10,CBJ,EDM,252,3.0212180390009933,3.4261222370382343,3.1192882409485496,3.1903787474905014,3.279555713044389,3.424846473509332,3.2012122423596283,3.220123276346818,1,1,0,0,0.892395238095238,0.9252941176470588,7.0,7.0,6.5,52.38095238095239,52.38095238095239,-110,-110,9,1
2025-26,2025-11-10,NYI,NJD,253,3.2422609663623243,3.0262754443548205,3.223466553897902,3.2152848403348835,3.2943072944403817,2.6706985804686845,3.1521811502018453,3.220586130791879,1,1,0,0,0.8893875,0.90015,20.0,6.0,6.0,53.48837209302325,51.21951219512195,-115,-105,5,0
2025-26,2025-11-10,NSH,NYR,254,2.6529096949722204,2.870512520414917,2.8624219042300165,3.337387991239355,2.3963283816526944,3.1801965281880675,2.8254743427103985,3.3223241780004535,1,1,0,0,0.9072181818181818,0.8990347826086955,5.0,6.0,5.5,53.48837209302325,51.21951219512195,-115,-105,9,1
2025-26,2025-11-10,FLA,VGK,255,3.1484822534391297,3.072986288435328,2.9189016562083783,3.1300382622997276,3.337790577190606,3.1794531337757035,2.7561313422825933,3.372709050116696,1,1,0,0,0.8977076923076924,0.8959619047619046,12.0,12.0,5.5,53.48837209302325,51.21951219512195,-115,-105,5,0
2025-26,2025-11-11,TOR,BOS,256,3.266344203259386,3.1920390369543137,3.4170841131606347,3.455583444189254,3.2978928831103396,2.980394768523739,3.186894264604652,3.5318770242907287,2,1,0,0,0.89545,0.9056272727272727,10.0,9.0,6.5,50.0,54.54545454545454,100,-120,8,1
2025-26,2025-11-11,WSH,CAR,257,3.514908650113499,2.981919609907804,2.977172261696356,2.8979450512021407,3.6945375923908013,3.1519076798980983,2.8983869937540763,2.913637486822274,1,2,0,0,0.8960111111111111,0.92025,7.0,2.0,6.0,52.38095238095239,52.38095238095239,-110,-110,5,0
2025-26,2025-11-11,ANA,COL,258,3.632072895281793,2.910741155881472,3.709131289940893,3.051555824673783,3.4981261784500055,3.0629421495793743,3.548218357319543,3.3176332161719913,1,1,0,0,0.9109260869565219,0.9053636363636364,18.0,7.0,6.5,58.333333333333336,45.45454545454545,-140,120,5,0
2025-26,2025-11-11,SJS,MIN,259,3.0410937977838888,3.172576047181258,3.230075859152353,3.1569379144623797,3.175049297917121,3.2629935165195514,3.434076109600912,3.400652332596534,1,2,0,0,0.9042000000000001,0.8926578947368421,6.0,7.0,6.5,51.21951219512195,53.48837209302325,-105,-115,3,0
2025-26,2025-11-11,LAK,MTL,260,3.480214714330603,3.144511490845043,2.9573980966235167,3.108757053017763,3.510218236187222,3.092081307610206,3.164575636856958,3.032305217880774,2,1,0,0,0.8849888888888889,0.9129428571428572,5.0,0.0,5.5,54.54545454545454,50.0,-120,100,6,1
2025-26,2025-11-11,DAL,OTT,261,3.343109269798068,3.282629583293434,3.081862429558431,3.1375627990876453,3.3129209528350456,2.977779605715797,3.1401923950687984,3.199583484793282,1,1,0,0,0.8849999999999999,0.9006285714285716,2.0,7.0,5.5,52.38095238095239,52.38095238095239,-110,-110,5,0
2025-26,2025-11-11,CBJ,SEA,262,2.8393603348044443,3.037052100950157,3.1550840470034225,3.2647659267746025,2.89700045891096,2.9418348187110372,3.2391934894772976,3.303464559864239,1,0,0,1,0.8844461538461537,0.9191222222222222,7.0,6.0,6.5,50.0,54.54545454545454,100,-120,3,0
2025-26,2025-11-11,CGY,STL,263,2.919568761787256,3.486351403337732,2.6043151283390658,3.1081085100200316,2.8997094995460357,3.490610473639705,2.619620565836416,3.3311424007345476,2,1,0,0,0.8787619047619047,0.8995083333333334,9.0,7.0,5.5,53.48837209302325,51.21951219512195,-115,-105,5,0
2025-26,2025-11-11,WPG,VAN,264,3.042595885538167,3.3195653808699275,3.0486885895256353,2.8784579637720564,3.089471301302612,3.246043661288243,2.852034176174443,2.9208033707973966,1,1,0,0,0.8998157894736841,0.9233285714285715,12.0,8.0,6.0,51.21951219512195,53.48837209302325,-105,-115,8,1
2025-26,2025-11-12,NJD,CHI,265,3.2451083926308097,2.80008264336843,3.1791515893137676,3.019717078110828,3.0715131981248516,2.851582652768619,3.1592562753178997,3.4001238808841134,2,1,0,0,0.9117761904761905,0.8885235294117647,7.0,20.0,6.0,52.38095238095239,52.38095238095239,-110,-110,7,1
2025-26,2025-11-12,EDM,PHI,266,2.9961779171156255,2.8624905976669353,3.101620304027953,3.4389838834897914,3.0487382902431808,2.889287290015869,2.8421899729303766,3.192552726443507,3,1,0,0,0.9065947368421051,0.8893636363636365,4.0,7.0,5.5,53.48837209302325,51.21951219512195,-115,-105,3,0
2025-26,2025-11-12,NYR,TBL,267,3.1167773238411973,2.867150285064825,2.7940507395930068,2.8729598797376306,3.030610911789843,2.9598367280691344,3.1239241202904875,2.664288649342799,3,1,0,0,0.912395238095238,0.9068608695652173,14.0,5.0,5.5,54.54545454545454,50.0,-120,100,10,1
2025-26,2025-11-12,BUF,UTA,268,3.1270092967653285,3.2084953137937995,2.9220039853252673,3.2177286002526024,3.252558050583424,2.9700907743302776,2.912219717341723,3.4439241717492206,2,3,0,0,0.8916952380952381,0.9077727272727273,2.0,10.0,6.5,51.21951219512195,53.48837209302325,-105,-115,7,1
2025-26,2025-11-13,EDM,CBJ,269,3.1045805474228687,3.1646649504726785,3.058097645412111,3.3334267384115166,3.0164955176887034,3.104479755250929,2.810754194358743,3.0817067111755234,1,0,0,1,0.9204315789473684,0.8758625,8.0,7.0,6.5,53.48837209302325,51.21951219512195,-115,-105,9,1
2025-26,2025-11-13,SJS,CGY,270,2.5957953724970313,3.1086969679377314,3.1740081181101196,3.0639784969495727,2.865472800749661,2.8999594518567267,3.354468445318913,3.2443665129579857,1,1,0,0,0.8996999999999999,0.8960000000000001,7.0,7.0,6.0,52.38095238095239,52.38095238095239,-110,-110,2,0
2025-26,2025-11-13,BUF,COL,271,3.6283205702446453,2.828493501603154,2.8866303832625047,3.290279955089282,3.498323435381349,2.9470485289286943,2.856854163293489,3.5305460737699974,1,0,0,1,0.9066666666666667,0.9044095238095238,18.0,10.0,6.5,55.55555555555556,48.78048780487805,-125,105,9,1
2025-26,2025-11-13,ANA,DET,272,2.9245759681072525,3.1772183508762804,3.5756025652957364,3.088309323901174,3.124423591165244,3.112680236698586,3.4070062292208934,3.337852914755488,3,1,0,0,0.8981,0.9057956521739131,6.0,6.0,6.5,53.48837209302325,51.21951219512195,-115,-105,9,1
2025-26,2025-11-13,WSH,FLA,273,2.923773194526525,3.078675967112039,3.0201916877429262,2.818877991647345,3.2058765962939453,2.820965295163123,2.961431590386332,2.810662140846958,2,1,0,0,0.8835857142857143,0.9230761904761904,12.0,2.0,5.5,50.0,54.54545454545454,100,-120,9,1
2025-26,2025-11-13,DAL,MTL,274,3.3710488532273173,3.226996511173593,3.083780826228719,3.094329247481908,3.3733477294865555,3.19741078805251,3.1309330928968553,3.146265392290813,1,1,0,0,0.9134235294117649,0.9087666666666666,5.0,9.0,5.5,55.55555555555556,48.78048780487805,-125,105,7,1
2025-26,2025-11-13,BOS,OTT,275,3.2873778150177415,3.2723564953999382,3.335075579962291,3.183831157229419,3.245422727551536,2.9904628007386767,3.1209931041599117,3.4036617859626577,1,1,0,0,0.9127538461538461,0.8898235294117648,4.0,10.0,6.0,50.0,54.54545454545454,100,-120,8,1
2025-26,2025-11-13,WPG,SEA,276,2.775792771227722,3.0029760884821406,3.145241665015797,2.901300234619892,2.8149401939959247,2.904823672243836,2.9865552051573645,2.948265270840007,1,1,0,0,0.8751538461538461,0.9226090909090909,7.0,6.0,5.5,54.54545454545454,50.0,-120,100,8,1
2025-26,2025-11-13,LAK,TOR,277,3.397446090767392,3.516638704222293,3.05407640653884,3.029407998030578,3.4299799635644033,3.275944839812027,3.2654400315494354,2.942097064785033,1,1,0,0,0.8853307692307693,0.9144272727272729,13.0,0.0,6.0,51.21951219512195,53.48837209302325,-105,-115,7,1
2025-26,2025-11-13,NYI,VGK,278,3.102084666392915,3.0749763834574746,3.2170065155171548,3.1669370188629715,3.264685358261249,3.176762629073047,3.151243566818635,3.1583616378140564,2,2,0,0,0.9251111111111112,0.9026857142857144,12.0,6.0,6.5,48.78048780487805,55.55555555555556,105,-125,7,1
2025-26,2025-11-14,VAN,CAR,279,3.4033077908602456,3.0324515270129484,3.0570716812974212,3.3982286304319365,3.5281638573639733,3.2090866050898676,3.0295798921675514,3.2589704082804456,2,2,0,0,0.9068076923076922,0.8937999999999999,9.0,13.0,6.5,53.48837209302325,51.21951219512195,-115,-105,7,1
2025-26,2025-11-14,PIT,NSH,280,2.8813601195141363,3.4488628541253377,3.2179925385325263,3.0031973162179324,3.0100652084442037,3.250153051591008,3.0297072672901084,2.8961193833118615,3,4,0,0,0.8935416666666667,0.8871157894736842,6.0,25.0,6.5,48.78048780487805,55.55555555555556,105,-125,3,0
2025-26,2025-11-14,PHI,STL,281,2.9388346028507737,3.4276980365764707,2.9247411773893512,2.842221578535788,2.9290632060814574,3.4155408637173443,2.96953173294864,3.011010858317626,2,1,0,0,0.8853363636363636,0.8771666666666668,8.0,4.0,5.5,51.21951219512195,53.48837209302325,-105,-115,11,1
2025-26,2025-11-14,NYI,UTA,282,3.218635514646715,3.1701547677250557,3.2503145487772294,3.161874377327632,3.3817826432391946,2.924698970327873,3.196652325574095,3.153594382122067,1,0,0,1,0.891681818181818,0.8867666666666667,2.0,6.0,6.5,52.38095238095239,52.38095238095239,-110,-110,5,0
2025-26,2025-11-15,EDM,CAR,283,3.4229130932968683,3.0342529084545795,3.1088578002476264,3.4072604224010496,3.543749580594303,3.196151756753807,2.8827829904844626,3.195853624022182,0,1,1,0,0.8956526315789475,0.8916739130434782,9.0,4.0,6.5,51.21951219512195,53.48837209302325,-105,-115,7,1
2025-26,2025-11-15,NYR,CBJ,284,3.1964599344743303,3.2111113136324954,2.9893687236370634,2.900083642661804,3.1528124664313997,3.1643718929943603,3.3307696700947997,2.718118545731129,1,2,0,0,0.9175000000000001,0.9073416666666666,8.0,6.0,6.0,53.48837209302325,51.21951219512195,-115,-105,3,0
2025-26,2025-11-15,WPG,CGY,285,2.590415889741636,2.9914183058240047,3.1403233300866176,2.9951834403043565,2.8406255678535293,2.7574739152979366,2.9948576303367838,3.0583087958756834,1,1,0,0,0.9020307692307692,0.9184565217391303,7.0,6.0,5.5,54.54545454545454,50.0,-120,100,7,1
2025-26,2025-11-15,TOR,CHI,286,3.244462433794111,2.8695496351062335,3.375907209669015,3.528407426630297,3.085945637170683,2.9388821763578754,3.1889587893299223,3.6057447942950915,2,1,0,0,0.9106909090909092,0.9079884615384616,6.0,15.0,6.5,51.21951219512195,53.48837209302325,-105,-115,5,0
2025-26,2025-11-15,PHI,DAL,287,3.2477128172124745,2.9719464328694576,3.0576476171513423,2.9388378322599684,3.059729515816098,3.0933390228844373,3.1537702921079513,3.125734675029058,1,0,0,1,0.9020363636363636,0.9082000000000001,11.0,4.0,5.5,51.21951219512195,53.48837209302325,-105,-115,6,1
2025-26,2025-11-15,BUF,DET,288,3.064840538801981,3.1765427285534553,2.907027128755163,3.4095397369590366,3.284291985006442,3.1139840468470883,2.8798476085740723,3.6749995488189384,1,1,0,0,0.8972999999999999,0.9059,6.0,10.0,6.5,51.21951219512195,53.48837209302325,-105,-115,9,1
2025-26,2025-11-15,TBL,FLA,289,3.064034829605668,3.084263835051425,3.127792810766431,3.0641862378356053,3.3604078774401263,2.850582212861686,3.1810586005896115,2.9760674780468457,1,2,0,0,0.8985090909090908,0.9055363636363637,12.0,14.0,6.0,50.0,54.54545454545454,100,-120,4,0
2025-26,2025-11-15,ANA,MIN,290,2.9641350587603252,3.1281516378836094,3.5497912147555644,3.218482447913722,3.0644330806494513,3.209181500190252,3.390062953761281,3.4693283237146595,3,1,0,0,0.8651,0.8935538461538461,10.0,6.0,6.5,57.446808510638306,46.51162790697674,-135,115,2,0
2025-26,2025-11-15,BOS,MTL,291,3.225109493621284,3.381358476428821,3.316233512058396,3.2545296513183075,3.188850114556667,3.3944315558905935,3.1105108089702407,3.482309184150152,1,1,0,0,0.8791,0.8961285714285714,7.0,10.0,5.5,53.48837209302325,51.21951219512195,-115,-105,5,0
2025-26,2025-11-15,LAK,OTT,292,3.351763660452258,3.25607289707946,3.089379049258773,3.025455498224523,3.32851180938946,2.990472023073513,3.293473467078325,2.9417703847674788,1,1,0,0,0.8865999999999999,0.8932,4.0,0.0,5.5,52.38095238095239,52.38095238095239,-110,-110,1,0
2025-26,2025-11-15,SJS,SEA,293,2.868203957329456,2.997660154807962,3.0411952074356194,3.0197033358268475,2.9242478006394323,2.907399245643595,3.162167397794253,3.176843324217296,1,1,0,0,0.8927285714285713,0.8988882352941178,7.0,9.0,5.5,54.54545454545454,50.0,-120,100,5,0
2025-26,2025-11-15,VGK,STL,294,3.0176637280385012,3.5165747798603646,3.0869373213901454,3.104025210875581,3.022570373724523,3.521009459419911,2.9549012369906738,2.9531376475621944,0,1,1,0,0.8862111111111112,0.9202894736842107,8.0,10.0,5.5,55.55555555555556,48.78048780487805,-125,105,5,0
2025-26,2025-11-15,NJD,WSH,295,3.0162523220572544,2.9525879586019452,3.2120686919487875,3.021275276879407,3.1078701554301276,2.9623068063449733,3.199409025269445,3.3739588359417554,1,2,0,0,0.9174363636363636,0.9109578947368421,3.0,25.0,5.5,54.54545454545454,50.0,-120,100,5,0
2025-26,2025-11-16,NYI,COL,296,3.712374008220154,2.840450806290527,3.2219566038929606,3.098273860545785,3.6195877939214975,2.9515792934921543,3.1694151045672374,3.0739709220451394,2,1,0,0,0.9147500000000001,0.9024363636363636,18.0,6.0,6.5,53.48837209302325,51.21951219512195,-115,-105,5,0
2025-26,2025-11-16,VGK,MIN,297,2.9162575735293297,2.989943981662094,3.1223839448378823,3.013633857997361,3.002062001427366,3.035256421427381,3.013351835897266,2.8458371229435717,0,0,1,1,0.9036260869565218,0.8946285714285714,10.0,12.0,6.0,53.48837209302325,51.21951219512195,-115,-105,5,0
2025-26,2025-11-16,DET,NYR,298,2.936027881062313,2.8121675306333627,3.0907714276904246,3.2362525244337177,2.5961867528683875,3.158122817015171,2.885235073226154,3.1583441347024768,0,0,1,1,0.9097857142857142,0.8966052631578947,6.0,6.0,6.0,52.38095238095239,52.38095238095239,-110,-110,3,0
2025-26,2025-11-16,NSH,PIT,299,3.1066155887032876,2.946142753213641,2.8328335988230795,3.3251566779287307,3.386278985160034,3.175749155917643,2.8303394250399405,3.4466007111956176,1,1,0,0,0.9035363636363637,0.89468,24.0,6.0,6.0,53.48837209302325,51.21951219512195,-115,-105,4,0
2025-26,2025-11-16,VAN,TBL,300,3.1018155667253273,2.959125423848971,3.0366070890076275,3.3967679125004335,3.0352650009096758,3.161625884456615,3.002025545232179,3.2721780760379424,0,1,1,0,0.9012,0.8939499999999999,11.0,12.0,6.5,54.54545454545454,50.0,-120,100,8,1
2025-26,2025-11-17,UTA,ANA,301,3.378639345447537,3.1497913900219716,3.1464975006914946,3.1418745000036923,3.4747949293501232,2.8189869809653056,3.0202114312194586,3.286346598693845,1,2,0,0,0.902975,0.8903347826086956,6.0,2.0,6.5,50.0,54.54545454545454,100,-120,5,0
2025-26,2025-11-17,CAR,BOS,302,3.2857245597037563,3.1883349618504395,3.3788177635276613,3.0554196888262664,3.3554290895535304,2.9712369564106367,3.1495930524785622,2.8799078957767468,1,1,0,0,0.8974909090909091,0.9004857142857142,11.0,9.0,6.0,54.54545454545454,50.0,-120,100,4,0
2025-26,2025-11-17,EDM,BUF,303,2.977984388790414,3.408071200781638,3.1230595530873906,3.3638786004568866,3.0131167405093398,2.9458914884899903,2.9163197750107264,3.159266964984393,1,1,0,0,0.9026230769230771,0.8932333333333333,12.0,4.0,6.5,51.21951219512195,53.48837209302325,-105,-115,6,0
2025-26,2025-11-17,MTL,CBJ,304,3.0824734717086724,3.137010272938197,3.1565399416188566,3.3437649113613976,3.0129100062531005,3.0670686967410368,3.220901558607722,3.1438577655013864,1,1,0,0,0.920395238095238,0.9054555555555557,8.0,9.0,6.5,51.21951219512195,53.48837209302325,-105,-115,7,1
2025-26,2025-11-17,VAN,FLA,305,2.9601702367240565,3.0607410141429483,3.153989903031087,3.3344979517163997,3.2105777570613054,2.8356604501623015,3.146768613143551,3.206328025540652,1,0,0,1,0.8983086956521739,0.905,13.0,13.0,6.0,50.0,54.54545454545454,100,-120,13,1
2025-26,2025-11-17,LAK,WSH,306,2.974111861560489,2.9552606097064973,2.9973088803941788,2.8972421420366423,3.0570375735521464,2.955629535448458,3.164281725953232,2.8058750708536992,1,1,0,0,0.8901333333333333,0.9113869565217392,2.0,2.0,5.5,52.38095238095239,52.38095238095239,-110,-110,3,0
2025-26,2025-11-18,CGY,CHI,307,3.214725874763187,2.822595592349709,2.6020299799812894,3.018085611854058,3.072233610217274,2.860158196149316,2.5881097419502277,3.3134452708475948,2,2,0,0,0.9030333333333334,0.900974074074074,8.0,7.0,6.0,50.0,54.54545454545454,100,-120,7,1
2025-26,2025-11-18,NYI,DAL,308,3.3001320856017693,2.8810338680341556,3.126794015768541,3.131043010264243,3.1518887338890273,2.9587235092923487,3.0460735001272052,3.128275152486924,2,1,0,0,0.9036565217391306,0.8897125,10.0,7.0,6.0,55.55555555555556,48.78048780487805,-125,105,5,0
2025-26,2025-11-18,SEA,DET,309,3.0447577924003437,3.141149744301603,2.912152842479877,2.9110416559611045,3.303932929452842,3.179927871337882,2.917493887279662,3.1504045599909674,1,2,0,0,0.89865,0.9027952380952381,6.0,7.0,5.5,53.48837209302325,51.21951219512195,-115,-105,6,1
2025-26,2025-11-18,UTA,SJS,310,2.9532427639167693,3.053364916105987,3.099661129147088,3.135419047638424,3.0005949514675017,3.027628260731745,2.963560122729165,3.2796546166437635,2,0,0,1,0.8999095238095238,0.8850666666666667,9.0,2.0,6.0,53.48837209302325,51.21951219512195,-115,-105,5,0
2025-26,2025-11-18,NJD,TBL,311,3.057422974004454,3.086940204251438,3.194426669601802,2.974830831066197,2.9940144233989665,3.296796157385322,3.164727798520026,3.3049101264276017,1,2,0,0,0.9074521739130436,0.8866555555555556,9.0,20.0,6.0,51.21951219512195,53.48837209302325,-105,-115,6,
2025-26,2025-11-18,STL,TOR,312,3.29692369309772,3.480091050091009,2.9310509832895266,3.519403353046032,3.3950730998921883,3.272422180811413,3.0408911285630262,3.2951224056446486,2,2,0,0,0.9084818181818182,0.8827521739130435,18.0,8.0,6.0,52.38095238095239,52.38095238095239,-110,-110,5,0
2025-26,2025-11-18,NYR,VGK,313,3.070418010902565,3.0093178656500537,2.858622736712827,2.7817321606658045,3.239335298177344,3.176669233966313,3.218495980217188,2.638082450326872,1,1,0,0,0.9219999999999999,0.90952,12.0,5.0,6.0,48.78048780487805,55.55555555555556,105,-125,5,0
2025-26,2025-11-18,CBJ,WPG,314,3.155109058284548,2.9782941884969087,3.1195943661607726,3.130664443057021,3.35208117519271,2.9155530050284875,3.1431206958921587,3.189223667845352,2,0,0,1,0.9122428571428571,0.8987705882352941,2.0,8.0,6.5,53.48837209302325,51.21951219512195,-115,-105,7,1
2025-26,2025-11-19,BOS,ANA,315,3.3552579265107814,3.10046285321748,3.1918678675061067,3.177969565596183,3.4576444181338393,2.7560249775567836,3.064917226225013,3.3976935286788876,1,1,0,0,0.90268,0.8863555555555556,6.0,11.0,6.5,51.21951219512195,53.48837209302325,-105,-115,7,1
2025-26,2025-11-19,CGY,BUF,316,3.0627640095095767,3.3058812486596385,2.5870579159226987,3.094693885072735,3.134088136730794,2.8356882702176027,2.5573098119645166,3.3980765438637,1,0,0,1,0.9076000000000001,0.9150666666666667,12.0,7.0,6.0,53.48837209302325,51.21951219512195,-115,-105,8,1
2025-26,2025-11-19,CAR,MIN,317,2.919687849875436,2.9494555279586954,3.3583363508181403,2.97474138759822,3.0163897735360052,2.9676362749162135,3.124930298426696,2.8105374720829275,2,1,0,0,0.8734375,0.89265,12.0,9.0,6.0,54.54545454545454,50.0,-120,100,7,1
2025-26,2025-11-19,EDM,WSH,318,2.9352270088424066,2.877446079123238,3.043082705653513,3.42480408381457,3.015079532424694,2.8470994482089615,2.8191648110142693,3.2629505482836936,1,1,0,0,0.9183695652173912,0.8914799999999999,4.0,7.0,6.0,54.54545454545454,50.0,-120,100,11,1
2025-26,2025-11-20,OTT,ANA,319,3.381238394945334,3.102499333796285,3.2043394395523475,3.1546596489394463,3.486714398027256,2.7844614659704647,3.226513407031407,3.5756933676750786,0,4,1,0,0.8977714285714286,0.8881,6.0,7.0,6.5,50.0,54.54545454545454,100,-120,5,0
2025-26,2025-11-20,SEA,CHI,320,3.2863773110175933,2.7982042368280307,2.882522163052844,2.9616698987981867,3.1885788644420545,2.812434623490119,2.86733579616487,3.2080562963800077,1,1,0,0,0.9119086956521739,0.902,7.0,7.0,5.5,54.54545454545454,50.0,-120,100,5,0
2025-26,2025-11-20,NYR,COL,321,3.7082112341494087,2.7699073268385037,2.8342417228609444,2.8007849403205696,3.6439464644974047,2.8303915436324356,3.159925222339767,2.6746883027302446,3,1,0,0,0.91714,0.9086615384615384,18.0,7.0,6.0,53.48837209302325,51.21951219512195,-115,-105,9,1
2025-26,2025-11-20,NYI,DET,322,3.087589652576551,3.099244257109874,3.1243176729716016,3.088870380734785,3.3496063733586894,3.113320869176193,3.037562938287679,3.0899540487371193,1,1,0,0,0.8931190476190475,0.9018608695652174,6.0,9.0,6.0,53.48837209302325,51.21951219512195,-115,-105,5,0
2025-26,2025-11-20,NJD,FLA,323,3.1708418873292983,3.1449097706881886,3.1085608123600856,3.062921429576996,3.465203254213276,2.943240573233864,3.0584543572090706,3.391606831198727,2,1,0,0,0.892125,0.91235,15.0,20.0,5.5,51.21951219512195,53.48837209302325,-105,-115,1,0
2025-26,2025-11-20,WSH,MTL,324,3.1513305973136925,3.3670759296450163,3.098167539264462,2.925586505224155,3.1285032098560346,3.333799243469278,2.9382087324396955,2.9829388102718117,2,0,0,1,0.8786523809523809,0.8952375,9.0,4.0,6.0,51.21951219512195,53.48837209302325,-105,-115,12,1
2025-26,2025-11-20,STL,PHI,325,2.9624232176851057,3.0143182345809985,2.902608657052411,3.494621615506894,2.96622869055144,2.832539093582355,2.9944071952404867,3.279351085192397,4,1,0,0,0.9037333333333334,0.8863526315789473,4.0,6.0,5.5,52.38095238095239,52.38095238095239,-110,-110,5,0
2025-26,2025-11-20,LAK,SJS,326,2.9609923996042546,3.015588281586952,2.920695728130393,2.8661518903008263,3.010824862470051,2.9792359048843258,3.0563261482286643,2.784397566587589,1,2,0,0,0.9008181818181817,0.8969499999999999,9.0,2.0,5.5,54.54545454545454,50.0,-120,100,7,1
2025-26,2025-11-20,EDM,TBL,327,3.140522092524051,3.0078340368910297,3.083834455629936,3.557834069720404,3.1059082063456085,3.178652063509091,2.8827040117987703,3.427191639616885,1,0,0,1,0.910625,0.8712000000000001,7.0,7.0,6.5,52.38095238095239,52.38095238095239,-110,-110,3,0
2025-26,2025-11-20,CBJ,TOR,328,3.283037582862463,3.4156287455281293,3.078775874918745,3.2074865122822076,3.3742446429055644,3.21263509276757,3.0915859991427834,3.278519701269729,1,1,0,0,0.91025,0.9197727272727273,16.0,8.0,6.5,51.21951219512195,53.48837209302325,-105,-115,5,0
2025-26,2025-11-20,VGK,UTA,329,3.056452143987666,3.129473555224428,3.0703004854122535,2.9728826023109702,3.28635003490583,2.8923256770480137,2.9414036626557727,2.873019218746363,1,1,0,0,0.890075,0.9207238095238095,2.0,12.0,6.0,51.21951219512195,53.48837209302325,-105,-115,5,0
2025-26,2025-11-20,DAL,VAN,330,3.2260408265995113,3.5122319840207075,3.2428442883040187,2.8886690650573317,3.0928849355769947,3.313134426527326,3.304517552667339,2.9732404986099357,2,1,0,0,0.8957714285714286,0.9022666666666668,12.0,10.0,6.5,51.21951219512195,53.48837209302325,-105,-115,6,0
2025-26,2025-11-21,CHI,BUF,331,3.0223643268060036,3.4084493997430574,3.2279615247902127,2.808911841385647,3.0726461469591455,2.999408197450888,3.2809441209508527,2.9185973617012007,1,0,0,1,0.8857142857142856,0.9033,10.0,8.0,6.0,55.55555555555556,48.78048780487805,-125,105,12,1
2025-26,2025-11-21,BOS,LAK,332,2.9281692963078703,2.9157213017599406,3.187909650002582,3.21309852606323,2.8287712049242595,3.210160951656818,3.0724451893117344,3.4234180663314184,0,1,1,0,0.9117500000000001,0.897908695652174,2.0,11.0,5.5,53.48837209302325,51.21951219512195,-115,-105,3,0
2025-26,2025-11-21,MIN,PIT,333,3.1431894602078536,2.8322570347724367,2.966696546203433,2.955851786242315,3.4276593853906734,2.990369599647613,2.8984250973167294,3.0625278311325355,4,1,0,0,0.8894,0.9041750000000001,24.0,8.0,6.0,51.21951219512195,53.48837209302325,-105,-115,5,0
2025-26,2025-11-21,CAR,WPG,334,3.2308252061380367,2.9446561677038865,3.339114947742422,3.0182840493672347,3.427056021510541,2.883706310004387,3.12422498219847,2.870297714478553,2,1,0,0,0.912,0.9025333333333333,4.0,6.0,6.5,51.21951219512195,53.48837209302325,-105,-115,7,1
2025-26,2025-11-22,VGK,ANA,335,3.318748259569008,3.095528121462393,3.1081556117958904,2.898347921361038,3.385767869290552,2.8106121183566493,3.0051883066852634,2.7796800577055016,1,1,0,0,0.903723076923077,0.9228545454545455,6.0,12.0,6.0,54.54545454545454,50.0,-120,100,7,1
2025-26,2025-11-22,DAL,CGY,336,2.731071581099493,3.055686460753931,3.271151608409636,2.8605213057858547,2.8494226165834333,2.799318529851871,3.3367468574016397,2.9300483929040575,2,1,0,0,0.916175,0.9138124999999999,7.0,10.0,6.0,50.0,54.54545454545454,100,-120,5,0
2025-26,2025-11-22,CBJ,DET,337,2.9644939486136805,3.16960166142521,3.0756167310707854,3.1577909895738148,3.1744792555213825,3.2051889016822313,3.090373301029357,3.2101687000134222,1,1,0,0,0.8991047619047619,0.9202391304347827,7.0,8.0,6.5,50.0,54.54545454545454,100,-120,7,1
2025-26,2025-11-22,EDM,FLA,338,3.0816096702343896,3.0178165603191993,3.003394381516263,3.4875525424775855,3.3313597748335875,2.8068151772327736,2.8056811455654853,3.353311982364798,1,1,0,0,0.89798,0.8870615384615385,16.0,9.0,5.5,54.54545454545454,50.0,-120,100,9,1
2025-26,2025-11-22,TOR,MTL,339,3.1872028270447816,3.5475804607601207,3.2313009209345935,3.3947837272540364,3.167083102885288,3.5628416155139586,3.0842353277572117,3.5491773663717225,1,1,0,0,0.9007000000000002,0.9094846153846153,9.0,16.0,6.0,53.48837209302325,51.21951219512195,-115,-105,7,1
2025-26,2025-11-22,COL,NSH,340,2.7302088798281345,3.350345749988501,3.7871157756259026,2.787555785400237,2.957696410172782,3.115138297839588,3.439696094416005,2.8815046753607123,5,1,0,0,0.8935461538461538,0.9031000000000001,4.0,20.0,6.5,51.21951219512195,53.48837209302325,-105,-115,3,0
2025-26,2025-11-22,STL,NYI,341,3.193997792315669,2.9665219143218624,2.869515227591964,3.4649131981252355,3.2367357978030915,3.1707862848500485,2.947216640393246,3.253493209319861,1,1,0,0,0.906,0.8836416666666667,9.0,6.0,6.0,51.21951219512195,53.48837209302325,-105,-115,3,0
2025-26,2025-11-22,NJD,PHI,342,2.9623893216277493,2.9709809363903266,2.9817300343031277,2.9783038604600143,2.9616509976922427,2.7994382552026686,2.9189176826508265,3.2608567048053874,1,1,0,0,0.9050818181818182,0.9144238095238095,4.0,20.0,5.5,50.0,54.54545454545454,100,-120,9,1
2025-26,2025-11-22,SEA,PIT,343,3.0183124297075317,2.923477140848792,2.889951691766934,2.924848597733364,3.2401232059768854,3.0992841791909767,2.8857000115683427,3.1351342650244067,0,1,1,0,0.9112769230769231,0.8845333333333333,24.0,7.0,5.5,55.55555555555556,48.78048780487805,-125,105,5,0
2025-26,2025-11-22,OTT,SJS,344,3.001801239012627,3.0142981617114453,3.1905106728633656,3.104413969364808,3.052771805880024,2.983819332405495,3.2169997900443943,3.467053267640181,1,1,0,0,0.8975666666666667,0.8893307692307691,9.0,4.0,5.5,53.48837209302325,51.21951219512195,-115,-105,5,0
2025-26,2025-11-22,NYR,UTA,345,2.9767039292311397,3.1618439195333004,2.8435242158855565,2.9268428841885687,3.152940180491468,2.9615782425146313,3.156183351730873,2.8252017336697373,1,1,0,0,0.8896199999999999,0.9126666666666665,2.0,8.0,6.0,51.21951219512195,53.48837209302325,-105,-115,5,0
2025-26,2025-11-22,TBL,WSH,346,3.2876211777678455,2.9700522473201088,3.0899849651764892,2.9259276744950213,3.1992379319644675,2.9141388177160956,3.1364494718457774,2.862513329416233,1,1,0,0,0.9157083333333332,0.8934249999999999,4.0,6.0,6.0,55.55555555555556,48.78048780487805,-125,105,8,1
2025-26,2025-11-23,CAR,BUF,347,3.2566508248290904,3.3866390279194456,3.359338553335575,3.0188863539533823,3.3417677916491106,3.004153939421391,3.1653868100269054,2.8802824457287475,1,1,0,0,0.8847333333333334,0.8908666666666666,8.0,7.0,6.5,54.54545454545454,50.0,-120,100,5,0
2025-26,2025-11-23,COL,CHI,348,3.2161540043803756,3.055174857295136,3.737726029459055,2.681521439778607,3.1141046114111552,2.8328776794516464,3.404456800586379,2.7432999714932444,1,0,0,1,0.9112,0.914923076923077,6.0,20.0,6.5,51.21951219512195,53.48837209302325,-105,-115,1,0
2025-26,2025-11-23,SEA,NYI,349,3.102431463522461,2.9266447167746454,2.893166372317695,2.8871437416585746,3.112453998386846,3.0997343291016386,2.889948126826434,3.0729768830719673,0,0,1,1,0.8910705882352941,0.9025260869565217,11.0,7.0,6.0,52.38095238095239,52.38095238095239,-110,-110,1,0
2025-26,2025-11-23,BOS,SJS,350,2.957464076075375,3.0074907501960033,3.130486009493492,3.1164644140764297,2.9981169568438277,2.976287537971613,3.0122990453794407,3.280538591414401,0,1,1,0,0.9013173913043478,0.90095,9.0,9.0,6.0,52.38095238095239,52.38095238095239,-110,-110,4,0
2025-26,2025-11-23,CGY,VAN,351,3.167869408412293,3.513708355602452,2.738416910677971,3.0063952326099903,3.0281155142671285,3.3299071097071393,2.725593102625424,3.31033882920597,2,0,0,1,0.8934454545454545,0.8984785714285713,12.0,7.0,6.0,52.38095238095239,52.38095238095239,-110,-110,7,1
2025-26,2025-11-23,MIN,WPG,352,3.2097601607313133,2.980430780925339,3.0375845493288938,2.83604406902736,3.3854267363459756,2.9334760591191182,3.003359341562303,2.8891203488512707,1,1,0,0,0.9085875,0.8771941176470587,4.0,10.0,6.0,51.21951219512195,53.48837209302325,-105,-115,3,0
2025-26,2025-11-24,OTT,LAK,353,2.8440804896917045,2.8706340990295316,3.17008103910737,3.0503089625579745,2.711563780718543,3.132268455370164,3.190845242257536,3.3684446043812715,2,1,0,0,0.9122400000000002,0.9089714285714285,2.0,5.0,5.5,48.78048780487805,55.55555555555556,105,-125,3,0
2025-26,2025-11-24,DET,NJD,354,2.9727672723969185,3.086036769034684,2.9936613545335606,3.1483997496190974,3.1891687787376655,2.6638172761080967,2.8195001552183014,3.0316295876069193,1,1,0,0,0.8832947368421052,0.9001636363636364,18.0,7.0,6.0,51.21951219512195,53.48837209302325,-105,-115,7,1
2025-26,2025-11-24,FLA,NSH,355,2.616188275939558,3.315686673811778,3.0654005071872326,3.1219173740071446,2.806054742918791,3.0932774516220634,2.7430772687268217,3.262799341985876,1,1,0,0,0.8957,0.89145,4.0,15.0,5.5,55.55555555555556,48.78048780487805,-125,105,11,1
2025-26,2025-11-24,STL,NYR,356,2.80849415437241,2.924708338860046,2.8306746113267116,3.3526745376082796,2.5151631559856265,3.079421923897633,2.895118577401903,3.120299128163754,1,1,0,0,0.9073074074074073,0.8868,10.0,6.0,5.5,51.21951219512195,53.48837209302325,-105,-115,5,0
2025-26,2025-11-24,PHI,TBL,357,3.15569441585261,2.9237992512144158,3.0758170802226887,2.965572520018649,3.026818718736515,3.0651767288831455,2.990724455815474,3.199274227719251,1,1,0,0,0.9124800000000001,0.868975,10.0,4.0,6.0,50.0,54.54545454545454,100,-120,3,0
2025-26,2025-11-24,VGK,UTA,358,2.968822336125035,3.1047711862547347,3.0909904929390106,2.9325746470414478,3.1278988332426976,2.9016242555474725,2.9925921594073492,2.8309569956719622,1,1,0,0,0.8902384615384615,0.8946666666666668,2.0,12.0,6.0,52.38095238095239,52.38095238095239,-110,-110,6,
2025-26,2025-11-24,CBJ,WSH,359,3.26206000241772,3.03976318408774,3.060788799816637,3.176381561050203,3.1762454263145874,3.0013632957501986,3.0714537287467056,3.2288524217670114,1,1,0,0,0.90992,0.895611111111111,4.0,9.0,6.5,50.0,54.54545454545454,100,-120,6,0
2025-26,2025-11-25,DAL,EDM,360,3.104284790440129,3.4488524494279247,3.2056413716135927,2.8575070627524286,3.346864794249011,3.4059919364313003,3.245538058326368,2.9252615837038527,2,2,0,0,0.8890629629629629,0.9045400000000001,9.0,10.0,6.0,52.38095238095239,52.38095238095239,-110,-110,11,1
2025-26,2025-11-26,VAN,ANA,361,3.330583565505105,3.0822672102610644,3.1222318584278907,3.5611771293366257,3.396774013294843,2.8143983270366393,3.218722474267672,3.4240803535008553,3,2,0,0,0.8966999999999999,0.9016000000000001,8.0,12.0,6.5,60.0,44.44444444444444,-150,125,9,1
2025-26,2025-11-26,NYR,CAR,362,3.256676482885761,3.0511137235107255,2.8229794138515962,2.8952585175928434,3.4785102479491075,3.1940407130742594,3.0952097768531046,2.832579593885873,2,1,0,0,0.8893181818181817,0.9072357142857143,8.0,9.0,6.0,51.21951219512195,53.48837209302325,-105,-115,6,
2025-26,2025-11-26,TOR,CBJ,363,2.987888743370196,3.247732287912189,3.171389635052487,3.4400276484500414,3.0634702513228755,3.054797757951409,3.0119867445746387,3.5996494594893274,1,3,0,0,0.9183833333333333,0.9052428571428571,11.0,11.0,6.5,52.38095238095239,52.38095238095239,-110,-110,3,0
2025-26,2025-11-26,MIN,CHI,364,3.0823214588956898,2.9691078631037,3.036458279538392,2.7334135491565106,2.950573922075061,2.744474516638291,3.006581686985461,2.7483346489909914,2,2,0,0,0.9129599999999999,0.90666,6.0,10.0,5.5,53.48837209302325,51.21951219512195,-115,-105,7,1
2025-26,2025-11-26,SJS,COL,365,3.611917444811392,2.579766138284503,2.9607078431287293,2.932334006438923,3.719277494699047,2.8450600052016695,3.0227220174262053,3.2016342668325444,2,2,0,0,0.9123428571428571,0.9045083333333332,18.0,9.0,6.5,51.21951219512195,53.48837209302325,-105,-115,6,0
2025-26,2025-11-26,NSH,DET,366,2.99938788174695,3.1828652858883104,2.6437349659495424,3.4932956940515365,3.1988325881497257,3.1825009788015852,2.665734893268665,3.4632121453073244,1,1,0,0,0.896508695652174,0.8651,6.0,4.0,6.0,52.38095238095239,52.38095238095239,-110,-110,9,1
2025-26,2025-11-26,PHI,FLA,367,3.2595597424278404,3.121406276549542,2.959248556281839,2.9720951271702503,3.2968606458335987,2.9568262621133274,2.8344005563280676,3.1930400248832393,1,1,0,0,0.8942153846153846,0.9055260869565218,15.0,4.0,5.5,48.78048780487805,55.55555555555556,105,-125,6,1
2025-26,2025-11-26,STL,NJD,368,3.0197510793212126,3.088070089789839,2.8063150800598353,3.3356800163451337,3.234310377118129,2.7004935328149235,2.8566964864987305,3.1185421824243464,1,1,0,0,0.88555,0.88796,20.0,6.0,5.5,53.48837209302325,51.21951219512195,-115,-105,5,0
2025-26,2025-11-26,BOS,NYI,369,3.0193795117432294,2.8160787343548708,3.0500584844425673,3.111359761749977,3.0008313061646166,2.9433581903557964,2.92253019197662,3.2598614994955644,2,2,0,0,0.90608,0.9022200000000001,11.0,9.0,6.0,51.21951219512195,53.48837209302325,-105,-115,4,0
2025-26,2025-11-26,BUF,PIT,370,2.9701238896837614,2.919796785247719,3.2727773145458263,3.280294316922019,3.1568073443849247,3.0860936192204655,2.9631658615446854,3.6445619540632874,3,2,0,0,0.9003117647058824,0.8906499999999999,20.0,8.0,6.5,51.21951219512195,53.48837209302325,-105,-115,6,0
2025-26,2025-11-26,DAL,SEA,371,2.781601437003715,2.814201287398315,3.3865745469444777,2.8699784574148923,2.967930090718365,2.79001185044022,3.471948567975088,2.930257712117719,2,0,0,1,0.9076,0.9156294117647059,4.0,10.0,5.5,54.54545454545454,50.0,-120,100,5,0
2025-26,2025-11-26,CGY,TBL,372,3.1479132393632554,2.81489947747651,2.828765047430426,2.969572220607665,3.028227767897019,2.9205569640367695,2.838653836596616,3.2410816401641145,1,2,0,0,0.9150230769230769,0.8999689655172414,8.0,7.0,5.5,55.55555555555556,48.78048780487805,-125,105,6,1
2025-26,2025-11-26,MTL,UTA,373,3.049329297613333,3.0263880687116598,3.2426238697854117,3.464934334351634,3.2239070494766215,2.8117673511115857,3.1909412218753643,3.1819380169258475,1,3,0,0,0.8944555555555556,0.9017666666666667,2.0,9.0,6.0,51.21951219512195,53.48837209302325,-105,-115,7,1
2025-26,2025-11-26,OTT,VGK,374,3.012856460882912,3.016856284395392,3.0862039180934633,3.011766006607399,3.2060470938559003,3.1166890135776053,3.0820348501402197,3.298537934453341,1,1,0,0,0.9205478260869566,0.8893629629629629,9.0,5.0,5.5,53.48837209302325,51.21951219512195,-115,-105,7,1
2025-26,2025-11-26,WPG,WSH,375,3.3266144987689756,2.9662768925194283,3.08197230502805,2.982863936283196,3.2578817057114575,2.9176764867466445,3.00789519903914,3.03263490471211,1,2,0,0,0.8930666666666668,0.9080882352941176,4.0,5.0,6.5,50.0,54.54545454545454,100,-120,7,1
2025-26,2025-11-28,LAK,ANA,376,3.351085386654558,3.1549651442458466,2.8190860609127553,2.80634977360771,3.417341189451336,2.9273388921465098,3.047614745346153,2.8271778258649642,1,3,0,0,0.9108285714285714,0.9144538461538463,7.0,3.0,6.0,53.48837209302325,51.21951219512195,-115,-105,9,1
2025-26,2025-11-28,NYR,BOS,377,3.0498394780259495,3.034049218894728,2.8717871620763438,2.8663517195914667,3.238138825025388,2.962467509445527,3.133663557747282,2.803556525199124,1,1,0,0,0.886,0.9091206896551725,11.0,9.0,5.5,52.38095238095239,52.38095238095239,-110,-110,8,1
2025-26,2025-11-28,NJD,BUF,378,3.2242146917501047,3.3067832604314593,3.0217058189820634,3.0483042572037786,3.3570148917033107,2.9127912256553823,2.9233122706207775,3.373465090902184,1,1,0,0,0.9021181818181819,0.908290909090909,8.0,20.0,6.0,53.48837209302325,51.21951219512195,-115,-105,5,0
2025-26,2025-11-28,WPG,CAR,379,3.206397260130802,3.0882869482827076,3.0814250584641742,3.0264316112411516,3.389325858130902,3.2381799172084613,3.0170967652239917,3.079218942791375,1,1,0,0,0.9019250000000001,0.905,8.0,5.0,6.5,51.21951219512195,53.48837209302325,-105,-115,6,0
2025-26,2025-11-28,PIT,CBJ,380,2.9164378156841653,3.1986122350094472,3.0144662065280716,2.8905743654713887,2.961177320038304,3.0058048620488726,2.9025448544777035,2.8301644284924516,1,1,0,0,0.9182400000000002,0.9023666666666667,11.0,20.0,6.0,54.54545454545454,50.0,-120,100,7,1
2025-26,2025-11-28,NSH,CHI,381,3.0823132093236674,3.0134329746024564,2.78207888828027,3.4689630563164253,2.9585817733192736,2.8169134460114007,2.8571052756515303,3.4271090392264423,1,1,0,0,0.8910235294117648,0.8912000000000001,5.0,5.0,6.0,51.21951219512195,53.48837209302325,-105,-115,7,1
2025-26,2025-11-28,UTA,DAL,382,3.3696309146383046,2.845454171994256,3.0525138316468223,3.068149229223184,3.0791906496538552,2.963912381583862,2.9245175282415685,3.247868932357096,1,1,0,0,0.9036923076923078,0.883725,10.0,3.0,6.0,51.21951219512195,53.48837209302325,-105,-115,7,1
2025-26,2025-11-28,TBL,DET,383,3.00471327553402,3.2894260698048106,3.221291763437833,2.756680752215389,3.1866751612177313,3.3142227020398387,3.2284001344575532,2.865358288889747,1,1,0,0,0.8891000000000001,0.9174592592592593,3.0,8.0,6.5,50.0,54.54545454545454,100,-120,9,1
2025-26,2025-11-28,CGY,FLA,384,3.212060103148494,3.1574359780927415,2.7728352580710327,3.0528765668723925,3.232079824893667,3.0167147480777032,2.7752063508063807,3.3179591130424715,1,1,0,0,0.8937176470588235,0.9163333333333333,15.0,7.0,5.5,54.54545454545454,50.0,-120,100,8,1
2025-26,2025-11-28,COL,MIN,385,3.080020452371016,2.757126719654375,3.697545175458782,2.498996197391576,3.044592790651778,2.9860931896439444,3.292433117171356,2.6130823325805532,1,1,0,0,0.8841666666666667,0.9177666666666667,8.0,18.0,6.0,53.48837209302325,51.21951219512195,-115,-105,5,0
2025-26,2025-11-28,PHI,NYI,386,2.9501725737501343,2.8330686017730886,3.0057234615211716,2.941277789749815,2.907795029278982,2.9610433943695718,2.9129318898838896,3.127869315863542,1,1,0,0,0.895288888888889,0.8692882352941176,11.0,4.0,6.0,53.48837209302325,51.21951219512195,-115,-105,7,1
2025-26,2025-11-28,VAN,SJS,387,2.858875610013159,3.0556838577512235,3.1976285837136893,3.574098139490652,2.9973697547808698,2.906361611506709,3.3123356409366056,3.4410579170732185,1,1,0,0,0.9018,0.8862181818181818,9.0,12.0,6.5,54.54545454545454,50.0,-120,100,5,0
2025-26,2025-11-28,OTT,STL,388,2.785717676348222,3.3219297060471016,3.126855263401879,3.0190049907265726,2.916380394297342,3.5236976623467933,3.138871866493206,3.2805820480456376,1,1,0,0,0.8883769230769231,0.9086,6.0,3.0,5.5,52.38095238095239,52.38095238095239,-110,-110,7,1
2025-26,2025-11-28,MTL,VGK,389,3.020508577503816,3.062020139618347,3.2755895361131073,3.4465156500187177,3.1960080256378975,3.170950087187844,3.2443220702059286,3.1729353734884307,1,1,0,0,0.918325,0.8745363636363636,9.0,9.0,6.0,54.54545454545454,50.0,-120,100,5,0
2025-26,2025-11-28,TOR,WSH,390,3.352238330030506,2.9753431498491114,3.1291642212102473,3.344423435688538,3.2864055760026734,2.9384675323822798,2.9737535210948045,3.4440771520486977,1,1,0,0,0.9116923076923077,0.9106333333333333,4.0,12.0,6.0,52.38095238095239,52.38095238095239,-110,-110,6,
2025-26,2025-11-29,DET,BOS,391,3.0154757787457234,3.146109289981707,3.007665397144634,3.3866391514488674,3.1752673434337315,3.11422318391361,2.8539437253737603,3.085884421577128,0,0,1,1,0.9061692307692308,0.8928583333333334,12.0,3.0,5.5,54.54545454545454,50.0,-120,100,5,0
2025-26,2025-11-29,MTL,COL,392,3.620212065894023,2.5277774086113207,3.2977121465164263,3.3454570854386283,3.814275475046785,2.723767835180546,3.274003611553562,3.0653984582940605,0,0,1,1,0.9178333333333335,0.9024454545454546,18.0,10.0,6.5,51.21951219512195,53.48837209302325,-105,-115,9,1
2025-26,2025-11-29,VAN,LAK,393,2.874215867268097,2.899469940974175,3.151399593734297,3.5433101740597737,2.6945414897439557,3.034123436115046,3.243502558503372,3.4183449069201113,0,0,1,1,0.8957705882352941,0.889295652173913,3.0,13.0,6.5,50.0,54.54545454545454,100,-120,3,0
2025-26,2025-11-29,BUF,MIN,394,3.0752769267819193,2.7339016530410545,3.1025732622440927,3.36669169396344,3.0471174560872805,2.9366339528104577,2.9223529475718197,3.6546265319311235,0,0,1,1,0.907276923076923,0.9019,6.0,8.0,6.0,54.54545454545454,50.0,-120,100,5,0
2025-26,2025-11-29,PHI,NJD,395,3.0973232631510705,2.936100283944475,3.042917304745789,2.944477740358538,3.220674328504673,2.6793458807920083,2.963823845859806,3.1228101623765934,0,0,1,1,0.8865761904761904,0.9063666666666667,20.0,4.0,5.5,51.21951219512195,53.48837209302325,-105,-115,8,1
2025-26,2025-11-29,WPG,NSH,396,2.83552737420944,3.4456919422357575,3.0052918610767234,3.10447702555727,2.8263048079432838,3.324105769493969,2.9254130557089617,3.1740977417975182,0,0,1,1,0.8694411764705883,0.9066777777777778,5.0,5.0,6.0,51.21951219512195,53.48837209302325,-105,-115,7,1
2025-26,2025-11-29,TBL,NYR,397,2.9928994509611235,2.8422310266282307,3.3235618190934444,2.773866311292414,2.55848435335018,3.0360736367349537,3.3616385608975183,2.8775075805532233,0,0,1,1,0.909,0.8943529411764706,7.0,8.0,6.5,48.78048780487805,55.55555555555556,105,-125,5,0
2025-26,2025-11-29,TOR,PIT,398,3.055354995644963,2.900928928335529,3.0855055317755853,3.362915625802866,3.195789414017248,3.045698026543558,2.9255420247343973,3.462112208482569,0,0,1,1,0.885395238095238,0.8875666666666667,20.0,11.0,6.5,51.21951219512195,53.48837209302325,-105,-115,9,1
2025-26,2025-11-29,EDM,SEA,399,2.764777177355251,2.833224293229771,3.1088836119594463,3.617927956187373,2.9219266127917396,2.8268073377204668,2.9585602055709317,3.3138712584341645,2,3,0,0,0.90602,0.8844214285714286,4.0,8.0,6.0,51.21951219512195,53.48837209302325,-105,-115,4,0
2025-26,2025-11-29,UTA,STL,400,2.8358494272303103,3.3048242444883766,3.052856198540315,3.104410555306958,2.9619017914692654,3.495663700141368,2.9430182881436955,3.269935992752328,0,0,1,1,0.8854809523809525,0.8911714285714286,7.0,2.0,5.5,53.48837209302325,51.21951219512195,-115,-105,1,0
2025-26,2025-11-29,SJS,VGK,401,2.9426474617441456,3.0935502343691597,2.864542630368212,3.0133753910487293,3.0815182481270975,3.208982946407509,2.8893052242566424,3.327045010685547,0,0,1,1,0.8924750000000001,0.89785,9.0,9.0,6.5,50.0,54.54545454545454,100,-120,7,1
2025-26,2025-11-30,CGY,CAR,402,3.2708254937777577,3.0104658345080195,2.8572704289599318,3.0488321101191866,3.451374258256384,3.1342267216602306,2.8798420985210016,3.2895613049230525,1,1,0,0,0.9024470588235295,0.9167473684210525,7.0,7.0,6.0,52.38095238095239,52.38095238095239,-110,-110,1,0
2025-26,2025-11-30,ANA,CHI,403,3.076106313022644,3.0484418627247813,3.4063143535256284,3.1842023852523633,2.9513274601301744,2.8817504205858673,3.200811557565205,3.355329880031866,1,1,0,0,0.9106923076923077,0.8941625,5.0,7.0,6.5,54.54545454545454,50.0,-120,100,8,1
2025-26,2025-11-30,OTT,DAL,404,3.384551227605544,2.8533160873069177,3.1164629911124746,3.0520672993573283,3.1125502064483133,2.971818896590389,3.1293080551164985,3.2986274500796475,1,1,0,0,0.9163777777777776,0.8907999999999999,11.0,2.0,5.5,54.54545454545454,50.0,-120,100,7,1
2025-26,2025-11-30,WSH,NYI,405,2.9501910111785707,2.8765391769236253,3.3666450296855017,2.937526686008485,2.91013819370329,3.0076872251393922,3.2023727300653384,3.008318390345136,1,1,0,0,0.9037076923076923,0.9115962962962962,13.0,4.0,6.0,52.38095238095239,52.38095238095239,-110,-110,5,0
2025-26,2025-12-01,WPG,BUF,406,3.0946364915768196,3.306959472088973,3.07701573202145,3.058726775243907,3.1950868217251243,3.0111958079882117,3.023461385605311,3.108455344879205,1,1,0,0,0.8883294117647058,0.9068526315789474,8.0,5.0,6.5,51.21951219512195,53.48837209302325,-105,-115,6,0
2025-26,2025-12-01,CBJ,NJD,407,3.0902276574683323,3.0117669363720343,2.9209280830172752,3.2238949316774788,3.1984018472458753,2.8009603804701806,2.9928391889318164,3.298323780719568,1,2,0,0,0.914391304347826,0.8928578947368422,20.0,11.0,6.0,55.55555555555556,48.78048780487805,-125,105,8,1
2025-26,2025-12-01,PIT,PHI,408,3.1143880083761477,2.9470863720184237,3.013542283532253,3.054281225374964,3.0859833948034745,2.8172012598996585,2.9625526855726463,2.8379577343980524,1,1,0,0,0.90632,0.8992000000000001,2.0,20.0,6.0,51.21951219512195,53.48837209302325,-105,-115,6,
2025-26,2025-12-01,UTA,SJS,409,2.873076250714453,3.0499437858430536,2.9389721104493542,3.0240186823009543,2.9905930821148274,2.869005524777141,2.811268625927206,3.166536531467421,1,1,0,0,0.9034153846153846,0.8926310344827586,9.0,2.0,6.0,50.0,54.54545454545454,100,-120,9,1
2025-26,2025-12-01,ANA,STL,410,2.7720377923580735,3.178318054107136,3.3880055162145735,3.252111356780862,2.880928167861682,3.322990294547966,3.1889081899216953,3.430896772942776,1,0,0,1,0.8886000000000001,0.9080666666666666,9.0,9.0,6.5,51.21951219512195,53.48837209302325,-105,-115,5,0
2025-26,2025-12-02,VAN,COL,411,3.7316537791480875,2.5171851243912577,3.0680581644872675,3.474366548283922,3.9368204615078124,2.7010365191123924,3.1456523011967943,3.336984656289186,2,2,0,0,0.91945,0.89,16.0,13.0,6.5,52.38095238095239,52.38095238095239,-110,-110,4,0
2025-26,2025-12-02,BOS,DET,412,2.9684903039896233,3.3625876339529004,3.0122819423272853,3.0996754396761355,3.1674432139304676,3.4276896504916166,2.9387581663380944,3.1439432511740377,2,2,0,0,0.8854260869565218,0.9067444444444446,5.0,10.0,5.5,54.54545454545454,50.0,-120,100,9,1
2025-26,2025-12-02,MIN,EDM,413,3.1374938039261875,3.47244220410801,3.0346320621253713,2.7487928492428995,3.3127720668763203,3.6560274878954124,3.0680953789647445,2.7644960973764694,2,2,0,0,0.8886586206896551,0.8879105263157895,8.0,7.0,6.0,53.48837209302325,51.21951219512195,-115,-105,1,0
2025-26,2025-12-02,TOR,FLA,414,3.19604817056522,3.2190795000298262,3.2249232877859897,3.302558431468772,3.207895838740417,3.103467610116523,3.1266465800277934,3.3720151585673195,3,2,0,0,0.8908666666666666,0.9105,15.0,11.0,6.5,51.21951219512195,53.48837209302325,-105,-115,5,0
2025-26,2025-12-02,WSH,LAK,415,2.8394189592237833,2.826433528687434,3.3821547193405435,2.8679570159486043,2.651915321263346,2.93510861449338,3.2387923400885885,2.907470905859909,2,1,0,0,0.9125185185185186,0.9141928571428571,3.0,4.0,5.5,50.0,54.54545454545454,100,-120,4,0
2025-26,2025-12-02,OTT,MTL,416,3.2385335237269075,3.4698289144574503,3.0352230685397092,3.158513407861448,3.21853137430239,3.4768750688910703,3.0322399285534063,3.408328638510572,2,1,0,0,0.8802782608695653,0.8864413793103448,9.0,2.0,6.0,51.21951219512195,53.48837209302325,-105,-115,7,1
2025-26,2025-12-02,CGY,NSH,417,2.803597022557354,3.4895526247507633,2.754956925616747,2.971878722922461,2.779209935262987,3.3939914397375386,2.7618870834406466,3.1835240680813697,2,1,0,0,0.8911137931034483,0.9178000000000001,7.0,7.0,5.5,54.54545454545454,50.0,-120,100,6,1
2025-26,2025-12-02,TBL,NYI,418,2.8791445480723987,2.918778111971117,3.3370303175441096,2.7081120565022796,2.819855745292164,3.0555965062983614,3.3821242898988393,2.7805212706156004,1,2,0,0,0.9031814814814815,0.9175714285714286,13.0,8.0,6.0,51.21951219512195,53.48837209302325,-105,-115,3,0
2025-26,2025-12-02,DAL,NYR,419,2.9148194508880203,2.880484135235535,3.46984604991654,2.786491471948529,2.480804071602597,3.078427193016661,3.448078234953656,2.8771370199905744,2,1,0,0,0.9090666666666666,0.9170631578947368,9.0,11.0,5.5,52.38095238095239,52.38095238095239,-110,-110,5,0
2025-26,2025-12-02,CHI,VGK,420,2.9784851922551456,3.084017689379501,3.1434502080018683,3.0437431732945908,3.1177420137588476,3.1870653192424454,3.262929691452413,3.184394817513794,2,1,0,0,0.905,0.9099666666666666,9.0,5.0,6.0,51.21951219512195,53.48837209302325,-105,-115,7,1
2025-26,2025-12-03,UTA,ANA,421,3.3981333149906945,3.1607095508296084,2.9393479243528495,3.127646838544455,3.466874773713589,2.9874644616768644,2.8192415950328584,3.2801863150243293,1,1,0,0,0.914923076923077,0.8896333333333334,9.0,2.0,6.5,52.38095238095239,52.38095238095239,-110,-110,7,1
2025-26,2025-12-03,WPG,MTL,422,3.1886851935526,3.5172730702227946,2.9971877006451093,3.127161847722463,3.1567946218216645,3.53655079253495,2.935884933702128,3.182565735333696,0,1,1,0,0.8969478260869564,0.9035499999999999,9.0,4.0,6.5,50.0,54.54545454545454,100,-120,5,0
2025-26,2025-12-03,DAL,NJD,423,3.082832370073392,3.081542352472782,3.4088877322643825,2.799445867173262,3.1739660151609312,2.9128013937823054,3.3765198251933284,2.8848334291944178,1,0,0,1,0.8858454545454545,0.9035111111111112,19.0,14.0,6.0,51.21951219512195,53.48837209302325,-105,-115,3,0
2025-26,2025-12-03,BUF,PHI,424,3.0293295584137683,3.0187477416732578,3.158058767113777,3.212932244752984,2.9780077152493147,2.9198585438556846,2.9331995507311475,3.529217322856088,1,1,0,0,0.8722,0.902525,4.0,8.0,6.5,50.0,54.54545454545454,100,-120,7,1
2025-26,2025-12-03,WSH,SJS,425,2.983771172788046,3.04285170596601,3.3586117987482234,2.8009677016250083,3.110480253898071,2.875385847182758,3.2209288190880683,2.815405177974099,1,0,0,1,0.9037666666666666,0.891521052631579,7.0,4.0,6.0,53.48837209302325,51.21951219512195,-115,-105,8,1
2025-26,2025-12-04,STL,BOS,426,3.0441351402305776,3.1623508957503152,2.7079036252136612,3.199609689174903,3.143264452719047,3.0647035609548245,2.832881588720676,3.0876479719910757,1,2,0,0,0.8860761904761906,0.8862285714285714,12.0,10.0,5.5,51.21951219512195,53.48837209302325,-105,-115,7,1
2025-26,2025-12-04,TOR,CAR,427,3.177707750592971,2.8953176383131947,3.2471425301788823,3.2112688070462423,3.3168446599674346,2.9827614799678845,3.169777357490817,3.23985775065475,3,1,0,0,0.8872608695652174,0.9131058823529412,8.0,11.0,6.0,55.55555555555556,48.78048780487805,-125,105,6,
2025-26,2025-12-04,DET,CBJ,428,2.995947477129557,3.2091485465681266,3.039456466119748,3.375693122892467,2.941599613305192,3.065255328410054,2.8207866139656055,3.0576276068776407,2,1,0,0,0.8936499999999998,0.8930400000000001,10.0,5.0,6.5,54.54545454545454,50.0,-120,100,11,1
2025-26,2025-12-04,MIN,CGY,429,2.6992236376255416,3.046720561302478,2.958996015360329,2.653028523013763,2.825605216288888,2.7768975575708956,2.9766352134583416,2.630145056071809,1,1,0,0,0.8969333333333332,0.908637037037037,7.0,7.0,5.5,52.38095238095239,52.38095238095239,-110,-110,5,0
2025-26,2025-12-04,SEA,EDM,430,3.019577922280492,3.3719293370318195,2.6606980946446526,2.874247667534835,3.129627533627302,3.511238411854558,2.7718158289555,2.9499954422301764,1,4,0,0,0.8749368421052631,0.903676923076923,8.0,5.0,6.0,50.0,54.54545454545454,100,-120,13,1
2025-26,2025-12-04,NSH,FLA,431,3.11510001254037,3.2472431575117082,2.892370224221703,3.394304938604551,3.1088387692316855,3.147301274935422,2.929463408141719,3.3850136715046797,1,1,0,0,0.8913285714285715,0.8937,15.0,6.0,6.0,52.38095238095239,52.38095238095239,-110,-110,3,0
2025-26,2025-12-04,CHI,LAK,432,2.778384238655319,2.8388962655802197,3.1409998968004182,3.0832710312172984,2.583317876906277,2.945436469221374,3.2535440946798198,3.22262200206093,1,1,0,0,0.9126428571428572,0.9094285714285714,0.0,5.0,5.5,52.38095238095239,52.38095238095239,-110,-110,3,0
2025-26,2025-12-04,COL,NYI,433,2.8517007469645543,2.8531442474136406,3.688879167372099,2.4697747709661595,2.7883714986632455,2.967085754961637,3.226853769548609,2.625508484809221,1,1,0,0,0.9058571428571428,0.9199176470588235,14.0,17.0,6.0,53.48837209302325,51.21951219512195,-115,-105,9,1
2025-26,2025-12-04,NYR,OTT,434,3.109662198622434,3.1168823573125297,2.924263264967995,2.856191401703586,3.1298126732544866,2.881135813361502,3.2647754238114537,2.7610746966771242,1,1,0,0,0.9061999999999999,0.9094,4.0,9.0,5.5,53.48837209302325,51.21951219512195,-115,-105,6,1
2025-26,2025-12-04,PIT,TBL,435,3.248569092590303,2.6913184151355254,3.086784041551466,2.977985805795359,3.108028358760158,2.8510469810739836,3.0618900540268554,2.7535841537992183,1,2,0,0,0.8951666666666667,0.9024857142857142,10.0,21.0,6.5,52.38095238095239,52.38095238095239,-110,-110,7,1
2025-26,2025-12-05,WSH,ANA,436,3.273360951450582,3.301047251121721,3.4878815248169803,2.74713199681662,3.30086643930027,3.1804552975383666,3.3953226085663544,2.7459032667010166,1,1,0,0,0.9064857142857142,0.9158379310344826,7.0,5.0,6.5,51.21951219512195,53.48837209302325,-105,-115,7,1
2025-26,2025-12-05,SJS,DAL,437,3.3922179565927477,2.709383098268074,2.9203060820306,3.1898762964244423,3.2404993666086543,2.8882313567265965,2.8987974621712707,3.351230208502752,1,1,0,0,0.9072571428571429,0.9005142857142856,14.0,5.0,6.0,53.48837209302325,51.21951219512195,-115,-105,5,0
2025-26,2025-12-05,VGK,NJD,438,2.9755378799641847,3.082291366791407,3.021693809021773,3.084921321263854,3.034679587339694,2.922965393176905,2.9161936738516863,2.932580902785294,1,2,0,0,0.8862260869565217,0.9156,19.0,11.0,5.5,52.38095238095239,52.38095238095239,-110,-110,3,0
2025-26,2025-12-05,UTA,VAN,439,2.9906319407509154,3.4463739274216456,3.0887090506152304,3.0173081872630676,2.959381815914613,3.4218360443587854,3.004080762023457,3.138817265310839,2,1,0,0,0.8905600000000001,0.8939,13.0,2.0,6.5,50.0,54.54545454545454,100,-120,5,0
2025-26,2025-12-05,BUF,WPG,440,2.9635788686537903,3.122645782087935,3.117977417525061,3.2777776629822797,3.1932213363973916,2.95685450802937,2.8956363759892256,3.5930527994805783,1,1,0,0,0.9053523809523809,0.8921111111111111,4.0,9.0,6.5,51.21951219512195,53.48837209302325,-105,-115,5,0
2025-26,2025-12-06,NJD,BOS,441,3.1150261803975496,3.120977987284929,2.8688979535018753,3.0766552446773243,3.2279412202090514,3.0161936722855667,3.0247161709691306,3.1984239652903996,1,0,0,1,0.9034500000000001,0.9100333333333334,12.0,19.0,5.5,51.21951219512195,53.48837209302325,-105,-115,5,0
2025-26,2025-12-06,NSH,CAR,442,3.0968026299720255,2.975792874658528,2.859165980882869,3.2972556950226357,3.210441726425036,3.072747195975729,2.880863157255923,3.257762829398896,1,1,0,0,0.9061555555555556,0.8964333333333333,5.0,8.0,6.0,52.38095238095239,52.38095238095239,-110,-110,9,1
2025-26,2025-12-06,UTA,CGY,443,2.7517812407734774,2.9745424730477383,3.120330729352919,2.946980108082596,2.896355105004924,2.6900607562334797,3.042316867826973,3.0534873742901003,1,0,0,1,0.8992666666666668,0.8806777777777778,7.0,4.0,6.0,50.0,54.54545454545454,100,-120,2,0
2025-26,2025-12-06,WPG,EDM,444,3.231711381273947,3.3865971408354167,3.0013012304407307,3.0435689694993537,3.4153696309115795,3.5127733332758364,2.8920032112198046,3.177197902074386,1,0,0,1,0.8908666666666666,0.9091363636363635,10.0,4.0,6.5,52.38095238095239,52.38095238095239,-110,-110,8,1
2025-26,2025-12-06,CBJ,FLA,445,3.0329301361601133,3.194044363982228,3.106301660709456,3.271680712766723,3.0198925859681958,3.0853595241744953,3.077846970471174,3.2771760362914812,1,1,0,0,0.8930862068965516,0.8915238095238096,14.0,10.0,6.5,48.78048780487805,55.55555555555556,105,-125,13,1
2025-26,2025-12-06,CHI,LAK,446,2.720630650496938,2.8137752621586625,3.099113956592722,3.0085980575368527,2.5307928014349574,2.896860099247843,3.1846418163402483,3.1266618191209212,1,1,0,0,0.9142344827586207,0.9110655172413794,0.0,6.0,5.5,53.48837209302325,51.21951219512195,-115,-105,6,1
2025-26,2025-12-06,COL,NYR,447,2.9656246310083993,2.830699797590572,3.654009820165372,2.6105303107593967,2.534804313141845,3.023126558632699,3.203412488687571,2.8003709640409107,1,1,0,0,0.9098,0.9160222222222222,7.0,17.0,6.0,52.38095238095239,52.38095238095239,-110,-110,5,0
2025-26,2025-12-06,STL,OTT,448,3.069028359540361,3.1478291202616755,2.6934621643764993,3.2650280131403755,3.085862109934322,2.928039475845166,2.790467905820407,3.1941960524650774,1,1,0,0,0.8871,0.8912347826086957,5.0,10.0,5.5,52.38095238095239,52.38095238095239,-110,-110,3,0
2025-26,2025-12-06,DET,SEA,449,2.7183310946705164,3.10379284565266,3.1118213788304656,3.4652122605170472,2.7881323683548227,2.8709176118882986,2.915719369808582,3.213422858936909,1,1,0,0,0.8984555555555555,0.886425,4.0,5.0,6.0,51.21951219512195,53.48837209302325,-105,-115,7,1
2025-26,2025-12-06,NYI,TBL,450,3.235178431380375,2.7448424578343364,2.9683799844014422,2.862876820655055,3.1107429741512402,2.896473963379889,3.1298583164661977,2.915137308293059,1,1,0,0,0.8936421052631578,0.9065482758620691,9.0,14.0,6.0,53.48837209302325,51.21951219512195,-115,-105,2,0
2025-26,2025-12-06,MTL,TOR,451,3.307075600941062,3.1292300990140616,3.1794301826449796,3.453199387492842,3.2793591467640626,3.199848692965135,3.200048151485826,3.2401060033099984,1,2,0,0,0.8948352941176471,0.8990083333333333,13.0,9.0,6.5,53.48837209302325,51.21951219512195,-115,-105,3,0
2025-26,2025-12-06,MIN,VAN,452,2.918066028983256,3.4556431740437543,2.8879151808332293,2.705620727875465,2.8748037921437235,3.4274970048533033,2.872642472474486,2.710913791360586,0,1,1,0,0.8858833333333332,0.8936,12.0,6.0,6.0,51.21951219512195,53.48837209302325,-105,-115,6,
2025-26,2025-12-07,CHI,ANA,453,3.290445388959397,3.2809885233608855,2.983100070745809,3.111290630958461,3.32974827104426,3.154235962706511,3.032649891715815,3.2481472092796175,1,0,0,1,0.9031666666666667,0.889411111111111,7.0,5.0,6.5,56.52173913043478,47.61904761904761,-130,110,8,1
2025-26,2025-12-07,SJS,CAR,454,3.1999876245273944,2.977721267523984,2.8510775216165944,3.2118180775856975,3.3406174247706475,3.057695015669422,2.7956903044845345,3.3817126858733735,0,1,1,0,0.9071666666666666,0.8937545454545455,4.0,5.0,6.0,53.48837209302325,51.21951219512195,-115,-105,5,0
2025-26,2025-12-07,PIT,DAL,455,3.4026212726702694,2.6510955915925614,3.1154530847598028,2.9763740874257882,3.2745595653718116,2.7921193386063865,3.0879754280289315,2.7775260440677423,1,2,0,0,0.9079482758620689,0.9037545454545455,10.0,17.0,6.0,51.21951219512195,53.48837209302325,-105,-115,5,0
2025-26,2025-12-07,NYI,FLA,456,3.1743047912764637,3.290487508539594,2.9326056361964064,2.762285576846123,3.1882419683978083,3.199570503970208,3.0714634454278165,2.7874871165176516,0,0,1,1,0.8924555555555556,0.8938315789473683,14.0,14.0,6.0,54.54545454545454,50.0,-120,100,5,0
2025-26,2025-12-07,STL,MTL,457,3.132586158493026,3.3551721782791777,2.6710712738159783,3.176268945487831,3.1585599281204937,3.4405882158317684,2.752822433738305,3.0903217783798143,0,0,1,1,0.9008799999999999,0.8833999999999999,9.0,12.0,5.5,52.38095238095239,52.38095238095239,-110,-110,7,1
2025-26,2025-12-07,VGK,NYR,458,2.9286470879678967,2.8359493222214383,3.0167579786807015,2.968504827602942,2.5185722060449125,3.0148086388644106,2.906337385704181,2.8036223078037934,0,1,1,0,0.9122499999999999,0.9045454545454547,7.0,10.0,5.5,57.446808510638306,46.51162790697674,-135,115,5,0
2025-26,2025-12-07,COL,PHI,459,3.1014400951788197,2.9822984938991715,3.6136082304983477,2.591820727085418,3.0807152763102374,2.8696703535651773,3.183402817934188,2.7658855368319135,3,0,0,1,0.8761315789473684,0.9165526315789474,5.0,16.0,6.0,54.54545454545454,50.0,-120,100,5,0
2025-26,2025-12-07,CBJ,WSH,460,3.456488906762513,2.7913102973847264,3.2053924740460262,3.397310326542049,3.303718237774308,2.883471818189596,3.193626694556742,3.4305188131278013,1,0,0,1,0.9160666666666667,0.9154538461538462,7.0,10.0,6.5,50.0,54.54545454545454,100,-120,2,0
2025-26,2025-12-08,BUF,CGY,461,2.725380875353035,2.8662259045692267,3.0355901617298002,3.2934805495209436,2.8599198708778504,2.556686791951905,2.789086405307351,3.605544334239922,1,2,0,0,0.9026,0.8908157894736842,10.0,8.0,6.0,53.48837209302325,51.21951219512195,-115,-105,11,1
2025-26,2025-12-08,MIN,SEA,462,2.73138016458013,3.131601506459053,2.858957849611259,2.7571350356202795,2.804034394899491,2.9174875352628025,2.83051905935644,2.782076679042973,1,1,0,0,0.8833941176470587,0.9083357142857142,6.0,6.0,5.5,51.21951219512195,53.48837209302325,-105,-115,5,0
2025-26,2025-12-08,TBL,TOR,463,3.2172432850784376,3.0847886373470477,3.1117889375673395,2.719630221994448,3.1783834081946405,3.1381108021339594,3.2499435129527887,2.75709253547534,1,1,0,0,0.8999777777777778,0.89545,13.0,8.0,6.5,52.38095238095239,52.38095238095239,-110,-110,2,0
2025-26,2025-12-08,LAK,UTA,464,3.0039911533793267,2.9098936441970684,2.8356738959226706,2.7099676628668097,3.19755095394746,2.868891518646285,3.080869878443519,2.9157651253593464,1,1,0,0,0.8972333333333334,0.9167000000000001,4.0,0.0,5.5,50.0,54.54545454545454,100,-120,6,1
2025-26,2025-12-08,DET,VAN,465,2.955562397425189,3.3933423113550787,3.1358855621490798,3.434775888014848,2.931161866136227,3.344183889153333,2.9578972665454595,3.194425587739274,1,1,0,0,0.8889153846153847,0.88652,10.0,5.0,6.5,51.21951219512195,53.48837209302325,-105,-115,4,0
2025-26,2025-12-09,CBJ,CAR,466,3.1137460412237488,3.0105553301980867,3.086547826018095,3.338582049524892,3.2244730492838984,3.094114913013957,3.0547448636108383,3.3587268099622345,1,1,0,0,0.9040052631578949,0.9182666666666667,5.0,10.0,6.5,52.38095238095239,52.38095238095239,-110,-110,5,0
2025-26,2025-12-09,BUF,EDM,467,3.320272476625501,3.325621755071798,3.0684013106616774,3.41809736387156,3.5264645206376386,3.4158773136478295,2.848496929948755,3.7443797556175404,2,0,0,1,0.8913333333333334,0.8996058823529413,10.0,10.0,6.5,55.55555555555556,48.78048780487805,-125,105,7,1
2025-26,2025-12-09,TBL,MTL,468,3.1227176482048473,3.3687003015353048,2.9981021353625716,2.6978306194894066,3.143626882671716,3.4525298296880145,3.097962762605603,2.726740312398957,1,0,0,1,0.8975923076923078,0.8983380952380952,9.0,7.0,6.5,51.21951219512195,53.48837209302325,-105,-115,7,1
2025-26,2025-12-09,COL,NSH,469,2.862402408933999,3.383296855425598,3.578188045726672,2.576702776534991,2.8797016110916243,3.2683835055397754,3.171723400436172,2.7335456133622986,2,1,0,0,0.8941,0.9192965517241379,8.0,14.0,6.0,52.38095238095239,52.38095238095239,-110,-110,7,1
2025-26,2025-12-09,VGK,NYI,470,2.864082349816512,2.8078070679887133,3.0136707057396817,2.932445462210827,2.9342032895604295,2.953853444255591,2.913182160160932,2.7661212201066294,1,1,0,0,0.9101999999999999,0.9054000000000001,12.0,9.0,5.5,52.38095238095239,52.38095238095239,-110,-110,9,1
2025-26,2025-12-09,NJD,OTT,471,2.9884066597036023,3.0985016457990247,2.802187537693559,3.1044774826849877,2.9805675159100966,2.8817428644380705,2.92367732464232,3.2331338607391467,2,2,0,0,0.8877,0.8859499999999999,4.0,19.0,5.5,52.38095238095239,52.38095238095239,-110,-110,7,1
2025-26,2025-12-09,SJS,PHI,472,3.059866635018677,2.983327315655873,2.892483567382523,3.128916224310386,3.030726305050853,2.8805913429606584,2.856730702155581,3.25868706907089,1,1,0,0,0.9028538461538461,0.8969782608695652,5.0,5.0,6.0,51.21951219512195,53.48837209302325,-105,-115,5,0
2025-26,2025-12-09,ANA,PIT,473,3.0714359045991255,2.97606559489837,3.414493626807869,3.193883955358766,3.126137889575641,3.2123576301763137,3.2052935025629012,3.307332598056613,1,1,0,0,0.8812090909090909,0.9065,17.0,7.0,6.5,54.54545454545454,50.0,-120,100,7,1
2025-26,2025-12-09,BOS,STL,474,2.723569802668062,3.1665837570348514,3.1408021239824095,3.0415681332302795,2.796813079563149,3.331114715272613,2.9747210890038924,3.2200417527787972,1,2,0,0,0.8973749999999999,0.9056310344827586,12.0,11.0,5.5,52.38095238095239,52.38095238095239,-110,-110,7,1
2025-26,2025-12-09,DAL,WPG,475,2.964090181782767,3.146526147871368,3.3801224695126493,2.6341468745478283,3.2316149269841814,2.8526648743920684,3.341926107507224,2.7682582089574255,2,1,0,0,0.9049999999999999,0.9177499999999998,4.0,8.0,6.0,51.21951219512195,53.48837209302325,-105,-115,7,1
2025-26,2025-12-10,DET,CGY,476,2.8816325709629345,2.91099565564818,3.166722825519239,3.3096837992183006,3.051163555091824,2.641394457194437,3.0131950309635163,3.0481494525949473,1,1,0,0,0.9125952380952381,0.8931769230769231,10.0,5.0,6.0,54.54545454545454,50.0,-120,100,7,1
2025-26,2025-12-10,NYR,CHI,477,2.91375551340283,3.2466403634470793,2.8983919691451887,2.8452992539162834,3.042956650364508,2.881033760051479,3.279692991724433,2.7346180601352446,2,2,0,0,0.9076000000000001,0.9104666666666666,5.0,7.0,6.0,50.0,54.54545454545454,100,-120,3,0
2025-26,2025-12-10,LAK,SEA,478,2.674184859907269,3.16016823765503,2.882069977028852,2.6926457937627526,2.7238424828667362,2.9720756003400206,3.1245455012653194,2.877551952977509,1,1,0,0,0.8964285714285715,0.8979777777777778,7.0,0.0,5.5,50.0,54.54545454545454,100,-120,5,0
2025-26,2025-12-10,FLA,UTA,479,2.970777080549326,2.951011597742873,3.1989257306228844,3.2018595834012897,3.135117936030766,2.930991433950006,3.013627913819752,3.230998131197477,1,2,0,0,0.8969666666666666,0.8894666666666666,4.0,14.0,5.5,53.48837209302325,51.21951219512195,-115,-105,7,1
2025-26,2025-12-11,OTT,CBJ,480,3.014988242823514,3.358303552937702,2.99017983024042,3.129564071258663,3.095772192821903,3.137711698995529,3.1056445951930995,3.339778576170871,1,1,0,0,0.8879545454545453,0.8876333333333333,8.0,4.0,6.5,52.38095238095239,52.38095238095239,-110,-110,9,1
2025-26,2025-12-11,FLA,COL,481,3.551017719271691,2.63846465303677,3.22621789481138,3.1937142921174306,3.8662716029139403,2.6199119912790065,3.0660843960302646,3.216167395205953,1,0,0,1,0.9169285714285715,0.8951368421052631,14.0,14.0,6.5,50.0,54.54545454545454,100,-120,8,1
2025-26,2025-12-11,DET,EDM,482,3.3085763661896683,3.3485923378646665,3.194650721874855,3.295321070113958,3.494838650450121,3.4413872811306847,3.056228144643703,3.0498218200021068,1,0,0,1,0.8902666666666667,0.8906153846153846,10.0,5.0,6.5,55.55555555555556,48.78048780487805,-125,105,5,0
2025-26,2025-12-11,DAL,MIN,483,2.902864120102009,2.701664253067575,3.396522886033931,2.655752754128689,2.9888687782585444,2.9332295624342035,3.361386943638685,2.7890526180014463,2,1,0,0,0.9097379310344826,0.9088,8.0,9.0,5.5,51.21951219512195,53.48837209302325,-105,-115,7,1
2025-26,2025-12-11,TBL,NJD,484,2.850889716766007,3.1019320920467375,3.108137693036699,2.649274934846841,2.9042299351526277,2.9134864181517353,3.225870830353416,2.6664583087817637,1,1,0,0,0.8880000000000001,0.9015181818181817,21.0,9.0,6.0,51.21951219512195,53.48837209302325,-105,-115,12,1
2025-26,2025-12-11,STL,NSH,485,2.912463164045674,3.369745702963721,2.709004236719279,3.2323044137345565,2.9398592085841124,3.257516896521629,2.8200464916255945,3.086785558101167,1,1,0,0,0.8956333333333333,0.8835,8.0,14.0,5.5,53.48837209302325,51.21951219512195,-115,-105,9,1
2025-26,2025-12-11,ANA,NYI,486,2.9486672929964226,2.860746625383108,3.434076282755362,3.190401839145884,3.0375796141870826,3.0047016522296666,3.2405207856758684,3.2984681450688784,1,1,0,0,0.8939499999999999,0.9120999999999999,12.0,7.0,6.5,54.54545454545454,50.0,-120,100,7,1
2025-26,2025-12-11,VGK,PHI,487,3.0991867867887937,2.9199841107449083,3.0567372725768975,3.0152081425445942,3.084380643606126,2.8073508140245944,2.9679865030976638,2.8877456653697116,1,1,0,0,0.9039222222222222,0.9188615384615384,5.0,9.0,5.5,53.48837209302325,51.21951219512195,-115,-105,5,0
2025-26,2025-12-11,MTL,PIT,488,3.0744789900260416,3.01996947762547,3.054279506578021,3.4632712834763053,3.13039747463368,3.247607891311062,3.13881812436001,3.141776410530074,1,1,0,0,0.9041478260869565,0.905,15.0,9.0,6.5,50.0,54.54545454545454,100,-120,6,0
2025-26,2025-12-11,SJS,TOR,489,3.1759976732671964,2.980192155154309,2.8351619364154588,3.162918502971419,3.133115920341244,3.0105520283419756,2.7812648710662597,3.2978790274901484,2,1,0,0,0.9056736842105263,0.8969083333333333,13.0,3.0,6.0,53.48837209302325,51.21951219512195,-115,-105,5,0
2025-26,2025-12-11,BUF,VAN,490,2.8602326513786656,3.4142374931904715,3.1082028365434673,3.404096266054155,2.8122957423282693,3.3736418648114186,2.912983508670434,3.7053529584369724,2,1,0,0,0.8961500000000001,0.898,8.0,13.0,6.0,53.48837209302325,51.21951219512195,-115,-105,5,0
2025-26,2025-12-11,BOS,WPG,491,2.9711358520012032,3.17892608741621,3.207951146724023,3.0100626895603804,3.226062406261862,2.910887602494327,3.0674904735283337,3.171026512279446,1,1,0,0,0.9015,0.8901454545454545,4.0,8.0,6.0,54.54545454545454,50.0,-120,100,9,1
2025-26,2025-12-11,CAR,WSH,492,3.402788966466571,2.7035515782998183,3.1516980728349338,2.9482868117718906,3.2476206341993232,2.771853395122479,3.0595152850532257,2.918458560424965,3,1,0,0,0.9199999999999999,0.90685,6.0,4.0,6.0,50.0,54.54545454545454,100,-120,5,0
2025-26,2025-12-12,CHI,STL,493,2.6921882690648733,3.359597286663479,2.923443743541677,3.1335220376247306,2.7752547723886263,3.4016362263843614,2.948445096363795,3.410378176109026,0,1,1,0,0.8953769230769232,0.9095333333333334,14.0,5.0,5.5,52.38095238095239,52.38095238095239,-110,-110,5,0
2025-26,2025-12-12,SEA,UTA,494,2.9785564223336283,2.9942062514248335,2.698058233189432,3.121725884286908,3.1352725220591244,2.9881392779213356,2.822719362228875,3.2386243339083407,1,1,0,0,0.8967666666666666,0.8862222222222221,2.0,8.0,5.5,52.38095238095239,52.38095238095239,-110,-110,8,1
2025-26,2025-12-13,VGK,CBJ,495,3.0208858556674345,3.4498143102821586,3.054616738949239,2.9803709064715336,3.1008763749822745,3.270179791002837,2.973780449080684,2.850575513091802,1,1,0,0,0.9174620689655173,0.9012846153846155,8.0,9.0,6.0,54.54545454545454,50.0,-120,100,5,0
2025-26,2025-12-13,DET,CHI,496,2.8941046209636085,3.127610569958953,3.1198194864475997,3.3182588269644473,3.049882889076914,2.761184545511481,2.9710752942768655,3.0960316219779744,0,1,1,0,0.8879052631578948,0.8946185185185185,7.0,5.0,6.5,50.0,54.54545454545454,100,-120,4,0
2025-26,2025-12-13,NSH,COL,497,3.629657924646034,2.6272540329547085,3.058069017170739,3.3159303114382976,3.947176876256106,2.605016150765171,2.885341991805338,3.3870173445652343,1,1,0,0,0.9186666666666666,0.8677526315789472,14.0,6.0,6.5,52.38095238095239,52.38095238095239,-110,-110,6,0
2025-26,2025-12-13,FLA,DAL,498,3.3448718022719905,2.7464601867611607,3.1831698280728142,3.2922380931390034,3.258075066661069,2.7672386972954883,3.0171268680926318,3.349105765650986,1,1,0,0,0.9084666666666668,0.8901999999999999,8.0,14.0,5.5,54.54545454545454,50.0,-120,100,4,0
2025-26,2025-12-13,CGY,LAK,499,2.8577613832677002,2.713501627149066,2.8911900294277806,2.953365010205669,2.6951156139596435,2.765053293367491,2.687945482895431,3.2589215335954953,2,2,0,0,0.9165,0.9014666666666666,1.0,8.0,5.5,46.51162790697674,57.446808510638306,115,-135,3,0
2025-26,2025-12-13,OTT,MIN,500,2.978914631750219,2.684508358893291,3.098649636406239,3.125656452253564,3.072988103247809,2.900439128172233,3.231179583778089,3.3198416284056473,1,1,0,0,0.8917095238095237,0.9051823529411764,11.0,6.0,5.5,55.55555555555556,48.78048780487805,-125,105,5,0
2025-26,2025-12-13,ANA,NJD,501,2.8942369397412295,3.270474811225126,3.373385555530893,3.2466872560843743,2.950436478490082,3.141336965748566,3.1836535100167724,3.3555342355784354,1,1,0,0,0.9049538461538462,0.9038074074074074,25.0,5.0,6.5,52.38095238095239,52.38095238095239,-110,-110,5,0
2025-26,2025-12-13,TBL,NYI,502,3.0168349952881592,2.830469705682154,3.2758790697446214,2.7029247069573303,3.1111396611551654,2.9620547143930076,3.4263858219956225,2.7281564324937335,1,1,0,0,0.9093333333333333,0.9007826086956522,12.0,8.0,5.5,55.55555555555556,48.78048780487805,-125,105,5,0
2025-26,2025-12-13,MTL,NYR,503,2.8009023701994002,2.8537268430963683,3.0826179974542525,3.399656276234752,2.5034939136025813,3.0163547804074757,3.1728813870031294,3.0791598021456115,2,1,0,0,0.9096666666666666,0.9088545454545455,7.0,9.0,5.5,52.38095238095239,52.38095238095239,-110,-110,9,1
2025-26,2025-12-13,CAR,PHI,504,3.055518288555168,2.921341205726753,3.140868732431414,2.9134657539533837,3.031151170922699,2.8196556139310487,3.051675206492634,2.8767233864919537,1,1,0,0,0.8771999999999999,0.9039375,5.0,4.0,6.0,51.21951219512195,53.48837209302325,-105,-115,7,1
2025-26,2025-12-13,SJS,PIT,505,3.0329975572681134,3.0520088255437896,2.841861560694854,3.1178817847150633,3.070464689430469,3.276280688782153,2.7961258547292323,3.2292526291902117,1,1,0,0,0.881704347826087,0.8996758620689655,13.0,6.0,6.0,54.54545454545454,50.0,-120,100,11,1
2025-26,2025-12-13,EDM,TOR,506,3.13150716987368,2.9812100146512432,3.329968433322786,3.263889780564959,3.0807116299156836,3.0129932126643504,2.9902379313969307,3.165109922774136,1,1,0,0,0.9054,0.9023499999999999,14.0,10.0,6.5,51.21951219512195,53.48837209302325,-105,-115,9,1
2025-26,2025-12-13,WSH,WPG,507,2.9747666941919744,3.276222640949226,3.3475192734901094,2.7202944895546475,3.2093090910287776,3.056588310961636,3.3609395517795475,2.8131392178362167,1,1,0,0,0.9181916666666666,0.9210666666666666,2.0,4.0,5.5,51.21951219512195,53.48837209302325,-105,-115,6,1
2025-26,2025-12-14,PHI,CAR,508,3.1727171666266405,2.9228121951705948,3.0572901796405083,2.9652998628599443,3.261442658836922,3.0137452342086832,3.061275529450125,3.1050068080240787,0,0,1,1,0.9075142857142857,0.9027714285714286,2.0,4.0,5.5,53.48837209302325,51.21951219512195,-115,-105,5,0
2025-26,2025-12-14,BOS,MIN,509,2.984039133493294,2.6708661048831956,3.3015475627031674,3.011041884913796,3.076501277678721,2.8667451046918924,3.1935228012772385,3.1603950418176256,0,2,1,0,0.9092666666666667,0.9061333333333333,10.0,11.0,5.5,53.48837209302325,51.21951219512195,-115,-105,8,1
2025-26,2025-12-14,EDM,MTL,510,3.118998516772633,3.4537495534971576,3.418318817772033,3.252638093301497,3.060555467931446,3.5598328299861004,3.1130353835542794,3.161448313691312,0,0,1,1,0.8952481481481482,0.8753499999999999,9.0,10.0,6.5,54.54545454545454,50.0,-120,100,5,0
2025-26,2025-12-14,VAN,NJD,511,2.938948178778563,3.19214478850568,2.834394876221525,3.3934512971591384,3.0083302422651244,3.0467159715516554,3.039794301297028,3.320483910469146,0,2,1,0,0.8845461538461539,0.8935952380952381,25.0,8.0,6.0,51.21951219512195,53.48837209302325,-105,-115,3,0
2025-26,2025-12-14,UTA,PIT,512,3.1040714582078768,3.1570130774366243,3.048186417210684,2.9948118317014263,3.1602028736064556,3.387378018835338,2.9116137288279234,3.016982019803129,0,1,1,0,0.9071428571428573,0.8977666666666667,13.0,2.0,6.0,54.54545454545454,50.0,-120,100,9,1
2025-26,2025-12-14,BUF,SEA,513,2.7159748588325705,3.1871528570860908,3.10364711584672,3.3490787030583697,2.753324299754816,2.9343086298260648,2.9198188944453083,3.6169179720615303,1,2,0,0,0.897355172413793,0.8997615384615384,9.0,12.0,6.0,52.38095238095239,52.38095238095239,-110,-110,4,0
2025-26,2025-12-15,LAK,DAL,514,3.2256478625642426,2.7951038274655633,2.7981432240293245,2.696243487618723,3.1176603763237587,2.824166561192747,3.0785038841645216,2.8939252397247275,1,1,0,0,0.9172190476190477,0.9179666666666667,7.0,2.0,5.5,47.61904761904761,56.52173913043478,110,-130,5,0
2025-26,2025-12-15,ANA,NYR,515,2.8837240127268307,2.899670201188789,3.2881594166663324,3.2712788046086057,2.632562244554316,3.059954984165019,3.087097635242174,3.3839157650598284,1,1,0,0,0.9074000000000001,0.9026071428571429,5.0,5.0,6.0,54.54545454545454,50.0,-120,100,5,0
2025-26,2025-12-15,NSH,STL,516,2.707593762793528,3.30580963572555,3.020563640026394,3.33395171958376,2.7906601266298425,3.331408614692716,2.844927938145484,3.408997207978566,2,1,0,0,0.8969518518518519,0.8963666666666668,14.0,6.0,5.5,53.48837209302325,51.21951219512195,-115,-105,7,1
2025-26,2025-12-15,FLA,TBL,517,3.230519254503262,2.7222947296995947,3.20868924390178,3.1733212171291223,2.9713359780098005,2.85929243336528,3.061554734236228,3.18981713704205,1,1,0,0,0.900375,0.8924,8.0,14.0,6.0,51.21951219512195,53.48837209302325,-105,-115,7,1
2025-26,2025-12-15,OTT,WPG,518,3.045360766255881,3.1921011023997186,3.0618303607450437,3.1220463833523433,3.2833067233587636,2.9646744721718155,3.176903792567496,3.304657488907346,1,1,0,0,0.91962,0.8880333333333332,2.0,6.0,5.5,53.48837209302325,51.21951219512195,-115,-105,5,0
2025-26,2025-12-16,UTA,BOS,519,3.2515823996536772,3.112754605630617,3.1142886917356023,3.0298503125429437,3.26126377838778,2.9244128687298603,3.0009012723516446,3.052489688482119,1,1,0,0,0.9027333333333334,0.8843684210526316,11.0,2.0,6.0,52.38095238095239,52.38095238095239,-110,-110,5,0
2025-26,2025-12-16,ANA,CBJ,520,2.9841249529621825,3.4246915782319527,3.307746829948025,3.1894514809118766,3.0463715449413775,3.2516428437575913,3.125796751251384,3.2762999107841004,2,0,0,1,0.9164999999999999,0.9086888888888889,8.0,5.0,6.5,56.52173913043478,47.61904761904761,-130,110,7,1
2025-26,2025-12-16,NYI,DET,521,3.147137409635237,3.1987397151292742,3.0193263953622695,2.8086594209294646,3.240980735380222,3.434718186884554,2.9848177148360766,2.845560558303966,2,2,0,0,0.8981642857142856,0.9104666666666666,6.0,12.0,6.0,52.38095238095239,52.38095238095239,-110,-110,5,0
2025-26,2025-12-16,WSH,MIN,522,3.0866129117367653,2.653503430527561,3.259291535227292,2.8027761862677045,3.1942410411452125,2.8328320720839564,3.245528994217502,2.914201638733543,1,2,0,0,0.9102666666666667,0.89455,11.0,4.0,6.0,52.38095238095239,52.38095238095239,-110,-110,5,0
2025-26,2025-12-16,PHI,MTL,523,3.1453220793810233,3.3592303202684373,3.0180972991904156,2.9656742337638966,3.097493682639753,3.437332118375661,3.0041363300466446,3.0995207486038328,1,1,0,0,0.9034166666666668,0.9041827586206896,9.0,2.0,5.5,54.54545454545454,50.0,-120,100,5,0
2025-26,2025-12-16,VAN,NYR,524,2.8217348659751176,2.938397445455869,2.8070608884754744,3.302123949680632,2.570408911236646,3.098899089262736,2.995045759493011,3.213176601130007,0,1,1,0,0.9112470588235294,0.8967181818181819,5.0,8.0,5.5,53.48837209302325,51.21951219512195,-115,-105,3,0
2025-26,2025-12-16,EDM,PIT,525,3.131386808957762,3.2161519323434367,3.324729107656278,3.2700621966857906,3.1874730767492836,3.447209139332354,3.0233993050112287,3.186041197531127,1,1,0,0,0.8927333333333333,0.90196,13.0,10.0,6.5,52.38095238095239,52.38095238095239,-110,-110,10,1
2025-26,2025-12-16,COL,SEA,526,2.660010546191194,3.175703402710602,3.629964565634243,2.611944150899912,2.6799721533356204,2.9399403415083043,3.1665552331937232,2.7978562967792286,1,2,0,0,0.8871842105263156,0.9170363636363636,11.0,14.0,6.0,52.38095238095239,52.38095238095239,-110,-110,8,1
2025-26,2025-12-16,CGY,SJS,527,2.954515728869766,3.1819220340918686,2.863745239341948,2.8885502859063354,3.027987302321142,3.0460222367609133,2.667901130824378,3.1641635067423866,2,2,0,0,0.8989333333333335,0.9027999999999999,8.0,9.0,5.5,54.54545454545454,50.0,-120,100,9,1
2025-26,2025-12-16,CHI,TOR,528,3.125766844106991,3.087456662716033,2.796915333977745,3.1555189668154893,3.0777201096989875,3.1334532863606968,2.9099205690754273,3.3833128858451453,2,2,0,0,0.9152333333333333,0.9087333333333334,12.0,7.0,5.5,54.54545454545454,50.0,-120,100,5,0
2025-26,2025-12-17,UTA,DET,529,3.1410827741499783,3.156142263378469,3.0426482328413473,3.0634254679056587,3.228030480649926,3.366758181160744,2.922799734946852,3.092051125726441,0,0,1,1,0.8907481481481483,0.8953666666666665,6.0,2.0,6.0,51.21951219512195,53.48837209302325,-105,-115,5,0
2025-26,2025-12-17,LAK,FLA,530,3.267356498907551,3.1307589862077307,2.7405477751755742,2.7471516033481223,3.2159121263936243,3.111478904350884,2.9949830450340125,2.9394269496537375,1,1,0,0,0.89185,0.8968499999999999,14.0,3.0,5.5,53.48837209302325,51.21951219512195,-115,-105,5,0
2025-26,2025-12-17,CAR,NSH,531,3.089084763733412,3.2827621109997946,3.1624518152473504,2.891421879823933,3.104639974826051,3.2015960857321923,3.0953937297000027,2.8866195093437494,1,2,0,0,0.8966333333333334,0.9001117647058824,4.0,2.0,6.0,51.21951219512195,53.48837209302325,-105,-115,5,0
2025-26,2025-12-17,WPG,STL,532,2.6894323327372525,3.357974396334251,3.0083671162818915,3.1816993057367786,2.7601217063571513,3.3961024068124095,2.855929509005331,3.293490717244568,1,1,0,0,0.8948857142857143,0.9189307692307693,14.0,2.0,5.5,53.48837209302325,51.21951219512195,-115,-105,1,0
2025-26,2025-12-17,NJD,VGK,533,3.0477428027072664,2.9428117551631954,2.8706113961055957,3.1445956993178434,3.153710275398826,3.1696416719014824,2.974872123828416,3.2171982207336223,3,2,0,0,0.9038285714285715,0.9075814814814814,10.0,23.0,5.5,48.78048780487805,55.55555555555556,105,-125,3,0
2025-26,2025-12-18,EDM,BOS,534,3.269358814030502,3.0362281461481415,3.408920366353045,3.289407556621647,3.2822656035785718,2.8426970054753857,3.1415865987221094,3.2119167090465095,1,1,0,0,0.9036666666666666,0.9005307692307694,11.0,11.0,6.5,51.21951219512195,53.48837209302325,-105,-115,4,0
2025-26,2025-12-18,PHI,BUF,535,3.092869680241427,3.2565595798938207,3.0486670810307914,2.895918308465166,3.257261958028679,2.9166195755050754,3.0516992935813847,2.9917285638171576,3,1,0,0,0.9016629629629629,0.8762952380952381,10.0,2.0,6.0,54.54545454545454,50.0,-120,100,8,1
2025-26,2025-12-18,MIN,CBJ,536,3.0164338432863405,3.399734698676117,3.147287495328941,2.567535372680916,3.0815919639927474,3.233171739596767,2.8909418256270953,2.70070679992919,1,1,0,0,0.9159666666666666,0.8941545454545454,8.0,13.0,6.0,54.54545454545454,50.0,-120,100,7,1
2025-26,2025-12-18,SEA,CGY,537,2.8685724234322305,2.993631493696934,2.676541586145187,3.233985227353762,3.0441269498200256,2.712013384976758,2.834122885879691,3.301017438048025,1,1,0,0,0.9002666666666667,0.8976666666666666,8.0,13.0,5.5,54.54545454545454,50.0,-120,100,6,1
2025-26,2025-12-18,CHI,MTL,538,3.067672784428194,3.3726360480085344,2.770084595913621,3.1439336201258894,3.0024425629341143,3.4536002005213486,2.8718551549584617,3.352685799969919,1,1,0,0,0.8979142857142858,0.908,9.0,7.0,5.5,54.54545454545454,50.0,-120,100,5,0
2025-26,2025-12-18,PIT,OTT,539,3.054901780069517,3.0775589400913264,3.15814696558841,3.3071560276873395,2.9796434603742763,2.935950125393045,3.038907348380165,2.785197532075766,2,1,0,0,0.8891666666666665,0.8780999999999999,6.0,13.0,6.5,52.38095238095239,52.38095238095239,-110,-110,4,0
2025-26,2025-12-18,DAL,SJS,540,3.054886529718175,3.1688752313443773,3.2431084023587586,2.7334869383263856,3.1469412143901394,3.036269721182184,3.294832467315985,2.8816767495233204,1,2,0,0,0.8984399999999999,0.9074000000000001,7.0,7.0,6.0,52.38095238095239,52.38095238095239,-110,-110,8,1
2025-26,2025-12-18,NYR,STL,541,2.636093546091152,3.236373245000544,2.7282629822289612,2.9397184989516605,2.6942960360566497,3.2465250849713736,3.136575946440935,2.750564989155949,0,1,1,0,0.8796333333333333,0.9068,14.0,6.0,5.5,50.0,54.54545454545454,100,-120,3,0
2025-26,2025-12-18,LAK,TBL,542,3.1797289510600986,2.800529195492978,2.7158300815342695,2.7561874536005666,2.9241449908232937,2.948617651933672,2.949411473369298,2.938943225298911,2,0,0,1,0.9175000000000001,0.8968619047619047,7.0,3.0,5.5,51.21951219512195,53.48837209302325,-105,-115,3,0
2025-26,2025-12-18,TOR,WSH,543,3.1382520048780482,2.8762441027420893,3.112773911982477,3.0421259580925804,3.1782226760722505,2.779041771434354,3.234209998161974,3.1293031057778857,1,1,0,0,0.9184,0.8999380952380951,5.0,11.0,6.0,51.21951219512195,53.48837209302325,-105,-115,4,0
2025-26,2025-12-19,DAL,ANA,544,3.2857272886113384,3.2074556428068766,3.2963830115818995,2.745948027340881,3.4735015692255744,3.0503414422652684,3.355636859228281,2.8880986719929913,2,0,0,1,0.9045689655172414,0.9193454545454546,3.0,5.0,6.5,51.21951219512195,53.48837209302325,-105,-115,11,1
2025-26,2025-12-19,WPG,COL,545,3.6615645764232503,2.6288701367016127,2.9020774807044094,3.1003966354953425,3.9191344298766997,2.582386610318185,2.7353401700235485,3.187945202298819,2,1,0,0,0.9190666666666668,0.9203666666666666,14.0,0.0,6.0,53.48837209302325,51.21951219512195,-115,-105,5,0
2025-26,2025-12-19,CAR,FLA,546,3.2484952289943734,3.0849792413635697,3.183627384959225,2.8245458859943264,3.1971457310840985,3.058613862581358,3.126311082587935,2.8035492162774807,1,1,0,0,0.8938,0.9082727272727272,14.0,4.0,6.0,50.0,54.54545454545454,100,-120,7,1
2025-26,2025-12-19,VAN,NYI,547,2.979934309479721,2.8141121585905213,2.8139161064580924,3.1806464282870315,3.1005684604339363,2.9212585500656383,2.9936092066874096,3.0712168091422654,2,2,0,0,0.9092666666666667,0.9007739130434783,9.0,8.0,5.5,47.61904761904761,56.52173913043478,110,-130,5,0
2025-26,2025-12-19,NJD,UTA,548,3.0686456868364713,2.98818198790461,2.841369578666817,3.0672043588829605,3.2028416007177283,2.9839600921175444,2.932465204059145,3.117277618172903,1,1,0,0,0.8974333333333334,0.8839925925925926,2.0,23.0,5.5,54.54545454545454,50.0,-120,100,3,0
2025-26,2025-12-20,CBJ,ANA,549,3.272036105421227,3.365886687242177,2.9796530516369417,3.444497082907226,3.4412959928852342,3.2632170450188616,2.972140585704345,3.3711435511573957,0,1,1,0,0.9006000000000001,0.8844695652173913,3.0,9.0,6.5,57.446808510638306,46.51162790697674,-135,115,7,1
2025-26,2025-12-20,VAN,BOS,550,3.1863559177808254,3.0325341886482953,2.857268721551243,3.1033097495491395,3.18090625635265,2.85016887129788,3.0345891177097544,2.985638581443516,1,0,0,1,0.9029333333333334,0.886788888888889,11.0,8.0,5.5,54.54545454545454,50.0,-120,100,9,1
2025-26,2025-12-20,NYI,BUF,551,3.156197822456973,3.2430793594254395,2.914601687219367,2.858213115395723,3.32460521439264,2.921313395414312,2.94043647007602,2.8468361717381665,1,0,0,1,0.9011928571428571,0.8964714285714286,13.0,9.0,6.0,54.54545454545454,50.0,-120,100,5,0
2025-26,2025-12-20,VGK,CGY,552,2.9076057051174917,2.9589569802763167,2.974134566686537,2.90913191555696,3.084376907418698,2.684472009429579,2.970658567932912,2.804399820058042,1,2,0,0,0.9097999999999999,0.9180185185185186,8.0,10.0,5.5,52.38095238095239,52.38095238095239,-110,-110,9,1
2025-26,2025-12-20,STL,FLA,553,3.27120511776727,3.0823739085786612,2.5882414774077365,3.1910063669689626,3.227607314429811,3.0563017640732046,2.785150622349261,3.2418395589572344,0,1,1,0,0.8937523809523809,0.8983896551724138,14.0,14.0,5.5,53.48837209302325,51.21951219512195,-115,-105,8,1
2025-26,2025-12-20,EDM,MIN,554,3.2075489867654805,2.557004969781051,3.388309263413454,3.207764350074476,3.255698645466297,2.722670262967716,3.1340857317957997,3.121937883451293,1,1,0,0,0.9126666666666667,0.8768272727272727,6.0,13.0,6.5,53.48837209302325,51.21951219512195,-115,-105,7,1
2025-26,2025-12-20,PIT,MTL,555,3.0987127025864125,3.2862104590543164,3.0486641104202468,3.3262413677785934,3.04473309380375,3.344732113326162,2.910258792198253,2.843329381294729,1,1,0,0,0.9004076923076924,0.8898,9.0,13.0,6.5,51.21951219512195,53.48837209302325,-105,-115,4,0
2025-26,2025-12-20,TOR,NSH,556,3.0128844210066728,3.2986805315129257,3.0072297675376154,3.0766995765488163,3.0153853146325957,3.2240285172255945,3.082699124506331,3.1715934238647514,2,1,0,0,0.8973,0.9155210526315789,6.0,11.0,6.0,52.38095238095239,52.38095238095239,-110,-110,8,1
2025-26,2025-12-20,PHI,NYR,557,2.709972493127469,2.8771508788481355,3.0477129363285007,2.9711972418978614,2.4706829558505916,3.090546799216594,3.045387214622592,3.0879427948475966,1,1,0,0,0.9080666666666667,0.8750909090909093,7.0,4.0,5.5,51.21951219512195,53.48837209302325,-105,-115,9,1
2025-26,2025-12-20,CHI,OTT,558,3.088221365171895,2.973284118614563,2.716071330077471,3.171956846327444,3.030461422413384,2.809440698184864,2.7958179381511306,3.377852408799463,1,1,0,0,0.9037999999999999,0.88705,5.0,9.0,5.5,54.54545454545454,50.0,-120,100,10,1
2025-26,2025-12-20,SEA,SJS,559,3.056275306277827,3.231582415440524,2.6624140710256605,3.2590535213801104,3.1452408727280625,3.1169333424023473,2.799175457426357,3.3347517670419005,1,1,0,0,0.8989333333333335,0.8998,8.0,13.0,6.0,54.54545454545454,50.0,-120,100,6,
2025-26,2025-12-20,CAR,TBL,560,3.1073059211916703,2.781747162352955,3.1792163064950953,2.872725779046542,2.854441923647774,2.913176300717661,3.1211484823152698,2.8674983589888723,1,0,0,1,0.9170333333333335,0.9044444444444445,6.0,6.0,5.5,53.48837209302325,51.21951219512195,-115,-105,10,1
2025-26,2025-12-20,DET,WSH,561,3.172059498348572,2.788328264179742,3.066921456858744,3.182039776641741,3.2205874192389183,2.675047826671972,3.0122613918545547,2.9647648631483756,1,2,0,0,0.9202666666666667,0.8978896551724137,4.0,6.0,5.5,54.54545454545454,50.0,-120,100,7,1
2025-26,2025-12-21,OTT,BOS,562,3.2177972436999798,3.1052853875686717,3.1893805325184426,3.0127430559903305,3.222740880060033,2.9450595792563674,3.164238160822645,3.247375006823932,0,0,1,1,0.8904304347826087,0.8924333333333334,11.0,5.0,6.0,51.21951219512195,53.48837209302325,-105,-115,8,1
2025-26,2025-12-21,TOR,DAL,563,3.456865931914931,2.767817884565804,3.013400466225808,3.1469435714577676,3.1502960918854135,2.7559816244548374,3.086005608565615,3.2567539173252698,1,0,0,1,0.9078666666666667,0.8980545454545453,5.0,11.0,6.0,54.54545454545454,50.0,-120,100,6,
2025-26,2025-12-21,WSH,DET,564,3.132421581351868,3.1414418451249984,3.1317080500558814,2.868704204831215,3.1346795602731863,3.38504305451975,3.104394387674731,3.0076274319429133,0,0,1,1,0.8894357142857144,0.8916857142857143,4.0,4.0,6.0,52.38095238095239,52.38095238095239,-110,-110,5,0
2025-26,2025-12-21,VGK,EDM,565,3.3405040410244085,3.269425651937838,2.9828798637580234,3.023597372234258,3.509255485008591,3.324475419899373,2.977263554521435,2.954969557783759,0,0,1,1,0.8889812500000001,0.9089000000000002,10.0,10.0,6.5,51.21951219512195,53.48837209302325,-105,-115,7,1
2025-26,2025-12-21,COL,MIN,566,3.2695262974232917,2.552304116643062,3.634047555206856,2.6214026244067288,3.330876744335386,2.702140294677415,3.2381023864261076,2.8162654633487114,0,1,1,0,0.8957782608695651,0.9172391304347826,6.0,14.0,6.0,55.55555555555556,48.78048780487805,-125,105,6,
2025-26,2025-12-21,BUF,NJD,567,2.823360814723966,3.0038778997225766,3.1552436478965036,3.203741051866933,2.9206484994381174,3.005653391569598,2.9277621111202783,3.4888204658702673,1,0,0,1,0.9107142857142857,0.88545,16.0,13.0,6.5,51.21951219512195,53.48837209302325,-105,-115,4,0
2025-26,2025-12-21,NYR,NSH,568,3.0854877615498126,3.288668304511591,2.795993712049425,2.9214385800979144,3.0993565625054442,3.2173692525883064,3.093944471918938,2.6916280922927713,0,0,1,1,0.8740500000000001,0.9106555555555556,6.0,8.0,6.0,52.38095238095239,52.38095238095239,-110,-110,3,0
2025-26,2025-12-21,MTL,PIT,569,2.9482898942392657,3.3467778776556107,3.13089813677542,3.1742257974436012,3.218979279085218,3.5463010803425252,3.208144516141743,3.1624418635735028,0,0,1,1,0.8769,0.898551724137931,13.0,11.0,6.5,51.21951219512195,53.48837209302325,-105,-115,7,1
2025-26,2025-12-21,WPG,UTA,570,3.0045126341495405,2.9613460397285194,2.8787206435223576,3.100538550198788,3.112933821219323,2.9463527015680184,2.7155050305737065,3.1847762336220686,1,1,0,0,0.8977666666666667,0.9191785714285715,2.0,0.0,5.5,53.48837209302325,51.21951219512195,-115,-105,7,1
2025-26,2025-12-22,SEA,ANA,571,3.29858711763034,3.3542154227042578,2.7163461827032944,3.21341277956637,3.467096089577205,3.251677245383048,2.858659093896193,3.2716855746257827,1,1,0,0,0.9001333333333332,0.8873999999999999,4.0,13.0,6.5,53.48837209302325,51.21951219512195,-115,-105,4,0
2025-26,2025-12-22,CBJ,LAK,572,2.701622702574389,2.706024161298216,2.9871675735605203,3.461532741838322,2.6275082871287903,2.7350031722528394,2.9789786678756807,3.398589295398049,3,1,0,0,0.9007818181818181,0.9154333333333333,3.0,8.0,5.5,54.54545454545454,50.0,-120,100,4,0
2025-26,2025-12-22,VAN,PHI,573,3.0819720239220016,3.043299441653242,2.9372866479483144,3.1369627296578524,3.02722587975494,2.8731096655137756,3.1163855267665665,3.0335838137657456,1,1,0,0,0.9055666666666667,0.9030666666666667,2.0,8.0,5.5,47.61904761904761,56.52173913043478,110,-130,7,1
2025-26,2025-12-22,STL,TBL,574,3.203481621539809,2.827569725479181,2.712864143106709,3.15206896336702,2.986184569507802,2.961464470276524,2.927266358901312,3.191218398037581,1,1,0,0,0.9145000000000001,0.8822333333333333,6.0,14.0,5.5,53.48837209302325,51.21951219512195,-115,-105,5,0
2025-26,2025-12-23,MTL,BOS,575,3.172362925631663,3.19832928599829,3.1243789148119494,3.1988662721923844,3.169210665764012,3.0646205271022073,3.192490794537965,3.196836852423874,1,1,0,0,0.9011999999999999,0.9079428571428573,10.0,11.0,6.0,52.38095238095239,52.38095238095239,-110,-110,8,1
2025-26,2025-12-23,FLA,CAR,576,3.2046989577084664,2.9813194698409378,3.2278636454036467,3.183271642311967,3.240723708571461,2.968904565333419,3.1458430021670942,3.1302141904831537,2,2,0,0,0.8848916666666667,0.8940666666666666,9.0,14.0,6.0,52.38095238095239,52.38095238095239,-110,-110,7,1
2025-26,2025-12-23,PHI,CHI,577,2.7671549829356605,3.2666390505126137,3.146983782073775,3.009476190577409,2.913067273002078,2.820014899556081,3.09305672212684,3.171063836048971,2,0,0,1,0.9079333333333334,0.8740130434782608,9.0,2.0,5.5,53.48837209302325,51.21951219512195,-115,-105,4,0
2025-26,2025-12-23,UTA,COL,578,3.6670107953573554,2.5723968625954012,3.037406875936037,2.963453035553268,3.8637876621045217,2.5732876121532615,2.9665220343651475,3.005795890537531,1,1,0,0,0.9188,0.8814499999999998,14.0,4.0,6.0,54.54545454545454,50.0,-120,100,1,0
2025-26,2025-12-23,DAL,DET,579,3.1224013194657174,3.0977795988439465,3.496559694854533,2.7100420656123596,3.1198299267234635,3.3198233958840784,3.541481404434722,2.8977189056412596,1,1,0,0,0.8987,0.9178217391304347,5.0,5.0,6.0,52.38095238095239,52.38095238095239,-110,-110,7,1
2025-26,2025-12-23,CGY,EDM,580,3.3537062925897447,3.25308384912349,3.0159241383350786,2.964460384355264,3.5124256486386325,3.302247653935834,2.685584822582046,3.2695073311610203,1,2,0,0,0.8836545454545455,0.9006666666666666,10.0,8.0,6.5,54.54545454545454,50.0,-120,100,6,0
2025-26,2025-12-23,SEA,LAK,581,2.648907393023579,2.720306955916244,2.72946558367968,3.132889845539015,2.5654085883919673,2.750562565552744,2.865628835743898,3.1690570649757643,0,0,1,1,0.8984818181818182,0.9017333333333333,3.0,11.0,5.5,50.0,54.54545454545454,100,-120,5,0
2025-26,2025-12-23,NSH,MIN,582,3.18610351934124,2.6382971613908675,3.0449042206437533,3.203941194058418,3.227861906852076,2.7955188157451376,2.943027450103363,3.330042777222741,1,1,0,0,0.9133333333333333,0.8966333333333334,4.0,6.0,6.0,52.38095238095239,52.38095238095239,-110,-110,5,0
2025-26,2025-12-23,NJD,NYI,583,2.8877993056232008,2.8677042903715178,2.7620437162497455,3.000047750357776,3.0167760860882766,2.96849578727376,2.8973888800718903,3.032728711685012,2,1,0,0,0.8985454545454545,0.8879571428571429,11.0,16.0,5.5,55.55555555555556,53.48837209302325,-125,-115,3,0
2025-26,2025-12-23,BUF,OTT,584,3.2761156494965835,2.9741805079534824,3.1424647403497667,3.121222393547775,3.1522726873241464,2.8643362266182395,2.9267127653038654,3.368289996109526,1,1,0,0,0.8927666666666667,0.9028551724137931,5.0,13.0,6.5,48.78048780487805,55.55555555555556,105,-125,5,0
2025-26,2025-12-23,PIT,TOR,585,2.9401692261922894,3.2012434950567887,2.981257280376308,3.3254792841689422,3.0655415184058654,3.08004894998738,2.7894660942674494,2.894680754162024,1,1,0,0,0.9149499999999999,0.889,11.0,13.0,6.5,51.21951219512195,53.48837209302325,-105,-115,9,1
2025-26,2025-12-23,SJS,VGK,586,2.9798707661125183,3.05231267471825,3.0179066963789456,3.2509689886701936,3.0592898814882123,3.1127287879149597,2.933388010554812,3.2951665202573532,1,2,0,0,0.90425,0.8989999999999999,10.0,8.0,6.0,53.48837209302325,51.21951219512195,-115,-105,9,1
2025-26,2025-12-23,NYR,WSH,587,3.088286103553475,2.8722133393239173,2.738048634712936,2.890096424044521,3.164431854960305,2.772055441226218,3.0031289879376883,2.6715373346710543,1,1,0,0,0.9192666666666667,0.9071333333333332,4.0,7.0,5.5,50.0,54.54545454545454,100,-120,10,1
2025-26,2025-12-27,BOS,BUF,588,3.1390581545153355,3.085519055343117,3.1315310499471884,3.288106935999588,3.3126410945733484,2.886870939856942,3.136077819322932,3.270873101609006,3,3,0,0,0.8895333333333333,0.8856166666666666,13.0,11.0,6.5,52.38095238095239,52.38095238095239,-110,-110,5,0
2025-26,2025-12-27,DET,CAR,589,3.160690571423854,3.048982932832397,3.1511703055077995,3.094818225150989,3.1875151182675245,3.0495370983931758,3.091400157907008,2.924382033502595,3,3,0,0,0.9095217391304348,0.8979666666666667,7.0,5.0,6.0,53.48837209302325,51.21951219512195,-115,-105,7,1
2025-26,2025-12-27,EDM,CGY,590,2.9507787217066834,3.034669900108942,3.403701481562053,3.1762662047463244,3.217421991596775,2.704843054388447,3.0853295086903874,3.200009943579593,3,3,0,0,0.8998,0.8880833333333333,8.0,10.0,6.5,54.54545454545454,50.0,-120,100,5,0
2025-26,2025-12-27,CHI,DAL,591,3.4732347702595447,2.7596986141973714,2.7119099022050617,3.2524590009397563,3.2239997028515974,2.6822049711304707,2.847581042830123,3.4783528147971845,3,3,0,0,0.9094666666666668,0.8849619047619048,6.0,9.0,5.5,54.54545454545454,50.0,-120,100,7,1
2025-26,2025-12-27,TBL,FLA,592,3.2830465894446363,3.1405791676740233,3.2267762162626457,2.7700468053039504,3.1829784380703994,3.1691576184258743,3.3549165939309713,2.7488001758697305,3,4,0,0,0.8942,0.9157666666666667,13.0,8.0,5.5,54.54545454545454,50.0,-120,100,6,1
2025-26,2025-12-27,ANA,LAK,593,2.6355483225230665,2.736662308791693,3.2161562763602283,3.3352995764696827,2.5568705124110096,2.766390202826087,3.1142048624325263,3.299537182667105,3,4,0,0,0.9007739130434781,0.9001333333333332,3.0,3.0,6.0,53.48837209302325,51.21951219512195,-115,-105,7,1
2025-26,2025-12-27,WSH,NJD,594,2.710825793507048,2.969833793159046,3.086241103676403,3.0139448392310473,2.8464853954774534,2.998684339214341,3.050129371955147,3.008537246940237,3,3,0,0,0.9108896551724138,0.9149333333333334,16.0,2.0,5.5,53.48837209302325,51.21951219512195,-115,-105,7,1
2025-26,2025-12-27,NYR,NYI,595,2.8636208625210746,2.8113734306956393,2.8852100840497967,2.8983865032962925,2.9853202499823905,2.8902872573459755,3.1593995969223174,2.6965365194126907,3,3,0,0,0.9019521739130435,0.9070666666666667,10.0,7.0,5.5,51.21951219512195,53.48837209302325,-105,-115,2,0
2025-26,2025-12-27,NSH,STL,596,2.6610455807063325,3.176861851780016,3.0441170850649844,3.1615756802149453,2.6407288186505364,3.189088467102099,2.9427934025982188,3.2726437226588754,4,3,0,0,0.8996999999999999,0.8977,10.0,4.0,5.5,54.54545454545454,50.0,-120,100,5,0
2025-26,2025-12-27,OTT,TOR,597,3.046323249109681,3.1937849643790135,3.231047859709106,2.9780481650949353,3.187686256660509,3.0724284682737486,3.2668715930816266,3.1929262308931983,3,3,0,0,0.9145142857142856,0.8926333333333332,11.0,5.0,6.0,53.48837209302325,51.21951219512195,-115,-105,12,1
2025-26,2025-12-27,SJS,VAN,598,2.908551269311295,3.1981183131454016,2.9877161403193635,3.3747572162250545,2.7803818614764464,3.3427322471525867,2.8947269353471836,3.4537065158636926,4,3,0,0,0.90244,0.8966666666666666,5.0,8.0,6.0,53.48837209302325,51.21951219512195,-115,-105,9,1
2025-26,2025-12-27,COL,VGK,599,3.1202917351189616,3.0209135601979757,3.568157256845346,2.496508780904259,3.232863298013805,3.065054575348825,3.300183395883735,2.7501402847089595,3,3,0,0,0.9047117647058824,0.9217333333333334,10.0,14.0,6.0,54.54545454545454,50.0,-120,100,11,1
2025-26,2025-12-27,MIN,WPG,600,2.8879038799434813,3.131838501587691,3.149297656759937,2.662332927295431,3.228612975931638,2.963388497400739,2.98362336869604,2.6912500723155555,5,3,0,0,0.9164482758620689,0.8956583333333333,0.0,4.0,5.5,55.55555555555556,48.78048780487805,-125,105,7,1
2025-26,2025-12-28,NYI,CBJ,601,2.991417644556017,3.374579450369068,2.841762470988306,2.726207089936649,3.047127288843045,3.3042888853439187,2.905446827493052,2.8725614906921932,5,0,0,1,0.9167666666666666,0.9058666666666667,8.0,10.0,6.0,53.48837209302325,51.21951219512195,-115,-105,6,
2025-26,2025-12-28,PIT,CHI,602,2.7647971903538755,3.24451073914697,2.989926345572074,3.416597408714543,2.8464388251423487,2.829131538564828,2.8061844206897892,3.039088830594433,0,4,1,0,0.9080666666666666,0.8769923076923077,7.0,10.0,6.0,51.21951219512195,53.48837209302325,-105,-115,10,1
2025-26,2025-12-28,TOR,DET,603,3.116822117610399,3.161706631747984,3.1837932610096566,3.257349685521331,3.165562017089498,3.303602012580006,2.993120150440403,3.3337965700998344,0,0,1,1,0.8917655172413793,0.8952130434782609,4.0,11.0,6.5,50.0,54.54545454545454,100,-120,5,0
2025-26,2025-12-28,PHI,SEA,604,2.7500123489697104,3.0989147933604686,3.143745629219771,2.9465367579402337,2.7087413737342114,3.0279146330302265,3.0869771285454486,3.0860216172992754,4,4,0,0,0.8937952380952381,0.9059,8.0,2.0,5.5,52.38095238095239,52.38095238095239,-110,-110,5,0
2025-26,2025-12-28,MTL,TBL,605,3.2535582814172583,2.7538346233040327,3.2223869694033693,3.1603414830128957,3.0372047123584074,2.884354831551988,3.3073036244429725,3.1523298884110247,0,4,1,0,0.8962,0.9092666666666667,6.0,11.0,6.5,50.0,54.54545454545454,100,-120,9,1
2025-26,2025-12-29,SJS,ANA,606,3.1453446812135617,3.4233414385219936,3.0926829052547635,3.3610931619094715,3.3659920903244305,3.2364328228965045,3.030588437344512,3.4316918101410567,1,1,0,0,0.8970666666666667,0.8964666666666666,6.0,8.0,6.5,57.446808510638306,46.51162790697674,-135,115,9,1
2025-26,2025-12-29,NYR,CAR,607,3.226111385256703,3.0205773300369474,2.799574125779325,2.877326271182564,3.2679489932306427,3.012139554318076,3.041549156965937,2.6849483806903156,1,1,0,0,0.9092583333333334,0.9080666666666667,9.0,7.0,5.5,54.54545454545454,50.0,-120,100,5,0
2025-26,2025-12-29,BOS,CGY,608,2.959861800572058,3.006504112575,3.0657506870253823,3.3127958977384253,3.214121555894346,2.6881369847602206,3.0493113695208542,3.307308239782535,1,1,0,0,0.9009333333333333,0.8982666666666667,8.0,5.0,6.0,53.48837209302325,51.21951219512195,-115,-105,3,0
2025-26,2025-12-29,LAK,COL,609,3.6426702955284,2.5926679668509927,2.759443474146741,2.6894818723804694,3.7397556621032937,2.4741509802326234,2.9169235734514913,2.879008916643342,1,1,0,0,0.9195333333333334,0.9032166666666667,14.0,3.0,6.0,51.21951219512195,53.48837209302325,-105,-115,7,1
2025-26,2025-12-29,WSH,FLA,610,3.2413313715705674,3.1725137273310775,3.1205096679082462,3.0189075692006115,3.144432482040388,3.200641711546947,3.0920212511401983,3.0177963356858997,1,1,0,0,0.8938666666666667,0.9150666666666666,13.0,2.0,5.5,55.55555555555556,48.78048780487805,-125,105,8,1
2025-26,2025-12-29,CBJ,OTT,611,3.293294931672885,3.119599960114691,3.0281425985334565,3.325340452910494,3.1205990922095093,2.876317538575315,2.9791698953962613,3.3093603484400678,1,0,0,1,0.8994500000000001,0.9171666666666667,2.0,9.0,6.5,53.48837209302325,51.21951219512195,-115,-105,5,0
2025-26,2025-12-29,VAN,SEA,612,2.7982051261716627,3.0289732100997253,2.9186885488585483,3.292982537991401,2.7736268166488958,2.9435135906523753,3.070282878956928,3.12291712012293,0,1,1,0,0.9035333333333334,0.8880785714285714,8.0,5.0,5.5,53.48837209302325,51.21951219512195,-115,-105,5,0
2025-26,2025-12-29,BUF,STL,613,2.684708565923708,3.1416455460379065,3.1707625142719023,3.020421035766432,2.671431017698569,3.1451914735959177,2.935296711447493,3.3210190627010365,1,1,0,0,0.9013000000000001,0.9035,12.0,13.0,6.0,51.21951219512195,53.48837209302325,-105,-115,6,
2025-26,2025-12-29,NSH,UTA,614,2.9422428898762023,2.9048243895812766,3.015230612822084,3.159860402987014,3.158262369993375,2.950216019104744,2.9117487926265393,3.2639250316148596,5,1,0,0,0.885804761904762,0.8969,4.0,4.0,5.5,54.54545454545454,50.0,-120,100,7,1
2025-26,2025-12-29,MIN,VGK,615,3.1853067611103185,3.124435449383607,3.1773658389176065,2.6822301110633315,3.305612151044374,3.18841865100408,3.0290201685748177,2.715435332740419,1,1,0,0,0.9022000000000001,0.9128666666666667,10.0,4.0,6.0,50.0,54.54545454545454,100,-120,7,1
2025-26,2025-12-29,EDM,WPG,616,2.8968253913431226,3.1615915214117134,3.356642018663762,3.1735032796235934,3.2174422042543442,3.0116762201298255,3.049280503551094,3.1958652443972806,1,1,0,0,0.9135000000000001,0.8779695652173913,0.0,6.0,6.5,50.0,54.54545454545454,100,-120,4,0
2025-26,2025-12-30,NYI,CHI,617,2.7789541298531786,3.3662015432286223,2.81910677882948,2.774986097736181,2.8572369292510604,3.0074087751830363,2.8740818249720848,2.9232156484955816,1,1,0,0,0.9052,0.90604,7.0,10.0,5.5,53.48837209302325,51.21951219512195,-115,-105,5,0
2025-26,2025-12-30,MTL,FLA,618,3.295654521821075,3.1643716192101645,3.245395836110035,3.2194882367050286,3.208835120845079,3.1930900694529285,3.332340361693294,3.224100468269013,0,1,1,0,0.8909727272727271,0.87494,13.0,11.0,6.5,51.21951219512195,53.48837209302325,-105,-115,5,0
2025-26,2025-12-30,CAR,PIT,619,3.124632957359999,3.396753093690378,3.213801383122354,2.9857374036283044,3.252236923874719,3.5144804944314396,3.1591304092910946,3.0029206697312496,1,0,0,1,0.8883333333333333,0.8808799999999999,10.0,9.0,6.5,50.0,54.54545454545454,100,-120,6,0
2025-26,2025-12-30,NJD,TOR,620,3.1416676067866116,3.244465779154374,2.7300867577692856,3.0089052232591285,3.3352433435342963,3.1529173056291646,2.827223385259761,3.0024306181349414,1,2,0,0,0.9108818181818182,0.8890310344827587,14.0,16.0,5.5,54.54545454545454,50.0,-120,100,4,0
2025-26,2025-12-30,PHI,VAN,621,2.9221408436213543,3.244417308796614,3.0699094931864006,2.982331527035286,2.7984718393576857,3.452598244907537,2.996147676148701,3.1238755379948393,0,1,1,0,0.9001923076923077,0.9054333333333332,5.0,2.0,5.5,51.21951219512195,53.48837209302325,-105,-115,9,1
2025-26,2025-12-31,TBL,ANA,622,3.171047738457207,3.46778251633084,3.3077784885291286,2.800486143918226,3.382990641595486,3.3031048080275127,3.3788729229046646,2.730741464911471,1,2,0,0,0.8938666666666667,0.9161,3.0,6.0,6.5,52.38095238095239,52.38095238095239,-110,-110,7,1
2025-26,2025-12-31,NJD,CBJ,623,3.0598379766838675,3.2429740577132686,2.647122526034843,3.043024461663349,3.087828267554065,3.245768477444565,2.720855393278772,3.0445477420925813,1,0,0,1,0.9187,0.9096,12.0,16.0,6.0,52.38095238095239,52.38095238095239,-110,-110,5,0
2025-26,2025-12-31,PHI,CGY,624,2.9287354546039555,2.94022350670592,3.1673749773297453,2.9853033071475026,3.1578130560288415,2.627276741429653,3.1225614341508274,3.117461901943188,1,0,0,1,0.9023333333333333,0.8768166666666666,8.0,2.0,5.5,54.54545454545454,50.0,-120,100,6,1
2025-26,2025-12-31,STL,COL,625,3.6765235730579824,2.5809723690862407,2.6683880026912337,3.1675815046346094,3.775139842401513,2.467529669325496,2.8512038899145695,3.2292616441192314,1,1,0,0,0.91954,0.8799666666666667,16.0,12.0,6.0,53.48837209302325,51.21951219512195,-115,-105,7,1
2025-26,2025-12-31,BUF,DAL,626,3.4547075284039255,2.81004889598561,3.195777531805151,2.987116752014842,3.2196375456167443,2.745672379052524,2.979005130189711,3.2632071693758595,3,1,0,0,0.9149499999999998,0.8924363636363637,5.0,13.0,6.0,54.54545454545454,50.0,-120,100,5,0
2025-26,2025-12-31,WPG,DET,627,3.111146022876546,3.1211538223337416,2.8356193409260255,3.1532007583601107,3.15823615538033,3.244482851096064,2.7323170897645666,3.2220350193258427,2,1,0,0,0.8980333333333335,0.9133,3.0,0.0,6.0,51.21951219512195,53.48837209302325,-105,-115,3,0
2025-26,2025-12-31,BOS,EDM,628,3.3376016965304887,3.0984355884386896,2.995730029596084,3.2629691738845645,3.5769595501326665,3.196294682484272,2.9632343416071913,3.247426044373531,1,1,0,0,0.8892923076923077,0.8982666666666667,6.0,5.0,6.5,52.38095238095239,52.38095238095239,-110,-110,8,1
2025-26,2025-12-31,MIN,SJS,629,3.1532134027521663,3.3752551126237655,3.2334191512372903,2.665328909503559,3.102054984834862,3.1521287818143144,3.1084302281811427,2.692250077266469,1,1,0,0,0.8968000000000002,0.89554,9.0,4.0,6.5,51.21951219512195,53.48837209302325,-105,-115,7,1
2025-26,2025-12-31,NSH,VGK,630,3.1426484709354394,3.184432893625208,3.0477033068200314,3.151995321923117,3.2470273225524906,3.256562792555179,2.959324793921554,3.2473342925228788,1,1,0,0,0.9153103448275863,0.876495238095238,10.0,4.0,6.0,53.48837209302325,51.21951219512195,-115,-105,6,
2025-26,2025-12-31,NYR,WSH,631,3.1144511283025826,3.08357814466186,2.7761276835927,2.882441730763587,3.162330940507525,2.9493987429953163,3.0007890213240778,2.7015018389626073,1,1,0,0,0.8915454545454544,0.9138684210526314,2.0,5.0,5.5,54.54545454545454,50.0,-120,100,9,1
2025-26,2026-01-01,MTL,CAR,632,3.1393418641813473,3.053993215925146,3.234581620508382,3.177188440736223,3.2519623004639793,2.971312926019136,3.3106990945067336,3.1751456690361906,1,1,0,0,0.90896,0.8987666666666667,9.0,11.0,6.0,52.38095238095239,52.38095238095239,-110,-110,12,1
2025-26,2026-01-01,DAL,CHI,633,2.7604038292508335,3.350751179964127,3.370047925430003,2.8556704498190046,2.8315739774626216,3.008845296425961,3.5131693237241923,2.958950130492194,1,0,0,1,0.9051333333333335,0.9094,7.0,5.0,5.5,52.38095238095239,52.38095238095239,-110,-110,7,1
2025-26,2026-01-01,TBL,LAK,634,2.7419868665464198,2.774530764305258,3.3288663113614714,2.8144308883707887,2.7216769129397584,2.7058242588240016,3.3990320860653207,2.753328743900035,2,0,0,1,0.9184333333333333,0.8956692307692307,3.0,6.0,5.5,53.48837209302325,51.21951219512195,-115,-105,8,1
2025-26,2026-01-01,UTA,NYI,635,2.832085386335773,2.757564560392195,2.9488931856805665,2.9459758924090607,2.9560652877887286,2.7897088873712974,2.8587505128933275,2.9438599702072046,1,2,0,0,0.9059076923076923,0.8974999999999999,10.0,2.0,5.5,54.54545454545454,50.0,-120,100,9,1
2025-26,2026-01-01,WSH,OTT,636,3.216328549229814,3.15041451723799,3.2122180461593546,3.085040174668318,3.0309689948775036,2.9350204240035813,3.0962456372768754,3.097883727393033,2,0,0,1,0.8959095238095238,0.9135333333333333,2.0,2.0,6.0,50.0,54.54545454545454,100,-120,7,1
2025-26,2026-01-01,DET,PIT,637,3.190029735362821,3.316380928709128,3.0788544354418645,3.0559089533376964,3.324494821638805,3.4088507613876446,3.0573617566210585,3.020694011102909,1,0,0,1,0.8769777777777777,0.893,10.0,3.0,6.5,52.38095238095239,52.38095238095239,-110,-110,7,1
2025-26,2026-01-01,NSH,SEA,638,2.7801668049990185,3.0323090531744286,3.084256002919614,3.117682880167666,2.750038858093577,2.9561380040853353,3.011680518182548,3.1973281352361447,2,0,0,1,0.8979454545454545,0.8970333333333333,8.0,4.0,5.5,53.48837209302325,51.21951219512195,-115,-105,5,0
2025-26,2026-01-01,WPG,TOR,639,3.1729777414976295,3.13939498185662,2.783726582180787,3.118139669389879,3.360620526268439,3.0367111888713048,2.6775350882702793,3.174940399688352,1,0,0,1,0.9151434782608695,0.8972999999999999,13.0,0.0,6.0,52.38095238095239,52.38095238095239,-110,-110,11,1
2025-26,2026-01-02,MIN,ANA,640,3.169358644652776,3.483788189433594,3.229214114644612,2.7220027868793535,3.3687284514913394,3.331802134561035,3.110458933290961,2.7611095045728082,1,1,0,0,0.8930666666666667,0.9123333333333332,2.0,4.0,6.5,51.21951219512195,53.48837209302325,-105,-115,7,1
2025-26,2026-01-02,NYR,FLA,641,3.254937068567786,3.1630885027934132,2.7947538727129997,2.9926586611141457,3.168403246912046,3.1891435697418005,3.009588003432036,2.838837576001029,2,1,0,0,0.8938666666666667,0.9082,13.0,9.0,5.5,52.38095238095239,52.38095238095239,-110,-110,6,1
2025-26,2026-01-02,VGK,STL,642,2.627282668606357,3.263759784207088,3.1099520885945537,3.21557656486093,2.6561283166584926,3.186352676930435,2.989615463681338,3.0077569992580093,1,1,0,0,0.9016333333333333,0.8944842105263158,12.0,11.0,5.5,55.55555555555556,48.78048780487805,-125,105,7,1
2025-26,2026-01-02,SEA,VAN,643,2.934347746123136,3.3387144447710093,2.827420832865366,2.9677926450854963,2.818983400673293,3.561702130249756,2.8878379368869305,3.133617962950606,2,0,0,1,0.8989333333333334,0.9038666666666667,9.0,8.0,5.5,53.48837209302325,51.21951219512195,-115,-105,7,1
2025-26,2026-01-03,COL,CAR,644,3.2047282577226475,3.188910713155344,3.748487963644969,2.5443578889796314,3.3202742927680275,3.139651687625255,3.415385035565234,2.852520621516727,1,2,0,0,0.8783769230769232,0.9183333333333333,8.0,19.0,6.5,54.54545454545454,50.0,-120,100,8,1
2025-26,2026-01-03,BUF,CBJ,645,3.031971769380409,3.2386427537675027,3.226760457565034,2.930264164513288,3.0489269227644744,3.2426698038402257,3.034642311503521,3.1728537481722956,2,2,0,0,0.9187,0.896095652173913,14.0,15.0,6.5,50.0,54.54545454545454,100,-120,6,0
2025-26,2026-01-03,NSH,CGY,646,3.005759908113942,2.886193277548929,3.0185876048277605,3.1481909203109977,3.2377700856972194,2.580768923523716,2.935289656886592,3.230063279783885,2,1,0,0,0.9036666666666666,0.8964333333333333,8.0,4.0,5.5,55.55555555555556,48.78048780487805,-125,105,7,1
2025-26,2026-01-03,PIT,DET,647,3.0791857807874212,3.089677783192875,3.2175400105020966,3.3047062520282604,3.117759135117374,3.16652662565584,2.9923256075959253,3.044295675968315,1,1,0,0,0.8997666666666666,0.8905333333333334,3.0,10.0,6.5,51.21951219512195,53.48837209302325,-105,-115,5,0
2025-26,2026-01-03,PHI,EDM,648,3.297368570886141,3.199980009853223,3.101456571432688,3.059774508850442,3.5053397882030852,3.3248513402133018,3.0468357682849527,3.198244083541147,2,2,0,0,0.8849666666666667,0.9056333333333332,6.0,2.0,6.5,52.38095238095239,52.38095238095239,-110,-110,7,1
2025-26,2026-01-03,MIN,LAK,649,2.760880478148522,2.8573700413155456,3.28523675586897,2.706397580914457,2.741960611246298,2.817726695347263,3.1899318797921583,2.7358369169460097,1,0,0,1,0.9161666666666667,0.8955923076923077,3.0,4.0,5.5,52.38095238095239,52.38095238095239,-110,-110,9,1
2025-26,2026-01-03,UTA,NJD,650,2.673717898884542,3.0170884874843673,3.0873515556625186,2.9223177102179236,2.866543589883416,3.0591516327088377,3.025979955218563,2.913732626172637,2,1,0,0,0.8893000000000001,0.8977666666666667,16.0,2.0,5.5,53.48837209302325,51.21951219512195,-115,-105,5,0
2025-26,2026-01-03,TOR,NYI,651,2.8137711686701015,2.9052417855746837,3.266917792425206,3.2024048768359923,2.925023911225253,2.964079669313676,2.9639035251408847,3.319735198082673,1,1,0,0,0.9011148148148149,0.9115583333333334,10.0,13.0,5.5,54.54545454545454,50.0,-120,100,7,1
2025-26,2026-01-03,WPG,OTT,652,3.243388597377147,3.1480120168538286,2.8653095612497985,3.215607827016937,3.075461457220749,2.9454492920086333,2.7822116985355434,3.285218069817763,1,1,0,0,0.8961090909090909,0.9130333333333333,2.0,0.0,5.5,55.55555555555556,48.78048780487805,-125,105,6,1
2025-26,2026-01-03,TBL,SJS,653,3.187663709133393,3.3659184766064074,3.3840629958512496,2.8302629698007533,3.144486778971582,3.1560145538630797,3.463390441990026,2.7742957779025903,2,1,0,0,0.8962666666666667,0.9155,10.0,6.0,6.0,53.48837209302325,51.21951219512195,-115,-105,10,1
2025-26,2026-01-03,MTL,STL,654,2.6826048161002927,3.2550933120673693,3.3628821068234505,3.2431371094612436,2.7187919211140885,3.1810438780438925,3.464966069530292,3.2512290512205286,0,1,1,0,0.8795,0.9047000000000001,12.0,12.0,6.0,52.38095238095239,52.38095238095239,-110,-110,2,0
2025-26,2026-01-03,BOS,VAN,655,2.9406681301304474,3.3573161834903544,3.103230947887587,3.227287811282196,2.834193975589882,3.570897882722899,3.099756284209516,3.2011040265961337,0,2,1,0,0.8909586206896553,0.8995333333333334,9.0,5.0,6.0,53.48837209302325,51.21951219512195,-115,-105,5,0
2025-26,2026-01-03,CHI,WSH,656,3.2062316623635967,3.117870092147254,2.811357649349043,3.339393903924476,3.2772792530997026,2.9653471690658857,2.9144658512159785,3.4611557474901713,1,1,0,0,0.9124666666666666,0.9045333333333334,4.0,7.0,5.5,52.38095238095239,52.38095238095239,-110,-110,5,0
2025-26,2026-01-04,PIT,CBJ,657,3.0971459640634937,3.162945422803227,3.2405766482724867,3.2255011481188376,3.1283713265455817,3.1489933246885475,3.0345058161469978,2.9637361397087094,0,0,1,1,0.9203666666666667,0.8774357142857142,14.0,10.0,6.5,52.38095238095239,52.38095238095239,-110,-110,9,1
2025-26,2026-01-04,VGK,CHI,658,2.822879599251172,3.2920411830256087,3.1078029239796865,3.2408818843793803,2.88596420073317,3.019971014977986,2.995213648301769,3.0507564121947315,0,1,1,0,0.883713043478261,0.9117333333333335,7.0,11.0,6.0,52.38095238095239,52.38095238095239,-110,-110,5,0
2025-26,2026-01-04,MTL,DAL,659,3.35791774690234,2.9017314766908204,3.247571585283471,3.198723464858337,3.132168096786006,2.8163270518105366,3.3203731167223123,3.198111835711071,2,0,0,1,0.9074666666666668,0.8780692307692307,5.0,12.0,6.5,50.0,54.54545454545454,100,-120,7,1
2025-26,2026-01-04,COL,FLA,660,3.180108505479753,3.2233564027437707,3.778884161654831,2.5700780912819314,3.086782578017341,3.2577668069716683,3.4722705450956854,2.863929746027923,1,0,0,1,0.8912391304347826,0.9175333333333333,15.0,20.0,6.5,52.38095238095239,52.38095238095239,-110,-110,3,0
2025-26,2026-01-04,CAR,NJD,661,2.722932821663252,2.951764128658484,3.1963337962095673,3.2462127502411118,2.9157174495473095,2.976117345490751,3.08042108457861,3.091472272035961,0,0,1,1,0.9109333333333333,0.9025384615384616,16.0,8.0,6.0,52.38095238095239,52.38095238095239,-110,-110,4,0
2025-26,2026-01-05,SEA,CGY,662,3.006205421355701,2.925074236657364,2.87040499544951,2.9708828659070448,3.2223780502491057,2.648416722667224,2.9382216560844263,3.125576649028901,1,2,0,0,0.9033333333333334,0.900578260869565,9.0,8.0,5.5,54.54545454545454,50.0,-120,100,6,1
2025-26,2026-01-05,MIN,LAK,663,2.8386984037678777,2.8977157452735187,3.3037894368941716,2.7857866627964687,2.8380048339147823,2.8705481703249047,3.218802151730534,2.8292177448122655,1,1,0,0,0.9145000000000001,0.9127333333333333,3.0,6.0,5.5,51.21951219512195,53.48837209302325,-105,-115,6,1
2025-26,2026-01-05,UTA,NYR,664,2.870735677773849,2.9302478293864573,3.018104372557594,2.958173181470982,2.597267180687457,3.144165711657718,2.950913984931587,2.954712432836921,2,1,0,0,0.9098666666666666,0.8970333333333333,9.0,2.0,5.5,50.0,54.54545454545454,100,-120,5,0
2025-26,2026-01-05,DET,OTT,665,3.263215523870729,3.1073975237448805,3.0110187892030305,3.117428260196978,3.1075218724264224,2.910785143746419,3.060359415516279,3.059038156882881,1,1,0,0,0.8966869565217392,0.9009,2.0,3.0,6.0,53.48837209302325,51.21951219512195,-115,-105,8,1
2025-26,2026-01-05,ANA,WSH,666,3.1641449495007317,3.112478292813296,3.13039350022112,3.5264469662035016,3.2208670889930677,2.970308111915411,3.0467727016196022,3.408026833197994,1,2,0,0,0.8910869565217392,0.8847105263157895,6.0,2.0,6.5,55.55555555555556,48.78048780487805,-125,105,11,1
2025-26,2026-01-06,VAN,BUF,667,3.1523076192933472,3.0012006698175147,2.912738893099658,3.3409909906904915,3.345929552586421,2.8313741270489357,3.0821213117678643,3.079509250983371,2,2,0,0,0.8952333333333332,0.8986857142857143,12.0,9.0,6.0,53.48837209302325,51.21951219512195,-115,-105,8,1
2025-26,2026-01-06,DAL,CAR,668,3.189501177392683,3.172306578323396,3.342376056357437,2.941200726914473,3.3039468003812003,3.2130076314087983,3.494879165011143,3.0047344919977443,1,1,0,0,0.9053777777777777,0.9062666666666668,6.0,6.0,6.0,54.54545454545454,50.0,-120,100,9,1
2025-26,2026-01-06,NSH,EDM,669,3.253933542820356,3.2582792031067096,3.0536920520146436,3.1443577005391585,3.4379341448658924,3.390096373494424,2.983913039390093,3.219528945913913,2,2,0,0,0.8820428571428572,0.8959666666666667,4.0,4.0,6.5,56.52173913043478,47.61904761904761,-130,110,8,1
2025-26,2026-01-06,NJD,NYI,670,2.858830316454409,2.9134512031909847,2.676424162565693,2.958450496469788,2.9727936355003397,2.9686683551036817,2.751066125219598,3.014309080293951,2,1,0,0,0.9090000000000001,0.8924333333333333,10.0,16.0,5.5,48.78048780487805,55.55555555555556,105,-125,9,1
2025-26,2026-01-06,ANA,PHI,671,3.1666460148800106,3.0292027135743966,3.1618186225595606,3.6350351007822197,3.127560041848591,2.853841777448401,3.081851862066929,3.5533910146635894,2,0,0,1,0.9059,0.8922666666666667,3.0,5.0,6.5,51.21951219512195,53.48837209302325,-105,-115,7,1
2025-26,2026-01-06,BOS,SEA,672,2.948159166567423,2.9131065579170627,3.102549399653721,3.1881338833454853,2.81777025231705,2.8847354430034224,3.0936541604167,3.161085186517549,0,2,1,0,0.9032666666666667,0.9006000000000001,9.0,4.0,5.5,53.48837209302325,51.21951219512195,-115,-105,11,1
2025-26,2026-01-06,CBJ,SJS,673,3.1840406377656474,3.483185819775461,3.1312802611395347,3.2262397166751,3.148456618029977,3.300983788972954,3.033124897405482,3.2271567860784733,2,1,0,0,0.8913214285714286,0.9194333333333334,12.0,15.0,6.5,56.52173913043478,47.61904761904761,-130,110,7,1
2025-26,2026-01-06,COL,TBL,674,3.5006523229399855,2.844753620004365,3.6810835272854403,2.565216857562887,3.133264030096357,2.9432868926887057,3.366536240366977,2.8493609481435134,2,1,0,0,0.9143666666666667,0.9176,6.0,22.0,6.5,50.0,54.54545454545454,100,-120,6,0
2025-26,2026-01-06,FLA,TOR,675,3.2596799490413315,3.2308476716226595,3.144662570811492,3.153293900443467,3.467823556912924,3.1142528471336806,3.23483084685873,3.108605882120009,2,1,0,0,0.9090600000000001,0.8920666666666667,11.0,15.0,6.0,53.48837209302325,51.21951219512195,-115,-105,5,0
2025-26,2026-01-06,VGK,WPG,676,2.845030189636904,3.242948435513711,3.0753573508577863,3.234362245942291,3.1436836727440367,3.0188114208137864,2.9524195287381017,3.064847958105894,2,1,0,0,0.9114333333333332,0.8905000000000001,0.0,11.0,5.5,52.38095238095239,52.38095238095239,-110,-110,7,1
2025-26,2026-01-07,STL,CHI,677,2.8374674686335464,3.250971998975801,2.6708784773996372,3.1506995109889813,2.9096009252074793,2.977006593587552,2.791086258356963,3.3571711015774413,2,3,0,0,0.9054,0.8832333333333333,7.0,10.0,5.5,50.0,54.54545454545454,100,-120,10,1
2025-26,2026-01-07,SJS,LAK,678,2.887772603729426,2.878931791730107,3.242400184240191,3.429764566314233,2.9108799023734893,2.836177542071665,3.11923677052718,3.467277064075026,1,0,0,1,0.9156333333333334,0.8946000000000001,6.0,13.0,6.0,54.54545454545454,50.0,-120,100,7,1
2025-26,2026-01-07,CGY,MTL,679,3.2749510090245586,3.1962404048430866,2.949991868618474,3.0020802624910035,3.1154724837085546,3.21811360704897,2.6382649515325034,3.364691361541016,2,1,0,0,0.9042588235294118,0.9023333333333333,12.0,10.0,6.0,53.48837209302325,51.21951219512195,-115,-105,5,0
2025-26,2026-01-07,OTT,UTA,680,3.0256052877871404,2.936498790273036,3.25885198526316,3.1757359025821774,3.1723400660547583,3.005121933371673,3.346270563279081,3.3680322459609533,1,1,0,0,0.8974999999999999,0.8925000000000001,3.0,2.0,6.0,54.54545454545454,50.0,-120,100,4,0
2025-26,2026-01-07,DAL,WSH,681,3.2921835649220075,3.1466402898273356,3.3311615648290442,3.0463082796406233,3.3821359757671274,3.0044624611682833,3.459715079604832,3.138923908017515,1,0,0,1,0.9131333333333332,0.9137384615384614,6.0,7.0,6.5,51.21951219512195,53.48837209302325,-105,-115,5,0
2025-26,2026-01-08,CGY,BOS,682,3.1327598951356075,3.3105398367100882,2.8887154237438626,3.034659532328731,3.1486870083315366,3.188013139856108,2.582100499843084,3.383691681015962,1,0,0,1,0.88678,0.9020666666666667,4.0,11.0,6.5,53.48837209302325,51.21951219512195,-115,-105,5,0
2025-26,2026-01-08,ANA,CAR,683,3.2816186487476497,3.1688387999233942,3.1246791660238786,3.670877854559976,3.4180168618390314,3.1939976752957526,3.034797541763795,3.608437414127984,1,1,0,0,0.878774074074074,0.9057421052631579,8.0,6.0,6.5,58.333333333333336,45.45454545454545,-140,120,7,1
2025-26,2026-01-08,OTT,COL,684,3.6163787277491775,2.6206670383344473,3.1821252523391985,3.167737783318381,3.8727843093590755,2.4273396421234583,3.2461202309803414,3.3495654220289626,1,0,0,1,0.9168666666666667,0.89114,22.0,0.0,6.5,55.55555555555556,48.78048780487805,-125,105,10,1
2025-26,2026-01-08,VAN,DET,685,3.0831555864775786,3.120304376146564,2.9239852799241053,3.3955021397277396,3.0573550893039245,3.1896672740257355,3.069297429200331,3.174546982556085,2,1,0,0,0.9017666666666667,0.8902333333333333,3.0,9.0,6.0,53.48837209302325,51.21951219512195,-115,-105,6,
2025-26,2026-01-08,FLA,MTL,686,3.2948999891701094,3.123653218519797,3.07544646748859,3.1805327014027034,3.156056512710749,3.122184632063351,3.128770792294673,3.1565491009046727,0,1,1,0,0.8785925925925926,0.8916,12.0,17.0,6.0,53.48837209302325,51.21951219512195,-115,-105,8,1
2025-26,2026-01-08,NYI,NSH,687,3.0247872935587,3.2401178056579543,3.0642400610313287,2.8268410899814307,3.0907858822529777,3.1284501524343336,2.8836056089551416,2.920660767450986,1,1,0,0,0.8949,0.8999285714285714,4.0,10.0,5.5,54.54545454545454,50.0,-120,100,3,0
2025-26,2026-01-08,BUF,NYR,688,2.8530003360761125,2.941580453008589,3.2160637966363925,3.0076130070710456,2.6120413110579017,3.125051930799311,2.9455985894596934,3.2663239954137024,2,1,0,0,0.9068047619047619,0.9004222222222222,11.0,12.0,6.0,53.48837209302325,51.21951219512195,-115,-105,7,1
2025-26,2026-01-08,TOR,PHI,689,3.2273372002562692,2.99941384395595,3.281443580713882,3.1571623159891007,3.2150529762306426,2.816163609655352,2.95720550105816,3.3670398542318547,1,1,0,0,0.9055,0.8983600000000002,6.0,11.0,6.0,51.21951219512195,53.48837209302325,-105,-115,3,0
2025-26,2026-01-08,NJD,PIT,690,3.2998476093370566,3.253073959393673,2.599984050908711,3.1573440905660703,3.369926200711575,3.379798088810556,2.6407652931121706,3.2626811992101885,3,1,0,0,0.8908666666666666,0.9104,10.0,14.0,6.0,54.54545454545454,50.0,-120,100,5,0
2025-26,2026-01-08,MIN,SEA,691,3.083218723306933,2.952562578562309,3.2636265176792167,2.835195813014123,2.9993332477161463,2.92148972646862,3.1564444432589,2.905082869953923,1,2,0,0,0.9050083333333333,0.8953592592592593,9.0,4.0,6.0,51.21951219512195,53.48837209302325,-105,-115,5,0
2025-26,2026-01-08,CBJ,VGK,692,3.1051967981714523,3.2237928140856766,3.0934314129970493,3.2805470177131557,3.2210739484998125,3.282434659138131,2.9834177583971297,3.3021034587224602,1,1,0,0,0.8888142857142858,0.9195,11.0,15.0,6.5,51.21951219512195,53.48837209302325,-105,-115,8,1
2025-26,2026-01-08,EDM,WPG,693,2.854448525135665,3.264908027524608,3.3420709188598385,3.217617834245407,3.146031988253836,3.0506237671029455,3.045941941363614,3.137146065075562,1,1,0,0,0.9103666666666667,0.88382,2.0,5.0,6.0,53.48837209302325,51.21951219512195,-115,-105,7,1
2025-26,2026-01-09,WSH,CHI,694,2.97575987721408,3.2401854206309872,3.2150835272667737,3.1727368990410234,3.0787094414139027,2.9715927723506224,3.085376518412599,3.1586378528883627,1,1,0,0,0.8952,0.9131333333333332,9.0,4.0,6.0,52.38095238095239,52.38095238095239,-110,-110,6,
2025-26,2026-01-09,STL,UTA,695,3.025017203275744,2.8762983853008204,2.688709103231939,3.2728709643246616,3.1682523718891873,2.918151529485306,2.798150756102119,3.50275907254632,1,1,0,0,0.8995,0.9010333333333335,2.0,10.0,5.5,51.21951219512195,53.48837209302325,-105,-115,6,1
2025-26,2026-01-09,LAK,WPG,696,2.863587657950263,3.2859030123432365,2.8938704808935567,2.9177648038285047,3.1397109922968993,3.089043449761695,2.8865339683693505,2.9897905906664635,0,1,1,0,0.8931153846153846,0.9141666666666667,4.0,6.0,5.5,51.21951219512195,53.48837209302325,-105,-115,6,1
2025-26,2026-01-10,NYR,BOS,697,3.159696949700895,3.232689422983388,2.829361023771312,3.0092018555195006,3.187769735156372,3.0943447093717826,3.0761168227344347,2.797220036920217,1,1,0,0,0.8978666666666667,0.9032636363636364,4.0,9.0,6.0,53.48837209302325,51.21951219512195,-115,-105,12,1
2025-26,2026-01-10,ANA,BUF,698,3.2725273323243322,2.9775717551253456,3.0899263817595166,3.7051854972899627,3.4350408908828416,2.8280697132513213,2.989697402313895,3.66187746651041,1,1,0,0,0.8965000000000001,0.8925333333333332,12.0,6.0,6.5,60.0,44.44444444444444,-150,125,8,1
2025-26,2026-01-10,SEA,CAR,699,3.3356273405528403,3.1323986257091847,3.050880785236045,2.959025634931043,3.4828756773272866,3.1403100950857734,3.0097811032692725,3.072538222720479,1,1,0,0,0.9041642857142858,0.9027999999999998,6.0,7.0,6.0,53.48837209302325,51.21951219512195,-115,-105,5,0
2025-26,2026-01-10,CBJ,COL,700,3.749920436770969,2.610686861168729,3.092867745468854,3.3350005106088303,4.0307536754730995,2.4171251823909303,2.9836393272913657,3.370305504158556,1,1,0,0,0.8838500000000001,0.8834666666666666,22.0,15.0,6.5,60.0,44.44444444444444,-150,125,4,0
2025-26,2026-01-10,LAK,EDM,701,3.3601608330039485,3.2098445011355805,2.837714967524141,2.989008301084483,3.5613551572512727,3.3093705632887023,2.81278081635906,3.0776878823466904,1,0,0,1,0.8846333333333334,0.9014307692307691,5.0,6.0,6.5,51.21951219512195,53.48837209302325,-105,-115,7,1
2025-26,2026-01-10,NYI,MIN,702,3.253996937909705,2.814749055825382,2.998579300317152,2.8049003236663106,3.2201008334184107,2.8085110138246203,2.807540829154149,2.8940576748610694,1,1,0,0,0.9126,0.9126666666666667,6.0,10.0,5.5,54.54545454545454,50.0,-120,100,7,1
2025-26,2026-01-10,DET,MTL,703,3.378574663160132,3.087759480963352,3.144959384296778,3.0527976026691555,3.271114036803602,3.0725362716197,3.121536247602436,3.090216940476699,1,1,0,0,0.9079333333333334,0.9031,10.0,3.0,6.0,54.54545454545454,50.0,-120,100,4,0
2025-26,2026-01-10,CHI,NSH,704,2.9925482780349415,3.1650599472487486,2.915529471298125,3.2949252216678273,3.0527381635876805,3.041463943345662,2.907661135912487,3.4232426339118054,1,0,0,1,0.8964333333333333,0.8412454545454545,4.0,8.0,6.5,50.0,54.54545454545454,100,-120,3,0
2025-26,2026-01-10,FLA,OTT,705,3.1426541602250238,3.321854839914831,3.040297784804229,3.2687586961919974,3.131587074032053,2.9815377217172916,3.075065285961539,3.277029244771982,1,1,0,0,0.8892769230769232,0.889,0.0,17.0,6.0,55.55555555555556,48.78048780487805,-125,105,5,0
2025-26,2026-01-10,TBL,PHI,706,3.1520056748370506,2.96772678568605,3.5091071044335935,2.8212794234904295,3.1300645326836425,2.785880113529381,3.5795552017203622,2.8118481017962798,1,3,0,0,0.8738800000000001,0.9153,7.0,6.0,6.0,51.21951219512195,53.48837209302325,-105,-115,9,1
2025-26,2026-01-10,CGY,PIT,707,3.3194196102450677,3.1780903732155252,2.832214333269322,3.0669707113929823,3.3915331981323327,3.279783250870312,2.526027011089539,3.408768428250816,1,1,0,0,0.8762379310344827,0.9103130434782609,11.0,13.0,6.0,54.54545454545454,50.0,-120,100,3,0
2025-26,2026-01-10,DAL,SJS,708,3.2626423297628087,3.4085740295039626,3.347644826329914,2.980834189251828,3.2271908426473774,3.2366363407549454,3.4657376438978496,3.062252828528328,2,2,0,0,0.8937655172413794,0.9152296296296295,13.0,6.0,6.5,53.48837209302325,51.21951219512195,-115,-105,9,1
2025-26,2026-01-10,VAN,TOR,709,3.2365752779051378,3.0863082626031404,2.8644633911243056,3.441192541314065,3.489119560212857,3.0272227080494694,2.9885011625468736,3.243657475469744,1,1,0,0,0.9115923076923077,0.8960482758620689,6.0,9.0,6.0,54.54545454545454,50.0,-120,100,5,0
2025-26,2026-01-10,STL,VGK,710,3.1669586888467904,3.21505934889031,2.6738836747323362,3.2930809742618665,3.2916184098653396,3.265200737605607,2.769228135949542,3.5179255237176834,1,0,0,1,0.9111999999999999,0.8805666666666666,11.0,10.0,5.5,56.52173913043478,47.61904761904761,-130,110,6,1
2025-26,2026-01-11,PIT,BOS,711,3.3767483573515618,3.191183823956967,3.2406005182572057,3.1384221997972213,3.446180186730247,3.050247503984358,3.098065509963229,3.0319021759549183,0,0,1,1,0.8899384615384616,0.8929333333333332,4.0,11.0,6.5,51.21951219512195,53.48837209302325,-105,-115,1,0
2025-26,2026-01-11,WSH,NSH,712,2.8963725658358754,3.1563854433274225,3.2684958939674753,3.100745282291626,2.936596031903512,3.03764214655052,3.1543398962657165,3.0756485337154484,0,1,1,0,0.8804545454545454,0.8924916666666668,4.0,5.0,6.0,55.55555555555556,48.78048780487805,-125,105,5,0
2025-26,2026-01-11,VGK,SJS,713,3.3140933679463753,3.4208188183681165,3.190818845751353,3.172243688730399,3.293361815699594,3.256531806507953,2.9828037734168307,3.0722659468687925,0,0,1,1,0.8944,0.8905058823529411,11.0,13.0,6.5,56.52173913043478,47.61904761904761,-130,110,9,1
2025-26,2026-01-11,CBJ,UTA,714,3.056383310882033,2.8512303808719848,2.9914300054599647,3.3496330860048573,3.202782701338777,2.880101771274426,2.873178703347417,3.3839579110945808,1,0,0,1,0.8838272727272728,0.9174333333333333,2.0,15.0,6.0,54.54545454545454,50.0,-120,100,5,0
2025-26,2026-01-11,NJD,WPG,715,2.935101493070377,3.2079011459577718,2.556113202041343,3.1819828761200926,3.2123944211568594,3.003777178293209,2.5838257098479165,3.2884357997970928,1,2,0,0,0.9093000000000001,0.9089333333333334,3.0,13.0,5.5,54.54545454545454,50.0,-120,100,7,1
2025-26,2026-01-12,FLA,BUF,716,3.3225108931790643,2.9778833182837716,3.0389414908401666,3.2241234849731315,3.4850524624583867,2.8380325052030537,3.0708184481296104,3.219927199552308,1,1,0,0,0.9026315789473683,0.8892666666666665,12.0,17.0,6.0,54.54545454545454,50.0,-120,100,7,1
2025-26,2026-01-12,EDM,CHI,717,2.9196919492471003,3.184829573326591,3.34230947073591,3.2312512780302383,3.0015257080158455,3.0476914032672213,3.079709803895159,3.1320751128244693,1,1,0,0,0.9051333333333335,0.8856375000000001,6.0,5.0,6.5,53.48837209302325,51.21951219512195,-115,-105,5,0
2025-26,2026-01-12,TOR,COL,718,3.743864104749599,2.5328305227965022,3.2891301631377767,2.9862546403505053,4.003705763922443,2.3371399120188165,2.917135872670709,3.2634028286952677,1,1,0,0,0.8941230769230769,0.9148703703703703,22.0,6.0,6.5,54.54545454545454,50.0,-120,100,7,1
2025-26,2026-01-12,CAR,DET,719,3.1689418746168054,2.9543120420711704,3.317980577644379,3.0928677411506813,3.130906103170099,3.101095678348184,3.0652812187491794,3.030747815536098,1,1,0,0,0.9056333333333334,0.8779571428571428,3.0,7.0,6.0,53.48837209302325,51.21951219512195,-115,-105,7,1
2025-26,2026-01-12,DAL,LAK,720,2.877682411551337,2.9895049088211687,3.363799084925182,3.0468856155723056,2.92302543812254,2.877349797179037,3.476708161116853,3.1359220379428225,1,1,0,0,0.9108333333333334,0.9031333333333333,6.0,5.0,6.0,51.21951219512195,53.48837209302325,-105,-115,4,0
2025-26,2026-01-12,NJD,MIN,721,3.240732013976889,2.8547289104031806,2.5795830549521988,3.2065673009571123,3.2019116967964014,2.860799923590964,2.6101278861089634,3.3106031635447852,1,0,0,1,0.8965214285714287,0.8851666666666667,6.0,13.0,6.0,52.38095238095239,52.38095238095239,-110,-110,7,1
2025-26,2026-01-12,VAN,MTL,722,3.2635288402847604,3.114489979893999,2.7754127611679786,3.483705280669961,3.1361046532486196,3.110095465847857,2.8798043765540244,3.303005626177198,1,1,0,0,0.8959,0.8921142857142856,10.0,12.0,6.5,48.78048780487805,55.55555555555556,105,-125,9,1
2025-26,2026-01-12,SEA,NYR,723,2.8073792534661797,3.2323756046574763,3.0156384086999712,2.9604819596813465,2.596582963681986,3.1975749485069436,2.9731377508893524,3.0640345924995076,1,1,0,0,0.896495652173913,0.90514,9.0,6.0,6.0,51.21951219512195,53.48837209302325,-105,-115,6,
2025-26,2026-01-12,TBL,PHI,724,3.1139185810289294,3.099502788869641,3.614049218155043,2.799585004782495,3.0844331932265603,2.953377809964335,3.7025419355816283,2.784361039223021,1,1,0,0,0.9055666666666667,0.8943555555555556,6.0,6.0,6.0,52.38095238095239,52.38095238095239,-110,-110,6,
2025-26,2026-01-13,DAL,ANA,725,3.085298321224,3.734064684517334,3.347977458711353,2.983086487563682,3.3268292184268553,3.3872673437394845,3.453315380554346,3.055538275213986,2,0,0,1,0.8920666666666667,0.9121571428571428,9.0,5.0,6.5,55.55555555555556,48.78048780487805,-125,105,4,0
2025-26,2026-01-13,DET,BOS,726,3.2955070642515754,3.0872806335350673,3.193932235084921,2.958143342814373,3.3435931366387925,2.9396393791986073,3.15725927244197,2.9636078249099866,1,0,0,1,0.8985333333333333,0.8923333333333333,4.0,3.0,6.0,55.55555555555556,48.78048780487805,-125,105,3,0
2025-26,2026-01-13,CGY,CBJ,727,2.9926256391645456,3.3013545471282426,2.807967870799656,2.999316531493148,3.181237631632558,3.208203607906605,2.5156829647091032,3.3096314269097156,1,2,0,0,0.9178333333333334,0.9014,18.0,13.0,6.0,54.54545454545454,50.0,-120,100,8,1
2025-26,2026-01-13,EDM,NSH,728,2.903125856591905,3.1184898541298454,3.358441397023678,3.1575848620547595,2.940140465086629,3.0022021107032852,3.113263059925717,3.0528744188434938,1,0,0,1,0.8965000000000001,0.9010222222222223,5.0,1.0,6.5,50.0,54.54545454545454,100,-120,7,1
2025-26,2026-01-13,VAN,OTT,729,3.1040885112168244,3.3064507429601107,2.7880602181394356,3.5571593583178265,3.0846256602374487,2.9847023023774093,2.8859506764806575,3.3994345225140052,2,0,0,1,0.8881259259259259,0.8889666666666666,0.0,12.0,6.5,52.38095238095239,52.38095238095239,-110,-110,3,0
2025-26,2026-01-13,TBL,PIT,730,3.1324081749331576,3.0672769552390595,3.6478714679263393,2.7455804651819844,3.2916903726035645,3.223357020751347,3.7347085709681433,2.7241285042589243,1,0,0,1,0.8776333333333334,0.9150333333333334,12.0,8.0,6.0,53.48837209302325,51.21951219512195,-115,-105,3,0
2025-26,2026-01-13,CAR,STL,731,2.656913491979794,3.309292315768249,3.3022011890518623,3.1198517985993917,2.715167035693575,3.0448416563923444,3.0599423715367364,3.0686411501112065,2,0,0,1,0.8992333333333333,0.9029034482758621,13.0,7.0,6.0,52.38095238095239,52.38095238095239,-110,-110,3,0
2025-26,2026-01-13,TOR,UTA,732,3.0208337542081987,2.8574672866945505,3.3059466329806186,2.9860838620885395,3.1500460352132826,2.885763967896974,2.959499178834889,3.2478440084051905,1,0,0,1,0.9002333333333332,0.9003538461538461,2.0,7.0,6.0,53.48837209302325,51.21951219512195,-115,-105,7,1
2025-26,2026-01-13,NYI,WPG,733,2.969777209822367,3.1971099084290575,3.027498883615314,2.8114664891946113,3.239690345720449,3.000721912133001,2.856023503278925,2.8949087438009835,1,2,0,0,0.9089666666666666,0.9126666666666667,5.0,10.0,5.5,50.0,54.54545454545454,100,-120,9,1
2025-26,2026-01-13,MTL,WSH,734,3.223917110851548,3.0961222191492888,3.345912254096263,3.1089341026046604,3.291684885326472,3.0317084179664553,3.3243189320054163,3.208956435232632,1,0,0,1,0.9139333333333333,0.8806142857142857,7.0,9.0,6.0,53.48837209302325,51.21951219512195,-115,-105,5,0
2025-26,2026-01-14,PHI,BUF,735,3.3062840950629693,3.010668053016269,3.043364380722936,3.157679113151919,3.458530966595903,2.88301296201511,3.1072305132677105,3.1703434349561874,1,1,0,0,0.8974307692307691,0.9038999999999999,12.0,6.0,6.0,54.54545454545454,50.0,-120,100,7,1
2025-26,2026-01-14,VGK,LAK,736,2.819545809483395,2.98961558892903,3.3099412250988656,3.132258804602214,2.8552948132434426,2.879352135505434,3.1358072807941255,3.032057515326568,1,2,0,0,0.9105000000000001,0.9111999999999999,6.0,13.0,5.5,52.38095238095239,52.38095238095239,-110,-110,5,0
2025-26,2026-01-14,SEA,NJD,737,2.663495471059044,3.1645561896153245,3.045799115805872,2.929354972587193,2.8671270101896766,2.961345115902185,3.0065921851722375,3.0258224903405333,1,1,0,0,0.8860333333333333,0.9054153846153845,13.0,6.0,6.0,51.21951219512195,53.48837209302325,-105,-115,5,0
2025-26,2026-01-14,OTT,NYR,738,2.7837816162162854,3.251303976889394,3.066532058757567,3.2270784960003196,2.585692067082974,3.217437215090387,3.1827570098111857,3.52633394537176,1,0,0,1,0.8963583333333333,0.8899142857142858,9.0,0.0,6.0,55.55555555555556,48.78048780487805,-125,105,12,1
2025-26,2026-01-15,SEA,BOS,739,3.2818783295774807,2.9889306801802764,3.014494765299705,2.9356442039142836,3.330212639758828,2.8283448587160187,2.9713630240447437,3.028094246091472,1,0,0,1,0.9002,0.9033333333333334,4.0,4.0,6.0,52.38095238095239,52.38095238095239,-110,-110,6,
2025-26,2026-01-15,MTL,BUF,740,3.35764923245733,2.9809466975848355,3.299779567620155,3.10598203008323,3.5120159223489993,2.8537291310855415,3.2687473577970736,3.2013807027714676,0,1,1,0,0.9026500000000001,0.9062315789473686,12.0,9.0,6.5,50.0,54.54545454545454,100,-120,8,1
2025-26,2026-01-15,VAN,CBJ,741,3.0584763621862177,3.288604262774772,2.7362923280202462,3.499490921646761,3.256280386073568,3.1923977785043665,2.817243079868622,3.347389152752439,1,1,0,0,0.88298,0.8917666666666667,15.0,12.0,6.5,55.55555555555556,48.78048780487805,-125,105,5,0
2025-26,2026-01-15,CGY,CHI,742,2.860824724296873,3.2082189183787038,2.8190601232177546,3.0645323441542685,2.93199299500413,3.0787611190564985,2.538794432546466,3.3739716525669405,2,1,0,0,0.9053333333333334,0.9127583333333332,7.0,13.0,6.0,53.48837209302325,51.21951219512195,-115,-105,4,0
2025-26,2026-01-15,NYI,EDM,743,3.341638107356041,3.1822008044237715,3.06055897203543,2.8868455605272154,3.524323368398876,3.3285654724724134,2.903143571777068,2.9837022593277664,1,1,0,0,0.8907176470588235,0.9099999999999999,1.0,10.0,6.5,53.48837209302325,51.21951219512195,-115,-105,1,0
2025-26,2026-01-15,WPG,MIN,744,3.1966229458631052,2.924317204831229,3.036340715880416,3.220630513758898,3.157085217589816,2.9375259557710343,2.7397424309329255,3.327556822639617,2,1,0,0,0.8943999999999999,0.9077666666666668,8.0,6.0,5.5,54.54545454545454,50.0,-120,100,8,1
2025-26,2026-01-15,PHI,PIT,745,3.0625693355043664,3.0325100624509735,3.0107594687502903,3.215070257744287,3.2028689101106487,3.169942328119936,3.0629689236717015,3.2402211563860286,1,0,0,1,0.8939333333333332,0.8655592592592593,12.0,8.0,6.0,53.48837209302325,51.21951219512195,-115,-105,9,1
2025-26,2026-01-15,DAL,UTA,746,3.117399551610858,2.803874466691469,3.2673898551621083,2.983541808872256,3.2644893761388443,2.81465386483133,3.3483994146058196,3.058287908275329,1,1,0,0,0.9009666666666666,0.9044000000000001,2.0,5.0,6.0,52.38095238095239,52.38095238095239,-110,-110,3,0
2025-26,2026-01-15,TOR,VGK,747,3.29580986203378,3.0949879161712204,3.229384276610821,3.0839018266488005,3.312946487777351,3.2069077780794375,2.8815073870158265,3.35739233729331,0,1,1,0,0.9001333333333332,0.9147428571428572,12.0,7.0,6.0,51.21951219512195,53.48837209302325,-105,-115,11,1
2025-26,2026-01-15,SJS,WSH,748,3.215218964086009,3.0620307200280337,3.268003514062825,3.528840472964067,3.279997733021618,2.9934050543785586,3.138764509526344,3.447302038111912,1,3,0,0,0.9139999999999999,0.8914333333333334,6.0,11.0,6.5,53.48837209302325,51.21951219512195,-115,-105,5,0
2025-26,2026-01-16,FLA,CAR,749,3.194615262029996,3.1160325609556554,3.0691942422354876,3.213404718295744,3.452561680866365,3.0922592515266967,3.1039785339426937,3.2096302363320373,2,3,0,0,0.9029333333333334,0.889,8.0,15.0,6.0,51.21951219512195,53.48837209302325,-105,-115,10,1
2025-26,2026-01-16,NSH,COL,750,3.7086776718350514,2.5890283166545234,2.9412209719782965,3.1142987028269644,3.9526356383407384,2.40965275070561,2.9273158222975315,3.3484684081215415,3,2,0,0,0.9197076923076923,0.8966333333333334,17.0,5.0,6.5,50.0,54.54545454545454,100,-120,10,1
2025-26,2026-01-16,SJS,DET,751,3.0921841151878757,2.9623857528030357,3.2581743800025262,3.4744992935004064,3.1681183037251976,3.0924536803416514,3.13218672765816,3.388006491862206,2,0,0,1,0.9059,0.8922666666666667,3.0,9.0,6.5,51.21951219512195,53.48837209302325,-105,-115,6,0
2025-26,2026-01-16,ANA,LAK,752,2.8005364321286583,2.9940265352771966,3.0827449090323866,3.636266349371399,2.8331931881406383,2.8884328511403954,2.987496140676294,3.7004104970440164,1,2,0,0,0.9101,0.8936,5.0,7.0,6.0,50.0,54.54545454545454,100,-120,5,0
2025-26,2026-01-16,TBL,STL,753,2.677241635605746,3.202933939052807,3.586989964153896,2.697168369940099,2.741248314683387,2.9303372374769796,3.65307779658852,2.6742346847619607,2,2,0,0,0.9027,0.9163,13.0,9.0,5.5,52.38095238095239,52.38095238095239,-110,-110,5,0
2025-26,2026-01-17,LAK,ANA,754,3.0798276264939526,3.574732996801747,2.7797553964898807,2.9954353863499557,3.317177216391416,3.2806953941433963,2.860493212393648,3.0728980861597313,0,0,1,1,0.9045500000000001,0.9008111111111111,10.0,5.0,6.5,50.0,54.54545454545454,100,-120,3,0
2025-26,2026-01-17,MIN,BUF,755,3.4053218248134027,2.98356830151536,3.1588806522477584,3.025851085556321,3.562556327007022,2.8606590496861246,3.1418821048731815,2.87827369059288,1,1,0,0,0.8978074074074074,0.9118666666666667,12.0,11.0,6.0,54.54545454545454,50.0,-120,100,9,1
2025-26,2026-01-17,NYI,CGY,756,2.8301212589185116,3.000373717068692,2.997129906846625,2.8002622468289493,3.16047959493149,2.731929316912258,2.8341983142460427,2.8771315109342215,1,1,0,0,0.9016,0.9021379310344827,13.0,10.0,5.5,54.54545454545454,50.0,-120,100,6,1
2025-26,2026-01-17,BOS,CHI,757,2.8065498655398327,3.2002541477104485,3.3019766333509017,2.96023978731473,2.8670624367282223,3.074562921860837,3.1118440103168616,3.322795506136359,1,1,0,0,0.8830833333333334,0.8938925925925927,6.0,3.0,6.5,51.21951219512195,53.48837209302325,-105,-115,7,1
2025-26,2026-01-17,CAR,NJD,758,2.6835318843420084,3.1285346511256185,3.377178569874595,3.0503229224994755,2.881741480915395,2.927363367500039,2.9399216466840845,3.074376829394673,2,0,0,1,0.8861,0.8753206896551725,13.0,8.0,6.5,51.21951219512195,53.48837209302325,-105,-115,5,0
2025-26,2026-01-17,MTL,OTT,759,3.225632703964356,3.2513417051077917,3.2874457264172348,3.166087082147604,3.0483411523202357,2.9072061387383443,3.2541410144529417,3.268773335301739,2,1,0,0,0.8875310344827586,0.8836827586206897,0.0,7.0,6.5,51.21951219512195,53.48837209302325,-105,-115,11,1
2025-26,2026-01-17,NYR,PHI,760,3.014900722474286,3.3044453908588802,2.8306016345727043,3.4014538251084727,3.0125587239151037,3.0275874573749064,3.0342933149014053,3.067988112216765,1,2,0,0,0.871476923076923,0.8393666666666667,8.0,9.0,6.0,53.48837209302325,51.21951219512195,-115,-105,9,1
2025-26,2026-01-17,CBJ,PIT,761,3.1601099774167234,3.0362876836225605,3.0909464920465473,3.21497790155025,3.310611574875503,3.165160879402431,2.882462926721071,3.3305241900352436,1,1,0,0,0.8806333333333334,0.8861923076923076,12.0,15.0,6.5,55.55555555555556,48.78048780487805,-125,105,7,1
2025-26,2026-01-17,SEA,UTA,762,3.085028880384281,2.7552257881906863,2.986346015034191,2.974844536466891,3.2166699417229045,2.754769251849054,2.940052185395569,3.069542969640892,1,1,0,0,0.9022333333333333,0.9047296296296297,2.0,4.0,5.5,54.54545454545454,50.0,-120,100,9,1
2025-26,2026-01-17,EDM,VAN,763,2.6904912808000634,3.5113492385486422,3.23590321703121,3.1157239472461393,2.832130772038199,3.5251844754227464,3.1080992587163245,3.094945599022613,1,1,0,0,0.8878666666666667,0.8992642857142857,12.0,1.0,6.5,52.38095238095239,52.38095238095239,-110,-110,6,0
2025-26,2026-01-17,NSH,VGK,764,3.3828689228593185,3.1601318888309944,3.075067071163256,3.11320526594804,3.41441070178541,3.278901995133298,3.0933781859661877,3.330044131592955,1,0,0,1,0.9118666666666667,0.8840956521739131,12.0,3.0,6.5,50.0,54.54545454545454,100,-120,9,1
2025-26,2026-01-17,TOR,WPG,765,3.137148123738866,3.1854383121050933,3.288421531796651,3.1816581326100852,3.310954368005663,3.045575030520099,2.974420183038842,3.4614496021611267,1,1,0,0,0.9089666666666666,0.8975296296296297,6.0,9.0,6.0,52.38095238095239,52.38095238095239,-110,-110,7,1
2025-26,2026-01-17,FLA,WSH,766,3.1792290634153932,3.064995226807729,3.0086305187894506,3.399740524027129,3.234621901270845,3.0008640786861505,3.026479177658803,3.4414959826241995,1,0,0,1,0.9134666666666666,0.8942083333333333,6.0,15.0,6.0,54.54545454545454,50.0,-120,100,7,1
2025-26,2026-01-18,TBL,DAL,767,3.197938528498238,2.959393313366315,3.5315133660403744,2.7169909173174718,3.151742094055867,2.8585052554374233,3.587019827742432,2.69650471066674,2,1,0,0,0.9048666666666667,0.9161666666666667,5.0,8.0,6.0,52.38095238095239,52.38095238095239,-110,-110,5,0
2025-26,2026-01-18,OTT,DET,768,3.1234356879467207,2.9371149417657083,3.2830851641573604,3.3391654853951196,3.197380572151165,3.058563773942731,3.3715323967202133,3.539801511360978,1,0,0,1,0.9060333333333334,0.90225,3.0,0.0,6.5,51.21951219512195,53.48837209302325,-105,-115,7,1
2025-26,2026-01-18,STL,EDM,769,3.3214050409230973,3.018622815844799,2.697779930784644,3.166418812689725,3.3821744230888116,3.241068473255317,2.7500645355059428,3.529728547921663,0,1,1,0,0.8929444444444444,0.8806333333333334,1.0,9.0,6.5,50.0,54.54545454545454,100,-120,5,0
2025-26,2026-01-19,NYR,ANA,770,3.0492824846195283,3.4886302912765035,2.9369397714675425,3.3859394045875746,3.2652337197131245,3.196216560853911,3.1447326340089097,3.0688402299676865,1,1,0,0,0.8945333333333333,0.8471307692307692,9.0,9.0,6.5,56.52173913043478,47.61904761904761,-130,110,8,1
2025-26,2026-01-19,BUF,CAR,771,3.3955344156371825,2.9902944715639697,3.4232529901827826,3.053690198052546,3.6534842095331785,3.021302760326339,3.0272360815804653,3.218775413752436,1,1,0,0,0.9036666666666667,0.8959857142857143,7.0,10.0,6.5,52.38095238095239,52.38095238095239,-110,-110,3,0
2025-26,2026-01-19,NJD,CGY,772,2.8744756478029085,2.973433207530599,2.640330167563178,3.1582455486497247,3.1941855031370587,2.715717479298581,2.707250172967606,3.2655603927012806,1,1,0,0,0.9143600000000001,0.8863666666666667,13.0,10.0,6.0,50.0,54.54545454545454,100,-120,3,0
2025-26,2026-01-19,WPG,CHI,773,2.788287069366338,3.257396427257398,3.1311403481357263,3.208700740458883,2.8411155641041748,3.149058420261709,2.875237039650085,3.2783495977568546,1,1,0,0,0.9053333333333334,0.9087000000000001,7.0,7.0,6.0,50.0,54.54545454545454,100,-120,2,0
2025-26,2026-01-19,WSH,COL,774,3.6769813075753826,2.739114887431713,3.1386114520279174,3.1241200777484854,3.8994750216895158,2.5998206535360273,3.109483640431795,3.0755972625166557,2,1,0,0,0.9174000000000001,0.89142,18.0,4.0,6.5,53.48837209302325,51.21951219512195,-115,-105,7,1
2025-26,2026-01-19,SJS,FLA,775,3.0711157853075286,3.34827940248586,3.2162168632390555,3.485243136398096,3.071141920645696,3.1575051526123517,3.088081858825744,3.406879122006788,1,2,0,0,0.8850666666666667,0.8921,13.0,8.0,6.5,53.48837209302325,51.21951219512195,-115,-105,5,0
2025-26,2026-01-19,PIT,SEA,776,2.9878343738559425,3.071768605832015,3.1533140631994905,3.067154615860806,2.9662404469655836,2.9250486950399917,2.978087050024747,2.956356162507551,1,1,0,0,0.9026666666666666,0.8944666666666667,4.0,10.0,6.0,51.21951219512195,53.48837209302325,-105,-115,9,1
2025-26,2026-01-19,MIN,TOR,777,3.306149837854432,3.1730624129158125,3.218007435241829,3.0600156445732685,3.538645979885271,2.9163975331798837,3.2147556875270724,2.92553963430932,1,1,0,0,0.9109931034482759,0.9103333333333334,8.0,11.0,6.0,52.38095238095239,52.38095238095239,-110,-110,9,1
2025-26,2026-01-19,NYI,VAN,778,2.6125147994125637,3.5825576886148167,2.969793119609105,2.845513522213103,2.725551531497361,3.6138389062225857,2.8135594208935713,2.9238964833638406,1,1,0,0,0.8918333333333334,0.9125333333333333,12.0,10.0,5.5,54.54545454545454,50.0,-120,100,7,1
2025-26,2026-01-19,PHI,VGK,779,3.492466903710632,3.1224663121434597,3.0174114337766125,3.3877120366928777,3.5427585433673827,3.2266654064590323,3.0669436791984395,3.3480392298317523,1,1,0,0,0.893425,0.8643275862068965,12.0,9.0,6.5,50.0,54.54545454545454,100,-120,3,0
2025-26,2026-01-20,OTT,CBJ,780,3.1198209991189514,3.2063146567661955,3.269570147287617,3.354437054668068,3.281992781742569,3.1109346799111233,3.3490560381825927,3.5477472012897584,2,1,0,0,0.8870629629629628,0.899309090909091,15.0,0.0,6.5,56.52173913043478,47.61904761904761,-130,110,5,0
2025-26,2026-01-20,BOS,DAL,781,3.125208320613486,2.9924248974665772,3.3533535000425467,2.933952925622238,3.0654802892750967,2.905070711231451,3.18910868562897,3.265652106490963,1,2,0,0,0.9044666666666666,0.9007333333333334,6.0,2.0,6.0,48.78048780487805,55.55555555555556,105,-125,8,1
2025-26,2026-01-20,NJD,EDM,782,3.3686914798133385,2.924014889004121,2.6271564067683073,3.0885899051336407,3.4378212559861394,3.110858821284374,2.688938756309814,3.1781304668708383,1,0,0,1,0.9031862068965517,0.907,2.0,10.0,6.5,48.78048780487805,55.55555555555556,105,-125,3,0
2025-26,2026-01-20,NYR,LAK,783,2.7301535629170566,2.9668656015433514,2.9396921662793596,3.4296244512270184,2.8048041704134374,2.90062541879225,3.1367280796350876,3.13569628252817,2,0,0,1,0.9107000000000001,0.8896599999999999,6.0,9.0,5.5,54.54545454545454,50.0,-120,100,7,1
2025-26,2026-01-20,MIN,MTL,784,3.3708753728915695,3.2239893823664727,3.302792743169479,3.0585215623210065,3.2462003965702766,3.1043218287231937,3.3146921949915447,2.931358324347337,2,0,0,1,0.8953666666666666,0.8904999999999998,6.0,11.0,6.5,50.0,54.54545454545454,100,-120,7,1
2025-26,2026-01-20,BUF,NSH,785,3.040641351413258,3.234483432922264,3.3393380029924327,3.0192427010452456,2.986272968851543,3.0038954770572017,2.9500820611635357,3.1675939892329303,2,0,0,1,0.8975666666666666,0.9031,1.0,11.0,6.5,50.0,54.54545454545454,100,-120,8,1
2025-26,2026-01-20,SJS,TBL,786,3.537356887037342,2.6676777559390126,3.2396291606608747,3.4010499850899474,3.1757647140228173,2.9010640067508833,3.125753480270359,3.3084217301457697,1,0,0,1,0.9167666666666666,0.8919999999999999,8.0,8.0,6.5,52.38095238095239,52.38095238095239,-110,-110,5,0
2025-26,2026-01-20,STL,WPG,787,3.0315532481230627,3.1683679498878283,2.618150332901252,3.2211155711404764,3.293298965560813,3.080516873560008,2.649518087674517,3.5761210006701325,0,1,1,0,0.8952740740740741,0.9042333333333333,7.0,11.0,6.0,52.38095238095239,52.38095238095239,-110,-110,4,0
2025-26,2026-01-21,PIT,CGY,788,2.81778373050963,2.9433533281286457,3.2422654231388934,3.065758087621367,3.107637682746384,2.694365180056041,3.0947594888957632,2.9612036126448027,1,1,0,0,0.9023333333333333,0.894,12.0,10.0,6.0,51.21951219512195,53.48837209302325,-105,-115,5,0
2025-26,2026-01-21,ANA,COL,789,3.708708238947565,2.721699702272222,3.1091197636378465,3.464386338265876,3.9231779393897743,2.5881992557703803,2.9932291485915266,3.6231558849194005,1,1,0,0,0.9174000000000001,0.8940666666666668,17.0,10.0,6.5,57.446808510638306,46.51162790697674,-135,115,3,0
2025-26,2026-01-21,NYI,SEA,790,2.989235855493743,3.1636260931394324,3.002171617197055,2.852506110154112,2.9680238343943,3.0447670282728216,2.859794903455621,2.928223521495358,1,1,0,0,0.9018785714285713,0.9123333333333332,4.0,10.0,5.5,52.38095238095239,52.38095238095239,-110,-110,5,0
2025-26,2026-01-21,DET,TOR,791,3.291199012771552,3.258766967101872,3.147050662604549,2.9384209195019473,3.50912994583231,3.0283430622393492,3.0324809626432216,2.9710855879082434,1,2,0,0,0.9082333333333333,0.9053,8.0,3.0,6.5,48.78048780487805,55.55555555555556,105,-125,3,0
2025-26,2026-01-21,PHI,UTA,792,3.173976428196924,2.7659317586782977,2.9833305550717233,3.3041278194766397,3.316135399384098,2.7674439545014904,3.0218299909990627,3.2516391728639147,3,1,0,0,0.9015666666666665,0.8678666666666667,2.0,9.0,6.0,52.38095238095239,52.38095238095239,-110,-110,9,1
2025-26,2026-01-21,WSH,VAN,793,2.630410486567485,3.5848862517891664,3.1009531643895447,3.1810658912959253,2.7422938651504856,3.613462893381102,3.066249331671712,3.1466082803959408,1,1,0,0,0.8915666666666666,0.9130666666666667,10.0,2.0,6.0,55.55555555555556,48.78048780487805,-125,105,7,1
2025-26,2026-01-22,VGK,BOS,794,3.3051585505970116,3.0312061399680386,3.404654972204952,3.084143142369364,3.3507298719398495,2.804042731401701,3.1327508809045908,2.9949129438940307,1,2,0,0,0.8950344827586207,0.9130666666666668,2.0,12.0,6.0,55.55555555555556,48.78048780487805,-125,105,7,1
2025-26,2026-01-22,CHI,CAR,795,3.3433856673325826,2.9264026216044012,2.766871299088446,3.1504583292914026,3.579648438574071,2.9456792396324833,2.9138011209664314,3.2818912346907765,2,2,0,0,0.8790999999999999,0.9073333333333333,9.0,5.0,6.0,53.48837209302325,51.21951219512195,-115,-105,7,1
2025-26,2026-01-22,DAL,CBJ,796,3.0514754967856974,3.2279921126140607,3.2136103330835244,2.9620293018862753,3.1925540785539246,3.1403952727964595,3.261234761671364,3.022144109407754,1,1,0,0,0.9179666666666667,0.9122413793103448,10.0,6.0,6.0,54.54545454545454,50.0,-120,100,1,0
2025-26,2026-01-22,PIT,EDM,797,3.2874478034928623,2.8953712549605477,3.2615780769129286,2.99940637055482,3.3377128807011736,3.0631524949773095,3.1248660383568683,2.889768601162628,1,0,0,1,0.9027666666666666,0.8804333333333333,2.0,10.0,6.5,55.55555555555556,48.78048780487805,-125,105,8,1
2025-26,2026-01-22,DET,MIN,798,3.2881050979633617,3.0867915563822854,3.110106976315158,2.8803106884718503,3.113618016675664,3.057371328959183,2.99445252835327,2.9003240739670826,1,0,0,1,0.9101333333333333,0.8952000000000001,8.0,5.0,6.0,55.55555555555556,48.78048780487805,-125,105,7,1
2025-26,2026-01-22,BUF,MTL,799,3.384347324545254,3.213249061816469,3.3856021086280355,3.0181988650821694,3.2704140291784607,3.097187057387414,3.026258752168866,3.1589083026956533,1,1,0,0,0.8824333333333333,0.8972793103448276,6.0,10.0,6.5,55.55555555555556,48.78048780487805,-125,105,6,0
2025-26,2026-01-22,OTT,NSH,800,3.038515262424514,3.2857786418722976,3.287525567842973,3.274072000408519,2.987328623575801,3.075793811101716,3.364748229142493,3.443426994552504,1,1,0,0,0.8962333333333333,0.9026166666666667,1.0,2.0,6.5,50.0,54.54545454545454,100,-120,8,1
2025-26,2026-01-22,FLA,WPG,801,3.0301574018655018,3.0975399448563534,3.0051262379127195,3.3633573419578497,3.2776011240050833,3.00169689241184,3.100833402721927,3.3740175730410726,1,2,0,0,0.9097666666666666,0.8950800000000001,6.0,13.0,6.0,52.38095238095239,52.38095238095239,-110,-110,3,0
2025-26,2026-01-23,WSH,CGY,802,2.7638596251446375,2.977273434573527,3.0973388353172813,3.204801636959821,3.026779676521739,2.7490644508471997,3.0634994466372962,3.177356605203068,1,1,0,0,0.9154615384615384,0.9117999999999999,11.0,2.0,6.0,50.0,54.54545454545454,100,-120,4,0
2025-26,2026-01-23,TBL,CHI,803,2.809794431156173,3.1435664899278395,3.541342717221917,2.6193849040111776,2.81074924909991,3.032397572268739,3.5872104105506835,2.6369718909331143,0,2,1,0,0.8797800000000001,0.9175666666666668,4.0,7.0,6.0,52.38095238095239,52.38095238095239,-110,-110,3,0
2025-26,2026-01-23,PHI,COL,804,3.6101422285234914,2.7026012825661834,3.0161661083284743,3.352833623917278,3.795802646297281,2.573543634561133,3.058818299426566,3.31219863153957,1,1,0,0,0.9155814814814816,0.8661333333333334,16.0,9.0,6.5,53.48837209302325,51.21951219512195,-115,-105,10,1
2025-26,2026-01-23,STL,DAL,805,3.1100509446449784,2.9017792623970946,2.572989423942572,3.2094563327432097,3.1737873897375724,2.872008656854395,2.595524217155673,3.5402842658778413,0,2,1,0,0.9042666666666667,0.8793666666666666,5.0,11.0,5.5,52.38095238095239,52.38095238095239,-110,-110,5,0
2025-26,2026-01-23,ANA,SEA,806,3.021400469576438,3.0931353883789723,3.0720628561868253,3.3788813151476504,3.0067317247762677,2.96863441913818,2.9576108100471648,3.513904467977451,1,1,0,0,0.9037655172413793,0.8966666666666666,6.0,10.0,6.5,50.0,54.54545454545454,100,-120,6,0
2025-26,2026-01-23,NYR,SJS,807,3.1636282674410854,3.411443972537676,2.9417856428900904,3.439349745763443,3.236230732391523,3.394383878327026,3.1295405656320936,3.1615157489460883,2,2,0,0,0.8953000000000001,0.8463857142857144,8.0,9.0,6.5,58.333333333333336,45.45454545454545,-140,120,4,0
2025-26,2026-01-23,VGK,TOR,808,3.2144983675105436,3.2149331826237764,3.3849244234881493,3.1113359221649417,3.408423912270087,2.992562178686831,3.1266401907961505,3.0306240057105898,1,0,0,1,0.9020739130434784,0.8926882352941176,7.0,13.0,6.0,54.54545454545454,50.0,-120,100,9,1
2025-26,2026-01-23,NJD,VAN,809,2.68024943671944,3.557356911106237,2.6124476821279763,3.020309034554716,2.7942532928522983,3.580489929709591,2.670411448171152,3.0928385584030083,1,2,0,0,0.8921666666666667,0.8879666666666667,7.0,10.0,6.0,52.38095238095239,52.38095238095239,-110,-110,9,1
2025-26,2026-01-24,MTL,BOS,810,3.322846914957337,3.0308709260677995,3.3360366010511986,3.2355799576488997,3.365850986383223,2.8190135585963154,3.3564695867950842,3.3236150466400947,1,1,0,0,0.8988,0.8811666666666667,2.0,5.0,6.5,52.38095238095239,52.38095238095239,-110,-110,7,1
2025-26,2026-01-24,TBL,CBJ,811,2.9873823114994043,3.1240779826066216,3.4861577876559515,2.5774387522405817,3.105625439884445,3.024270064439072,3.5223452824791703,2.5869972662647838,1,0,0,1,0.9197000000000001,0.8960714285714285,10.0,7.0,6.5,50.0,54.54545454545454,100,-120,13,1
2025-26,2026-01-24,WSH,EDM,812,3.246264330919641,2.997447484284434,3.096156887744879,3.1362390406338054,3.2835361044337716,3.177724175875872,3.0647413370888255,3.0970849406877154,1,0,0,1,0.8986105263157894,0.8911692307692308,2.0,2.0,6.5,55.55555555555556,48.78048780487805,-125,105,11,1
2025-26,2026-01-24,FLA,MIN,813,3.309813869155627,3.0870451908514367,2.9773894277797095,3.2868707836509836,3.1481881081543324,3.0599244518952995,3.062194687036119,3.279378319099106,1,1,0,0,0.9102666666666667,0.8854,6.0,11.0,6.0,53.48837209302325,51.21951219512195,-115,-105,7,1
2025-26,2026-01-24,UTA,NSH,814,3.1037490678548325,3.2764754239093796,3.2332250804706075,2.8135726762981412,3.064602226155581,3.0773228259366783,2.94829434362921,2.945134709563997,1,2,0,0,0.8960333333333333,0.9008333333333333,2.0,3.0,6.0,53.48837209302325,51.21951219512195,-115,-105,7,1
2025-26,2026-01-24,BUF,NYI,815,2.9436916884153876,2.895154313996738,3.4029209037550143,2.990646848025206,3.215532241012887,2.8532231473334297,3.069009709663416,3.1165323328091663,2,1,0,0,0.8995333333333332,0.9033,8.0,12.0,6.5,51.21951219512195,53.48837209302325,-105,-115,5,0
2025-26,2026-01-24,CAR,OTT,816,3.2780410981485004,3.3278399796623406,3.3307979248789374,2.965082460779589,3.118759010978687,3.0355266099096174,2.9930778556199193,2.9919805209864325,1,1,0,0,0.8985076923076923,0.9046666666666667,2.0,9.0,6.0,54.54545454545454,50.0,-120,100,5,0
2025-26,2026-01-24,LAK,STL,817,2.5670933867209405,3.2041416755458507,2.777297379227898,2.9711437916571297,2.7516480192057258,2.9097810736785075,2.8067789939057466,3.027333992156797,0,3,1,0,0.9036333333333333,0.9096333333333334,11.0,3.0,5.5,47.61904761904761,56.52173913043478,110,-130,9,1
2025-26,2026-01-24,DET,WPG,818,2.9704501329703454,3.0658820949664016,3.109688394363839,2.922028734170989,3.1899172378318514,2.9746743142835075,3.004807680595753,2.9442539583261924,1,1,0,0,0.9105,0.9069,6.0,5.0,6.0,51.21951219512195,53.48837209302325,-105,-115,6,
2025-26,2026-01-25,ANA,CGY,819,2.717815158837267,2.983369987421761,3.1054193745780045,3.3350661069220493,2.9522878613533803,2.774467278872673,3.0059127748612813,3.4523981499459517,1,1,0,0,0.9014,0.8969333333333334,11.0,10.0,6.0,50.0,54.54545454545454,100,-120,7,1
2025-26,2026-01-25,FLA,CHI,820,2.762209045497267,3.111126490990699,3.0121390765506217,3.2753820901816044,2.7515379343548947,3.0063075540435205,3.1031585581441976,3.2619638487573814,1,0,0,1,0.9071333333333332,0.8964384615384616,4.0,11.0,6.0,48.78048780487805,55.55555555555556,105,-125,6,
2025-26,2026-01-25,VGK,OTT,821,3.2044734024616104,3.3454902083595197,3.466548796249919,3.1122600533536957,3.0384442284489572,3.0755148106553385,3.2421709454479593,3.0313974246413857,0,1,1,0,0.7897727272727273,0.8906666666666667,2.0,12.0,6.5,52.38095238095239,52.38095238095239,-110,-110,8,1
2025-26,2026-01-25,NJD,SEA,822,2.9952437444777,3.126119583261821,2.6995673620867837,3.056600018456488,2.9734417281036327,3.017850683757059,2.7690917512455644,3.1278732814030237,1,1,0,0,0.9010666666666666,0.8869666666666666,6.0,10.0,5.5,54.54545454545454,50.0,-120,100,6,1
2025-26,2026-01-25,COL,TOR,823,3.210814908358274,3.304842774467755,3.5873340084226775,2.84935225760533,3.391034067822167,3.108980729170006,3.3082956128249563,2.9026917451374246,1,1,0,0,0.9101,0.9091428571428573,6.0,16.0,6.5,53.48837209302325,51.21951219512195,-115,-105,5,0
2025-26,2026-01-25,PIT,VAN,824,2.73257718122506,3.5986877388512664,3.3483242899574046,2.973599759297026,2.84803027151635,3.632019329563045,3.241243016915963,2.8590288938553714,1,2,0,0,0.8901666666666667,0.8948666666666666,8.0,7.0,6.0,55.55555555555556,48.78048780487805,-125,105,5,0
2025-26,2026-01-26,ANA,EDM,825,3.3307056347516633,3.0627663278198414,3.1331967524235624,3.3207140316942314,3.3777999761969086,3.2487788555492165,3.0426595420296296,3.4300435931675786,1,0,0,1,0.8976333333333334,0.9056523809523811,1.0,10.0,6.5,57.446808510638306,46.51162790697674,-135,115,11,1
2025-26,2026-01-26,BOS,NYR,826,2.889020228201578,3.424940221907226,3.3443831856671653,3.0353013800038267,2.6487773423074463,3.4136981639413175,3.150026745103091,3.3625617793268425,2,1,0,0,0.8881461538461538,0.8956000000000001,9.0,3.0,6.5,53.48837209302325,51.21951219512195,-115,-105,7,1
2025-26,2026-01-26,NYI,PHI,827,3.148020686702938,3.343233058953237,2.85581210362121,2.965633366458305,3.009660710484891,3.149306454351588,2.8059976197857788,2.97024631314392,2,1,0,0,0.8686666666666667,0.9116,7.0,10.0,6.0,50.0,54.54545454545454,100,-120,4,0
2025-26,2026-01-26,UTA,TBL,828,3.530740272044471,2.759784256279121,3.28710933785339,2.794034320913738,3.201563945144483,2.840256848509124,3.0299816478761934,2.911572115601478,1,1,0,0,0.9181,0.9014333333333333,6.0,2.0,6.0,51.21951219512195,53.48837209302325,-105,-115,2,0
2025-26,2026-01-27,NSH,BOS,829,3.328462041961482,3.065191476656774,3.069295872860853,3.32732556121987,3.384382723080577,2.8365695204716395,3.0583379580160286,3.457599951755112,0,2,1,0,0.8984666666666666,0.8955000000000001,3.0,2.0,6.5,50.0,54.54545454545454,100,-120,5,0
2025-26,2026-01-27,LAK,DET,830,3.1677013200948863,2.8649174450778485,2.85248199190328,3.005671055962716,3.2181482016481873,3.0609982527382127,2.893641597189675,3.0646153099696876,2,2,0,0,0.9081666666666667,0.9048655172413794,5.0,6.0,5.5,51.21951219512195,53.48837209302325,-105,-115,4,0
2025-26,2026-01-27,UTA,FLA,831,3.07455671034978,3.200315292855976,3.180092711959706,2.77289719253058,2.9888613171847975,3.195904033977742,2.9204810809224435,2.882010238204996,1,0,0,1,0.8851333333333334,0.8860304347826088,11.0,3.0,6.0,53.48837209302325,51.21951219512195,-115,-105,7,1
2025-26,2026-01-27,CHI,MIN,832,3.2963098729110145,3.115223383814207,2.7121601399692983,3.1687898246978974,3.1373839041467835,3.0982255923148507,2.9680176625612598,3.2622627162764566,2,1,0,0,0.8893000000000001,0.9058666666666667,6.0,3.0,6.0,53.48837209302325,51.21951219512195,-115,-105,7,1
2025-26,2026-01-27,VGK,MTL,833,3.3241404489120217,3.2596156646754895,3.382687772275214,3.2326733934424627,3.217587657381106,3.1386781626529014,3.1550598242627617,3.1782527436165426,2,1,0,0,0.8945000000000001,0.9119333333333335,5.0,12.0,6.5,53.48837209302325,51.21951219512195,-115,-105,5,0
2025-26,2026-01-27,WPG,NJD,834,2.683201496528147,3.08533171287685,2.910266662476797,3.1259255940096584,2.807375853033794,2.982921025502921,2.779834661951865,3.219180577687656,1,2,0,0,0.9080666666666667,0.9097000000000002,10.0,6.0,5.5,51.21951219512195,53.48837209302325,-105,-115,7,1
2025-26,2026-01-27,WSH,SEA,835,3.027190637675571,3.089360138330304,3.156059133351225,3.225249205920393,3.012282052509122,2.9806960890873184,3.1404917019319685,3.1999281312932397,1,2,0,0,0.9035333333333333,0.9126666666666666,6.0,5.0,6.0,53.48837209302325,51.21951219512195,-115,-105,6,
2025-26,2026-01-27,DAL,STL,836,2.6205157593061514,3.2581158242560564,3.1093064448980443,2.8799134265348028,2.8034438731981206,2.9883133067674814,3.1491937741706404,2.9479536687973615,2,3,0,0,0.8788999999999999,0.9044000000000001,11.0,6.0,5.5,53.48837209302325,51.21951219512195,-115,-105,7,1
2025-26,2026-01-27,BUF,TOR,837,3.1391652043303178,3.3220203587006263,3.4471372456277867,2.898676257097465,3.301416987323168,3.1382416616215445,3.141445000584095,3.0000863223864522,1,2,0,0,0.9103,0.8990666666666667,4.0,16.0,6.5,53.48837209302325,51.21951219512195,-115,-105,11,1
2025-26,2026-01-27,SJS,VAN,838,2.716314188209852,3.5719877926149013,3.1618544474235692,3.3351064717345404,2.822532126291427,3.597520098121401,3.05331758261701,3.325627439865581,1,3,0,0,0.8901000000000001,0.8913333333333334,12.0,8.0,6.5,54.54545454545454,50.0,-120,100,7,1
2025-26,2026-01-28,PHI,CBJ,839,3.149356941442738,3.185861598887497,3.0485429986852397,3.359181457460683,3.2860442396695606,3.106730759644132,3.216457488201411,3.296820447089159,3,1,0,0,0.8855428571428572,0.9025666666666666,4.0,5.0,6.5,50.0,54.54545454545454,100,-120,8,1
2025-26,2026-01-28,NYR,NYI,840,2.89549358705397,2.87559568855202,2.9271702379343267,3.406427496147979,3.092928890034701,2.9418161295887235,3.0637386000845117,3.156683101701624,1,1,0,0,0.8969333333333334,0.8521000000000001,6.0,9.0,6.5,47.61904761904761,56.52173913043478,110,-130,7,1
2025-26,2026-01-28,COL,OTT,841,3.3219607761808754,3.2695365162521,3.5928078468350946,2.796539285902204,3.187393151158373,2.999597521247246,3.3305786606659478,2.8370265066584426,2,2,0,0,0.8925142857142857,0.9119517241379311,3.0,16.0,6.5,55.55555555555556,48.78048780487805,-125,105,7,1
2025-26,2026-01-29,PHI,BOS,842,3.316157352079051,3.0345050207556987,3.048769841626442,3.406731514056906,3.368926339470709,2.812405260361109,3.204402460623116,3.3588261020295596,1,0,0,1,0.8990666666666667,0.8676666666666667,4.0,5.0,6.0,54.54545454545454,50.0,-120,100,9,1
2025-26,2026-01-29,LAK,BUF,843,3.5544974925552832,2.9390095874025626,2.8638539688782805,2.947263105474644,3.567147915942233,2.958898724224885,2.9024026149271096,2.995394622737158,1,1,0,0,0.9058333333333334,0.9087000000000001,16.0,5.0,5.5,53.48837209302325,51.21951219512195,-115,-105,5,0
2025-26,2026-01-29,UTA,CAR,844,3.3498307944789945,2.908321622448921,3.206955597230148,2.7882141433613796,3.55044551616569,2.9952596116240264,2.9617864244257612,2.89685248270767,4,1,0,0,0.9077333333333334,0.9020333333333334,6.0,3.0,6.0,52.38095238095239,52.38095238095239,-110,-110,9,1
2025-26,2026-01-29,WSH,DET,845,3.1023958870050836,2.8759428035074057,3.0915309366586636,3.281189763552394,3.143298872354422,3.059816869835879,3.0625481426269476,3.270152066794585,1,1,0,0,0.9081,0.8890962962962964,5.0,6.0,6.5,52.38095238095239,52.38095238095239,-110,-110,7,1
2025-26,2026-01-29,SJS,EDM,846,3.443008871018983,3.095025631489522,3.2203425845346856,3.2916447050902735,3.5107324038011316,3.27275640110411,3.124845994861887,3.278520421588074,2,1,0,0,0.8955500000000001,0.8918666666666667,1.0,8.0,7.0,51.21951219512195,53.48837209302325,-105,-115,7,
2025-26,2026-01-29,CGY,MIN,847,3.318338842516707,3.11494956892653,2.735800343807644,3.0197284828527993,3.1753085309608284,3.095009397273871,2.580346187339498,3.282102009117246,1,3,0,0,0.9095999999999999,0.9169000000000002,6.0,11.0,6.0,51.21951219512195,53.48837209302325,-105,-115,5,0
2025-26,2026-01-29,COL,MTL,848,3.3134329009098664,3.220969484657591,3.5361327485129057,2.871790210886628,3.215466614264427,3.096171304637993,3.274436453770671,2.927663362440339,1,0,0,1,0.8964333333333333,0.9176666666666667,5.0,15.0,6.5,55.55555555555556,48.78048780487805,-125,105,10,1
2025-26,2026-01-29,NSH,NJD,849,2.704241797043615,3.1181602620216493,3.040107924941051,3.316871924852975,2.8308446129022755,3.0228935888832233,3.018802579708546,3.442808331437313,1,1,0,0,0.8862333333333333,0.88178,11.0,2.0,6.0,55.55555555555556,48.78048780487805,-125,105,5,0
2025-26,2026-01-29,NYI,NYR,850,2.903452234925414,3.4526714046293456,2.966303491538492,2.854281355197842,2.716703744044178,3.389009011580062,2.852199724746025,2.872793628194189,0,0,1,1,0.8877074074074074,0.9129333333333333,9.0,7.0,6.0,51.21951219512195,53.48837209302325,-105,-115,3,0
2025-26,2026-01-29,CHI,PIT,851,3.335402092128644,2.947502581824154,2.7307505703537145,3.1965613557662325,3.295670830108093,3.201513941572737,2.969905709004186,3.295982458682787,3,1,0,0,0.8820999999999999,0.8835000000000002,9.0,3.0,6.5,50.0,54.54545454545454,100,-120,8,1
2025-26,2026-01-29,TOR,SEA,852,3.0932545759975185,3.027990897724144,3.1685373188895873,3.435721154784807,3.0958824763721684,2.9093839526168344,3.0212615794873496,3.436640237437439,1,1,0,0,0.9017999999999998,0.8989833333333334,6.0,4.0,6.5,51.21951219512195,53.48837209302325,-105,-115,7,1
2025-26,2026-01-29,FLA,STL,853,2.6440114349941823,3.282135331685761,3.0765439898837146,3.2273822824675893,2.826427856127739,3.0246566106788073,3.1698188340311866,3.1849086230066397,1,1,0,0,0.9024333333333333,0.8982555555555555,9.0,12.0,5.5,53.48837209302325,51.21951219512195,-115,-105,9,1
2025-26,2026-01-29,WPG,TBL,854,3.4785416886775233,2.6822705096521715,2.9517733002483455,3.1259738109038633,3.1653304684401347,2.7340670537196567,2.8291474662991507,3.22113700610856,2,1,0,0,0.9199,0.9095666666666666,4.0,6.0,5.5,53.48837209302325,51.21951219512195,-115,-105,5,0
2025-26,2026-01-29,ANA,VAN,855,2.7033527140056925,3.611168681577182,3.162822017263044,3.434444951124297,2.8094116254544805,3.634268403617452,3.073385739564085,3.5613005072999595,1,2,0,0,0.8857117647058823,0.8974000000000001,14.0,10.0,6.5,55.55555555555556,48.78048780487805,-125,105,2,0
2025-26,2026-01-29,DAL,VGK,856,3.337855251264854,3.2261501486404196,3.1398612991978094,2.8904166225938863,3.444793835174606,3.180312430842215,3.1743772038882416,2.963585199990052,1,1,0,0,0.8823368421052633,0.9040666666666667,12.0,6.0,6.0,52.38095238095239,52.38095238095239,-110,-110,9,1
2025-26,2026-01-30,CBJ,CHI,857,2.7151047613239485,3.282461448675573,3.208437941524721,3.180966002072924,2.707481537405973,3.073600881230333,2.9320532071577072,3.3181995878704216,0,1,1,0,0.9052666666666667,0.8856137931034482,4.0,5.0,6.0,55.55555555555556,48.78048780487805,-125,105,6,
2025-26,2026-01-31,MTL,BUF,858,3.5616606347212256,2.882540352445271,3.424510039961359,3.2126882451989216,3.5808118899750796,2.885586354218568,3.3413726167394793,3.354873771783315,1,1,0,0,0.9082333333333333,0.8966333333333334,16.0,6.0,6.5,54.54545454545454,50.0,-120,100,6,0
2025-26,2026-01-31,SJS,CGY,859,2.68834936779934,3.0517710545201227,3.2119019707996483,3.3108962234815396,2.9670792432518667,2.8219411376738384,3.1155639665010275,3.306538942678181,1,1,0,0,0.9002,0.8975000000000001,11.0,4.0,6.0,53.48837209302325,51.21951219512195,-115,-105,5,0
2025-26,2026-01-31,COL,DET,860,3.0995338307256928,2.9147210672468384,3.512371018931375,3.0043495104996802,3.1423772246773014,3.0895647705705236,3.2572705230985517,3.0836086713839443,1,1,0,0,0.9075000000000001,0.9104000000000002,5.0,16.0,6.5,51.21951219512195,53.48837209302325,-105,-115,5,0
2025-26,2026-01-31,MIN,EDM,861,3.454375060694589,3.092088213491567,3.3354759131614378,3.04917458721913,3.523879093307191,3.2558173939626864,3.3039105718302446,2.977007566495064,1,1,0,0,0.8977666666666667,0.8891666666666665,1.0,6.0,6.5,57.446808510638306,46.51162790697674,-135,115,10,1
2025-26,2026-01-31,WPG,FLA,862,3.1060197293566096,3.2806675845792492,2.89356378179667,3.1525069952006093,3.0009849892950204,3.2224725132499334,2.7688180940248164,3.2458591821744314,1,1,0,0,0.8845999999999999,0.8971285714285714,13.0,6.0,6.0,51.21951219512195,53.48837209302325,-105,-115,3,0
2025-26,2026-01-31,NSH,NYI,863,2.9382380857045916,2.8006180909876868,3.008179399051542,3.302728922122683,3.1693320589214364,2.907169768957351,2.981652150330308,3.4193647907695,1,1,0,0,0.9135333333333333,0.8955000000000001,7.0,3.0,5.5,54.54545454545454,50.0,-120,100,7,1
2025-26,2026-01-31,NJD,OTT,864,3.3717328364463737,3.228740336175507,2.7195322560813837,3.082760132929027,3.2567371204831357,2.963113609906337,2.74677781842957,3.164303034710386,2,1,0,0,0.8903000000000001,0.9065999999999999,2.0,11.0,5.5,54.54545454545454,50.0,-120,100,5,0
2025-26,2026-01-31,LAK,PHI,865,3.049130884998996,3.4830444857059484,2.8102728008336944,2.9830186345308047,2.9076268900851048,3.176334457059035,2.834842915746933,3.037523689880172,1,1,0,0,0.9020333333333334,0.9087000000000001,6.0,3.0,5.5,53.48837209302325,51.21951219512195,-115,-105,5,0
2025-26,2026-01-31,NYR,PIT,866,3.414242386148866,2.920500710462073,2.8472276969650703,3.4011739059463975,3.3907990991404793,3.1549863155244027,3.0236664017246997,3.225799663967067,1,1,0,0,0.8960000000000001,0.8881642857142857,11.0,9.0,6.5,50.0,54.54545454545454,100,-120,11,1
2025-26,2026-01-31,CBJ,STL,867,2.724957440967982,3.301693864190232,3.2315549255898084,3.143346447058988,2.9080826039744743,3.0616713132831643,2.9760177369697196,3.2651335640214723,1,0,0,1,0.8781,0.9181666666666667,8.0,5.0,6.5,50.0,54.54545454545454,100,-120,8,1
2025-26,2026-01-31,DAL,UTA,868,3.2315238108290116,2.863703050841245,3.198085336240045,2.929599257742419,3.380269643854096,2.8308701747930534,3.240825218946999,3.001371446775645,1,1,0,0,0.9009,0.9134,2.0,6.0,5.5,54.54545454545454,50.0,-120,100,5,0
2025-26,2026-01-31,TOR,VAN,869,2.6884356313590723,3.491054607020924,3.131908419705579,3.4791722318705003,2.7834602413791796,3.4941939850982346,2.9860230465358124,3.4887183738207526,1,1,0,0,0.8925555555555555,0.9071,14.0,2.0,6.5,53.48837209302325,51.21951219512195,-115,-105,5,0
2025-26,2026-01-31,SEA,VGK,870,3.355211528848817,3.2798755512542397,3.1529419389323263,2.997724232971634,3.4559525324049623,3.2490857356228884,2.953858431135675,3.17817746591915,1,1,0,0,0.9116,0.9026666666666666,12.0,8.0,6.0,54.54545454545454,50.0,-120,100,5,0
2025-26,2026-01-31,CAR,WSH,871,3.120162125902247,3.269931625826198,3.3978661051131147,2.94645249665315,3.1853577964587028,3.0814039595345832,3.0349432940006213,2.9248684123482054,1,1,0,0,0.9016727272727273,0.8789000000000001,10.0,6.0,6.5,53.48837209302325,51.21951219512195,-115,-105,7,1
2025-26,2026-02-01,VGK,ANA,872,3.063739633002907,3.38428829631381,3.309125819762274,3.2683265930889145,3.3250680584888825,3.19391375922056,3.1124570339584348,3.178302843482378,2,0,0,1,0.8985333333333334,0.8807500000000001,7.0,12.0,6.5,54.54545454545454,50.0,-120,100,7,1
2025-26,2026-02-01,LAK,CAR,873,3.3811024979813262,2.9821683783377355,2.8219126778460404,2.9553693173578823,3.596253840732143,3.0325386388148976,2.84671200980973,3.002929700387082,0,0,1,1,0.9057333333333334,0.907,6.0,3.0,5.5,54.54545454545454,50.0,-120,100,5,0
2025-26,2026-02-01,BOS,TBL,874,3.4878656251714686,2.6364556467890297,3.39680500335102,3.035965061551423,3.192803395821567,2.6779128554726612,3.1417606853072937,3.386709122829924,2,2,0,0,0.9206333333333333,0.8994000000000001,2.0,5.0,6.0,51.21951219512195,53.48837209302325,-105,-115,11,1
2025-26,2026-02-02,TOR,CGY,875,2.706044817679391,3.021185127513574,3.1280961682309387,3.4279704275980323,2.9709335852389542,2.800379616435298,2.988343537165457,3.4278174647398285,1,1,0,0,0.9006000000000001,0.9078999999999999,11.0,4.0,6.0,54.54545454545454,50.0,-120,100,6,
2025-26,2026-02-02,SJS,CHI,876,2.700475890849121,3.302560174066563,3.1735245645417214,3.2988084973044427,2.6886004960050403,3.110344722680548,3.078172361300351,3.2909770130508544,2,1,0,0,0.9047999999999999,0.8915333333333334,4.0,4.0,6.5,51.21951219512195,53.48837209302325,-105,-115,9,1
2025-26,2026-02-02,DET,COL,877,3.5535380339303364,2.9146924232850666,3.0060414623858716,2.9839467379238847,3.7625389670318143,2.755923885871831,3.0807605493015364,2.8850563261911346,1,1,0,0,0.9136666666666667,0.9058333333333334,14.0,5.0,6.5,48.78048780487805,55.55555555555556,105,-125,2,0
2025-26,2026-02-02,WPG,DAL,878,3.1905157804670927,2.9039429229742533,2.8698953620205994,3.0855418870930555,3.1739228654863445,2.8526835325843036,2.7477955710659594,3.163203701158313,1,1,0,0,0.9026666666666666,0.9098999999999999,6.0,6.0,5.5,50.0,54.54545454545454,100,-120,7,1
2025-26,2026-02-02,BUF,FLA,879,3.0414355269899405,3.238693355197169,3.5065055208453084,2.9216711142566107,2.933686609070105,3.1771612189259058,3.2804459732180575,3.046716897788693,1,1,0,0,0.8851333333333334,0.9078333333333333,13.0,14.0,6.0,54.54545454545454,50.0,-120,100,8,1
2025-26,2026-02-02,MTL,MIN,880,3.4461981489971985,3.0503330337899666,3.4381224146661844,3.174653559342178,3.2059223128009897,3.0214026068719595,3.3642600790761508,3.3002302576858584,1,1,0,0,0.9108666666666667,0.8987666666666667,6.0,6.0,6.5,52.38095238095239,52.38095238095239,-110,-110,7,1
2025-26,2026-02-02,STL,NSH,881,3.042290152892031,3.291844203579306,2.740961998437015,3.3519796475253254,3.032008797513899,3.151473917441477,2.5930392083478195,3.5203667849907347,1,1,0,0,0.8955666666666667,0.9006333333333334,2.0,7.0,6.0,50.0,54.54545454545454,100,-120,11,1
2025-26,2026-02-02,OTT,PIT,882,3.4924207995321703,2.9912733882035947,3.3893435313644287,3.1603458617225595,3.4834505591403135,3.2234123390966887,3.357428713166393,3.5008528204774105,1,1,0,0,0.8822333333333333,0.8924333333333334,9.0,2.0,6.5,51.21951219512195,53.48837209302325,-105,-115,5,0
2025-26,2026-02-02,VAN,UTA,883,3.1929383171934624,2.8734853896609946,2.675945496875991,3.471232529250707,3.3265087550022243,2.8437038054259256,2.772145738708416,3.369136782424752,1,1,0,0,0.9010333333333332,0.8883,2.0,14.0,6.5,51.21951219512195,53.48837209302325,-105,-115,8,1
2025-26,2026-02-02,NYI,WSH,884,3.1496513386023985,3.2615219033730654,2.945838489961728,2.845631358716428,3.2182928535329536,3.0796318619489975,2.8287257169381306,2.8138658772108003,1,1,0,0,0.8679636363636363,0.8964666666666666,8.0,6.0,6.5,52.38095238095239,52.38095238095239,-110,-110,5,0
2025-26,2026-02-03,SEA,ANA,885,3.095568779543506,3.3699992308653135,3.149561713475206,2.9708070182788697,3.3511767221732223,3.184695649567122,2.9581571888478266,3.1392978698490532,1,2,0,0,0.8986666666666667,0.9043333333333333,7.0,8.0,6.5,51.21951219512195,53.48837209302325,-105,-115,6,0
2025-26,2026-02-03,OTT,CAR,886,3.366758421230267,2.9559453831216222,3.3726089866950337,3.1236453336438323,3.5714856123758576,2.997051349318346,3.3367571664180664,3.4420878880610766,1,0,0,1,0.9048666666666667,0.8919666666666667,4.0,2.0,6.5,53.48837209302325,51.21951219512195,-115,-105,7,1
2025-26,2026-02-03,TOR,EDM,887,3.4374180601492124,3.2154856766138864,3.156030203323313,3.380090676480462,3.5020494270009723,3.3879871271143154,3.026642122770532,3.37361481578501,2,0,0,1,0.8924454545454545,0.8959999999999999,1.0,4.0,7.0,51.21951219512195,53.48837209302325,-105,-115,7,
2025-26,2026-02-03,CBJ,NJD,888,2.6756634083029116,3.114196816564224,3.286439203256391,3.1405542554603043,2.8465102663436577,2.9878054543055486,3.0515091620533155,3.2569594754571627,2,2,0,0,0.8875666666666666,0.8864333333333333,11.0,6.0,6.0,51.21951219512195,53.48837209302325,-105,-115,3,0
2025-26,2026-02-03,PIT,NYI,889,2.888160807310044,2.8850774587392194,3.4394253576636635,2.993130244689075,3.1659523536569054,2.9516119714710043,3.2299450480328917,2.8424309783540833,0,0,1,1,0.9132,0.8936666666666667,6.0,9.0,5.5,52.38095238095239,52.38095238095239,-110,-110,9,1
2025-26,2026-02-03,WSH,PHI,890,3.0205188043264637,3.4646727581985215,3.1751799724820824,3.1895986517244985,2.8833497170415687,3.170835720414882,3.097484612055822,3.2631007735162014,2,0,0,1,0.9011666666666668,0.8775166666666666,6.0,8.0,6.5,50.0,54.54545454545454,100,-120,6,0
2025-26,2026-02-03,BUF,TBL,891,3.5618351838107083,2.7201296216509347,3.5475591571061025,2.928828897638725,3.2996771949925634,2.772448635043844,3.338049564283076,3.0503065808141914,1,0,0,1,0.9189666666666666,0.9009636363636364,5.0,16.0,6.5,50.0,54.54545454545454,100,-120,7,1
2025-26,2026-02-04,CHI,CBJ,892,3.2748157658238934,3.043282206113152,2.810502624233418,3.291637318792868,3.3570012213416454,3.1013349674487523,2.9387524852342195,3.3969753128174975,0,1,1,0,0.9181666666666667,0.9044666666666666,5.0,3.0,5.5,54.54545454545454,50.0,-120,100,4,0
2025-26,2026-02-04,EDM,CGY,893,2.692107602803566,3.053978173175998,3.387669418145962,3.2684018590727657,2.9435324649391754,2.847122549066808,3.218471452469906,2.9882978410944303,1,0,0,1,0.9154785714285715,0.8946333333333333,11.0,1.0,6.5,52.38095238095239,52.38095238095239,-110,-110,7,1
2025-26,2026-02-04,SJS,COL,894,3.4368914436348055,2.8904101961549755,3.1683962363581015,3.380530217738076,3.6185609754909023,2.733193289930284,3.0735686173988457,3.3894262892513085,1,1,0,0,0.9149333333333334,0.8895333333333333,14.0,4.0,6.5,53.48837209302325,51.21951219512195,-115,-105,6,0
2025-26,2026-02-04,STL,DAL,895,3.2156400857461875,2.911882940717217,2.817553055356667,3.430352500302536,3.20924306231836,2.8607405305452693,2.687475977641955,3.6079091897610827,1,1,0,0,0.9024666666666668,0.8771666666666668,5.0,7.0,6.0,50.0,54.54545454545454,100,-120,9,1
2025-26,2026-02-04,BOS,FLA,896,3.0432681637709895,3.2928661336496785,3.4441181759626645,3.1311973971295193,2.9456970544091834,3.237704057278366,3.2075790967320414,3.483973747524596,1,2,0,0,0.8832666666666665,0.8942666666666668,11.0,3.0,6.5,52.38095238095239,52.38095238095239,-110,-110,9,1
2025-26,2026-02-04,SEA,LAK,897,2.804385391994601,2.962417245511565,3.114631376430352,3.006110792660614,2.864947129575795,2.9157191384076735,2.9248290851896264,3.1743330158031124,2,0,0,1,0.9087666666666667,0.9033333333333334,5.0,9.0,5.5,51.21951219512195,53.48837209302325,-105,-115,6,1
2025-26,2026-02-04,MIN,NSH,898,3.136683028418068,3.343497412701819,3.459732145862623,3.0518989222774295,3.1446121489409995,3.2139990612746643,3.4349481130116493,2.9872387816073767,1,1,0,0,0.8940333333333333,0.9100666666666667,0.0,6.0,6.5,55.55555555555556,48.78048780487805,-125,105,11,1
2025-26,2026-02-04,DET,UTA,899,3.280222365674795,2.8527794675388547,2.979622965081636,2.897139210900009,3.426222322521162,2.8168456734127547,3.042270853963814,2.792225464138986,1,1,0,0,0.9013000000000001,0.9072333333333333,2.0,5.0,6.0,51.21951219512195,53.48837209302325,-105,-115,5,0
2025-26,2026-02-04,VAN,VGK,900,3.300151482784229,3.2921575392833993,2.6643609455577315,3.545048494089223,3.4060836135705315,3.2370029868273935,2.749025723643982,3.4638821983755306,2,1,0,0,0.9109333333333335,0.8852999999999999,14.0,16.0,6.5,51.21951219512195,53.48837209302325,-105,-115,7,1
2025-26,2026-02-04,MTL,WPG,901,2.881445539664696,3.1176934125619,3.422158896433735,3.2019866692473773,3.12436691779684,3.050780453765766,3.344350802048571,3.330453576457177,1,1,0,0,0.9090333333333334,0.8794333333333333,6.0,6.0,6.5,50.0,54.54545454545454,100,-120,6,0
2025-26,2026-02-05,PIT,BUF,902,3.525269932369941,2.9667017615523927,3.4535941154634338,3.059401332099159,3.5204587543273997,2.9335987101071166,3.254461535510236,2.931704447830158,1,1,0,0,0.9083666666666667,0.8825666666666667,16.0,11.0,6.5,56.52173913043478,47.61904761904761,-130,110,7,1
2025-26,2026-02-05,NYI,NJD,903,2.602411418735205,3.112492773992279,2.959244034348769,2.9255889654771723,2.7525430236374384,2.9907000501827343,2.7690604221447277,2.8662331349057117,1,1,0,0,0.9066666666666666,0.9124666666666668,11.0,5.0,5.5,47.61904761904761,56.52173913043478,110,-130,4,0
2025-26,2026-02-05,CAR,NYR,904,2.922321519868306,3.4807588990109344,3.3836966863408757,2.9615974623073753,2.6667432391871326,3.3339909960027034,3.0361179415357,2.976355016970946,4,1,0,0,0.8864241379310345,0.9044000000000001,9.0,4.0,6.0,54.54545454545454,50.0,-120,100,2,0
2025-26,2026-02-05,OTT,PHI,905,3.0528965875411807,3.4141864083458926,3.3576129925380793,3.1512573566093702,2.929900142345244,3.1270582052128866,3.320758138659558,3.457161890531058,1,1,0,0,0.9017666666666666,0.8864875,6.0,3.0,6.0,54.54545454545454,50.0,-120,100,3,0
2025-26,2026-02-05,FLA,TBL,906,3.5678518757091124,2.73536179524275,3.104305467723401,3.3112653073142457,3.3224298650877486,2.7864542171681275,3.2020502952761665,3.2523603411653172,1,0,0,1,0.9183,0.8958,5.0,16.0,6.0,50.0,54.54545454545454,100,-120,7,1
2025-26,2026-02-05,LAK,VGK,907,3.347964205438103,3.247983150266807,2.7839592917646785,2.996198002450688,3.455654953008112,3.1888521439029387,2.8208956830708183,3.0107910151829627,0,0,1,1,0.879947619047619,0.9070666666666668,14.0,5.0,5.5,54.54545454545454,50.0,-120,100,5,0
2025-26,2026-02-05,NSH,WSH,908,3.137969247741289,3.213006837576796,3.1926933803766775,3.420478456699642,3.246829020864506,3.003370612428878,3.0204017838627246,3.404656916099089,1,0,0,1,0.9111999999999999,0.8860888888888888,4.0,0.0,6.5,52.38095238095239,52.38095238095239,-110,-110,6,0
2025-26,2026-02-25,EDM,ANA,909,3.1236597427201964,3.3234843114626313,3.3713563915010707,3.2883755243326536,3.373158693579201,3.136997165500212,3.20678799086598,3.0286344103485754,5,5,0,0,0.8992666666666668,0.8932333333333332,7.0,1.0,6.5,60.0,44.44444444444444,-150,125,11,1
2025-26,2026-02-25,SEA,DAL,910,3.269736610101895,2.949648779106731,3.1417716663837005,2.97682518098695,3.275422423533621,2.906598059585519,2.965345919521519,3.13251937584274,5,5,0,0,0.9124666666666668,0.9037999999999999,9.0,4.0,5.5,50.0,54.54545454545454,100,-120,5,0
2025-26,2026-02-25,VGK,LAK,911,2.7350420342030017,3.0295716666114387,3.3645998268710433,3.1772009703815893,2.839987087800535,2.9566267326972495,3.1058680386854993,3.215100856175485,5,5,0,0,0.9047333333333332,0.8864909090909091,4.0,8.0,5.5,50.0,54.54545454545454,100,-120,10,1
2025-26,2026-02-25,BUF,NJD,912,2.561219599959526,3.1085771149561143,3.4712326607629826,3.031273642983602,2.698537336325813,2.9902826647710334,3.3197644990432784,3.090085737822401,5,5,0,0,0.906,0.8972,8.0,12.0,6.0,53.48837209302325,51.21951219512195,-115,-105,3,0
2025-26,2026-02-25,TOR,TBL,913,3.6360838666934585,2.688892464098208,3.2126251553419256,3.333920009761792,3.4191593912495017,2.725886591818104,3.098343074441568,3.3218833280278566,5,5,0,0,0.9195666666666666,0.8986846153846154,3.0,0.0,6.0,53.48837209302325,51.21951219512195,-115,-105,6,
2025-26,2026-02-25,COL,UTA,914,3.2983770323318278,2.799026149176514,3.4496088910607265,2.86740661141591,3.441813716240214,2.7534369044163673,3.3184567725024086,2.97892990315574,5,5,0,0,0.9025000000000001,0.9136666666666666,1.0,11.0,6.0,50.0,54.54545454545454,100,-120,6,
2025-26,2026-02-25,WPG,VAN,915,2.6504453681107614,3.5815735416712298,2.826255545484487,3.174443414366471,2.7690311460441372,3.4671105232970243,2.7617667693959413,3.199087784530632,5,5,0,0,0.8964894736842105,0.8996206896551724,8.0,10.0,6.0,55.55555555555556,48.78048780487805,-125,105,5,0
2025-26,2026-02-25,PHI,WSH,916,3.1644348284163506,3.174761812501208,2.9904857440520747,3.3654127854173614,3.272617837935384,2.9695512561924895,3.1930862898505437,3.4600038302612455,5,5,0,0,0.9115333333333333,0.9022333333333333,2.0,5.0,5.5,52.38095238095239,52.38095238095239,-110,-110,4,0
2025-26,2026-02-26,CBJ,BOS,917,3.455187599587622,3.187805677138404,3.2941538845710867,2.950456524482628,3.4665647155487758,2.821600368602965,3.047206601585215,3.1423258976774693,5,5,0,0,0.8928666666666667,0.8895,0.0,4.0,6.5,51.21951219512195,53.48837209302325,-105,-115,6,0
2025-26,2026-02-26,TBL,CAR,918,3.335155083955554,2.8716125377415698,3.6378407273787303,2.674037963696628,3.5808996562236017,2.9960992337356105,3.571112619516533,2.8031207689073874,5,0,0,1,0.906,0.8920241379310345,2.0,3.0,6.0,55.55555555555556,48.78048780487805,-125,105,9,1
2025-26,2026-02-26,MIN,COL,919,3.460821037655068,2.8446801286958276,3.531352474981693,3.1121430856578236,3.625780531562438,2.7121974946945873,3.517091242612022,3.0632650050688683,0,5,1,0,0.9150666666666666,0.9088666666666666,11.0,4.0,6.5,51.21951219512195,53.48837209302325,-105,-115,7,1
2025-26,2026-02-26,TOR,FLA,920,3.0404432177703424,3.391189462187742,3.1737919543879163,3.3506548034358783,3.021616238613325,3.2605593656488208,3.0578194498491307,3.3434680594713053,5,0,0,1,0.8826,0.9085666666666666,11.0,0.0,6.0,55.55555555555556,48.78048780487805,-125,105,6,
2025-26,2026-02-26,EDM,LAK,921,2.7802307433129676,3.122245870368465,3.4176072145398324,3.369125660814208,2.8885465967605537,3.0678192817811523,3.266294507278485,3.1371396289449827,0,0,1,1,0.9074333333333334,0.8894000000000001,6.0,1.0,6.5,53.48837209302325,51.21951219512195,-115,-105,9,1
2025-26,2026-02-26,NYI,MTL,922,3.4648204909105345,3.132205406145023,2.9622903505957487,2.868925473532282,3.356131507255747,3.0932854717563987,2.7812467052948637,2.8063485671980817,5,5,0,0,0.8839,0.9131333333333332,3.0,5.0,6.0,52.38095238095239,52.38095238095239,-110,-110,7,1
2025-26,2026-02-26,CHI,NSH,923,3.156110078504335,3.4345419210120074,2.7302317009296257,3.3114490956428924,3.209939956648839,3.3091421631279987,2.834287466237698,3.4167232914056602,5,5,0,0,0.8852214285714286,0.9036666666666666,0.0,5.0,6.5,51.21951219512195,53.48837209302325,-105,-115,6,0
2025-26,2026-02-26,PHI,NYR,924,2.8355107892130635,3.428934006143144,2.9323086662453366,3.3509132806002193,2.579525588249965,3.277928013497879,3.1135117367399494,3.4389739078259005,5,0,0,1,0.9103999999999999,0.8650666666666667,5.0,5.0,6.0,52.38095238095239,52.38095238095239,-110,-110,5,0
2025-26,2026-02-26,DET,OTT,925,3.312199207961821,3.0848995866983797,2.920261934931232,2.9336268183063834,3.287862918641431,2.8961642300037633,2.9686952288714856,2.8415384794559824,5,5,0,0,0.8923,0.9067666666666666,3.0,3.0,6.0,51.21951219512195,53.48837209302325,-105,-115,3,0
2025-26,2026-02-26,NJD,PIT,926,3.494117217519624,3.026271487715335,2.521609732247922,3.0737495629523033,3.427101611747737,3.210151406869638,2.692262283276382,3.1988376841395576,5,0,0,1,0.8833666666666666,0.8883666666666666,9.0,8.0,5.5,55.55555555555556,48.78048780487805,-125,105,5,0
2025-26,2026-02-26,CGY,SJS,927,3.131537194872271,3.395303380239778,2.7396775002977574,3.0535799802793253,3.2385699994197807,3.3084904986123753,2.5315334514392553,3.312062391979981,5,5,0,0,0.8906666666666666,0.9001333333333333,2.0,10.0,6.5,50.0,54.54545454545454,100,-120,5,0
2025-26,2026-02-26,SEA,STL,928,2.858721740604566,3.473214473593041,3.0745707078804823,3.0095899819074767,2.9197015674967344,3.1295773889841736,2.897755233189407,3.161689484096191,5,0,0,1,0.8979,0.9026666666666666,8.0,5.0,5.5,55.55555555555556,48.78048780487805,-125,105,6,1
2025-26,2026-02-27,WPG,ANA,929,3.211780673424915,3.3714230448271616,2.83562020711537,3.1365988384688688,3.463671426288382,3.202402741798909,2.774993558825584,3.15532051907597,1,1,0,0,0.8978666666666667,0.9081,8.0,10.0,6.0,52.38095238095239,52.38095238095239,-110,-110,9,1
2025-26,2026-02-27,BUF,FLA,930,3.1015512332106216,3.313120720315375,3.41927495862268,2.969458024485405,3.092258984338553,3.1788186419791753,3.2677527657696155,3.017338499111953,0,1,1,0,0.892751724137931,0.9072333333333333,13.0,12.0,6.5,50.0,54.54545454545454,100,-120,5,0
2025-26,2026-02-27,MIN,UTA,931,3.255014551635278,2.8405630782650855,3.569081370598601,3.0778843716042488,3.384050888647469,2.8037036285607857,3.561173934060052,3.0266192925169833,1,0,0,1,0.9016333333333333,0.8890333333333333,0.0,5.0,6.5,51.21951219512195,53.48837209302325,-105,-115,7,1
2025-26,2026-02-27,VGK,WSH,932,3.158511868982137,3.107303222870583,3.4409124120737733,3.2010696038858018,3.261961331847324,2.902088158717655,3.2069233905780283,3.24136469114614,1,1,0,0,0.9122666666666667,0.9113333333333334,1.0,8.0,6.0,51.21951219512195,53.48837209302325,-105,-115,5,0
2025-26,2026-02-28,DET,CAR,933,3.382670245195513,2.9103843286867175,2.8944729571723213,2.876621646362737,3.6223759865120626,3.031756844851592,2.933770701859456,2.783342603238568,1,1,0,0,0.8806999999999999,0.8948,2.0,3.0,6.0,54.54545454545454,50.0,-120,100,7,1
2025-26,2026-02-28,NYI,CBJ,934,3.251667761170292,2.985684710545712,2.9957027793160416,2.8761551287395126,3.3796720349332365,2.9854287839473472,2.825714805068936,2.8209424747184078,1,1,0,0,0.9193666666666667,0.9125333333333333,4.0,5.0,6.0,48.78048780487805,55.55555555555556,105,-125,7,1
2025-26,2026-02-28,CHI,COL,935,3.4101070314891664,2.915302135541492,2.7133868966033456,3.328436570781134,3.5600203396669348,2.7990544897127534,2.8055659991106543,3.4339957328673316,1,1,0,0,0.9148666666666666,0.9032666666666667,12.0,3.0,6.5,50.0,54.54545454545454,100,-120,4,0
2025-26,2026-02-28,NSH,DAL,936,3.288608102852075,2.8916969712683294,3.179998468547081,3.383971427490991,3.2998232958021476,2.8383810602707857,2.982262649409952,3.4235366619865286,2,1,0,0,0.9009333333333334,0.8932333333333333,9.0,0.0,6.0,52.38095238095239,52.38095238095239,-110,-110,5,0
2025-26,2026-02-28,CGY,LAK,937,2.7303599036155908,3.2707627186292036,2.784234671854345,2.9911162800006053,2.8265666123319915,3.241488414691581,2.5914311081496075,3.2286341738477295,1,1,0,0,0.8996666666666667,0.9016666666666667,9.0,10.0,5.5,50.0,54.54545454545454,100,-120,2,0
2025-26,2026-02-28,WSH,MTL,938,3.442539234354574,3.156293541607525,3.1515842810879047,3.07231457681611,3.340296602194997,3.1192292496388214,3.051775347761369,3.290390522470503,1,0,0,1,0.8973666666666666,0.8882357142857144,3.0,1.0,6.5,55.55555555555556,48.78048780487805,-125,105,8,1
2025-26,2026-02-28,PIT,NYR,939,2.8125694501842693,3.4085979401936224,3.5022205082651845,2.9643804224966,2.5714031161192876,3.257509063838636,3.3064102010107677,2.903478621607563,1,1,0,0,0.9098,0.8917999999999999,5.0,9.0,6.0,52.38095238095239,52.38095238095239,-110,-110,5,0
2025-26,2026-02-28,BOS,PHI,940,2.9352015073419406,3.3033729064071387,3.4652260807844013,3.1491801673633164,2.8696165021163416,3.0787640841043156,3.227869007426374,3.5340222423975134,1,1,0,0,0.9027666666666666,0.8990666666666667,5.0,0.0,6.0,53.48837209302325,51.21951219512195,-115,-105,4,0
2025-26,2026-02-28,VAN,SEA,941,3.0103247433192637,3.0710156354923934,2.636111373255878,3.5538850481871855,3.1709373116706923,2.8753455103934473,2.721389075597162,3.5120347407790806,1,2,0,0,0.9031999999999999,0.8843666666666666,5.0,8.0,6.0,52.38095238095239,52.38095238095239,-110,-110,6,
2025-26,2026-02-28,EDM,SJS,942,3.0640157069436427,3.407626630520824,3.550413118278082,3.2905398826249574,3.1597696020546393,3.3216448521201096,3.4205406924384945,3.0649246647065542,1,1,0,0,0.8907333333333334,0.89196,2.0,0.0,7.0,50.0,54.54545454545454,100,-120,9,1
2025-26,2026-02-28,NJD,STL,943,2.9277737211235566,3.390625166256226,2.483603294616811,3.1014616791183216,3.0012117964599097,3.0478646944997823,2.633437113141082,3.230198446214428,1,1,0,0,0.8761666666666666,0.8894333333333333,8.0,6.0,5.5,53.48837209302325,51.21951219512195,-115,-105,4,0
2025-26,2026-02-28,BUF,TBL,944,3.638919560379357,2.7514838556155596,3.399663436995425,2.9404741592117176,3.436806092479342,2.6997265774710257,3.2484197111407256,2.9871531843536094,1,0,0,1,0.9201,0.8992,2.0,10.0,6.5,51.21951219512195,53.48837209302325,-105,-115,8,1
2025-26,2026-02-28,OTT,TOR,945,3.104665017409686,3.395530542160244,3.2360443520451083,3.050136965308476,3.336699252924081,3.2661177205514424,3.2618274232846924,3.368228427272529,1,1,0,0,0.9087,0.8925666666666667,0.0,3.0,6.0,55.55555555555556,48.78048780487805,-125,105,7,1
2025-26,2026-03-01,CGY,ANA,946,3.264251460133931,3.3856990456727782,2.7038268268496966,2.962231641343865,3.5147175495575977,3.224379791671349,2.5072351676898244,3.1846039120863323,1,0,0,1,0.8975333333333334,0.9157448275862069,9.0,10.0,6.5,50.0,54.54545454545454,100,-120,5,0
2025-26,2026-03-01,STL,MIN,947,3.51242057118976,3.135916713654468,2.8717464250632,3.373941401415964,3.239026601192775,3.0147102376974635,2.7373770802924895,3.651322453215563,1,0,0,1,0.9108666666666667,0.8991666666666667,6.0,6.0,6.5,51.21951219512195,53.48837209302325,-105,-115,4,0
2025-26,2026-03-01,FLA,NYI,948,3.0265931293730777,2.88214734270701,3.0661602447082816,3.2983379258908596,3.2349280407953276,2.98448123491775,3.112434904041862,3.3534120449779152,0,1,1,0,0.8957333333333334,0.8845999999999999,6.0,12.0,5.5,56.52173913043478,47.61904761904761,-130,110,9,1
2025-26,2026-03-01,VGK,PIT,949,3.4495088718475837,2.9677370116519133,3.3901435521131886,3.192197732892453,3.444316863977371,3.1242153711767,3.1583441224971516,3.2322232806102487,0,1,1,0,0.8853666666666666,0.8827739130434784,9.0,8.0,6.5,53.48837209302325,51.21951219512195,-115,-105,5,0
2025-26,2026-03-01,WPG,SJS,950,3.12454848776727,3.421166955045329,2.8748445703675682,3.192249263425238,3.2251921597611575,3.341585895535267,2.818186635561359,3.2225860245829083,0,1,1,0,0.8974333333333334,0.9074333333333333,2.0,10.0,6.0,51.21951219512195,53.48837209302325,-105,-115,3,0
2025-26,2026-03-01,CHI,UTA,951,3.3040519561884905,2.8173884878178295,2.665427197990612,3.312642670494505,3.4386899154064743,2.7738808891863944,2.7406989576107623,3.4137498845869425,1,0,0,1,0.9018333333333334,0.8827259259259259,0.0,3.0,6.5,51.21951219512195,53.48837209302325,-105,-115,4,0
2025-26,2026-03-02,COL,LAK,952,2.712407061324036,3.166152449619137,3.3899897231812517,2.8572687351806496,2.803021903849833,3.1200276802605065,3.3317673167110424,2.9466742183481345,1,1,0,0,0.9026666666666666,0.9152000000000001,12.0,12.0,6.0,51.21951219512195,53.48837209302325,-105,-115,6,
2025-26,2026-03-02,DET,NSH,953,3.140565846925566,3.3655052554303144,2.8684246705523413,2.94298792054387,3.235725458961225,3.2517651953735136,2.898963236988289,2.8672290442855357,1,1,0,0,0.8931000000000001,0.9078333333333333,2.0,3.0,6.0,54.54545454545454,50.0,-120,100,6,
2025-26,2026-03-02,CBJ,NYR,954,2.821700649282898,3.359034282828023,3.239095044890577,3.016332388816465,2.5957453556313683,3.2073574816753143,3.0063311373971957,3.1718548854598008,1,1,0,0,0.9103999999999999,0.8888999999999999,5.0,4.0,6.0,50.0,54.54545454545454,100,-120,9,1
2025-26,2026-03-02,CAR,SEA,955,3.0724815055003765,3.00796658699917,3.4257949339171168,2.8840245192225398,3.233266139489715,2.813894471716796,2.9915287664001946,2.8710695262469437,1,1,0,0,0.9044,0.8827,5.0,2.0,6.0,50.0,54.54545454545454,100,-120,3,0
2025-26,2026-03-02,PHI,TOR,956,3.069677955010174,3.4384279136521245,2.9386934098618864,3.228329888675218,3.2849163959366527,3.3213687022649574,3.101868495434188,3.3811697474502385,1,1,0,0,0.8996642857142857,0.9039666666666667,0.0,6.0,6.0,53.48837209302325,51.21951219512195,-115,-105,5,0
2025-26,2026-03-02,DAL,VAN,957,2.592717820887393,3.5895525034097844,3.2742755461476434,2.8654970108786344,2.747085515862535,3.4370122338172884,3.2228706118631263,2.9728124331971864,1,1,0,0,0.8964000000000001,0.9014666666666666,8.0,9.0,6.0,50.0,54.54545454545454,100,-120,7,1
2025-26,2026-03-03,COL,ANA,958,3.2520259439852084,3.3371601093633116,3.4037819828775326,2.8350125408681657,3.486180204372804,3.1779820972713173,3.3519029387274726,2.915080066415194,1,0,0,1,0.8984666666666666,0.9141999999999999,8.0,12.0,6.5,56.52173913043478,47.61904761904761,-130,110,6,0
2025-26,2026-03-03,PIT,BOS,959,3.3824218235037598,3.142452570371399,3.48980421086974,2.8778234123499833,3.4759540322094904,2.7952078400150624,3.256703956321152,2.906669619273595,2,1,0,0,0.8988,0.8923333333333332,0.0,10.0,6.5,51.21951219512195,53.48837209302325,-105,-115,3,0
2025-26,2026-03-03,VGK,BUF,960,3.4724758314205606,2.9127996892256247,3.2799131353302697,3.243907818581759,3.4536909944393472,3.0036335597592085,3.0470109803424865,3.2873698100767634,2,1,0,0,0.9077,0.9114666666666668,10.0,11.0,6.0,54.54545454545454,50.0,-120,100,5,0
2025-26,2026-03-03,NSH,CBJ,961,3.289779538079411,3.046936562513159,3.1041710413027905,3.379572985996244,3.356605925355028,3.0200075851227033,2.946252829915141,3.398223120618417,0,0,1,1,0.9184333333333333,0.8861586206896551,5.0,2.0,6.5,50.0,54.54545454545454,100,-120,5,0
2025-26,2026-03-03,DAL,CGY,962,2.6863204472506284,2.963124681961635,3.3538012564344446,2.8116384257233777,2.9820614253174775,2.851269356818036,3.3153170716583205,2.906301821795461,1,0,0,1,0.9032,0.9132666666666666,10.0,9.0,5.5,52.38095238095239,52.38095238095239,-110,-110,7,1
2025-26,2026-03-03,OTT,EDM,963,3.5548574946827083,3.3376588780847802,3.2854881513980128,3.0165905338125203,3.4386516866648713,3.4339571021349133,3.3198633689110184,3.3098268841428,2,2,0,0,0.889453846153846,0.8931666666666668,0.0,3.0,6.5,60.0,44.44444444444444,-150,125,9,1
2025-26,2026-03-03,TBL,MIN,964,3.4274352000826647,3.1295515334782236,3.578337895665917,2.855442630616459,3.154748747389434,3.0161713597271045,3.574386615930624,2.8828646004528475,1,2,0,0,0.9109333333333332,0.9175666666666668,4.0,5.0,6.0,54.54545454545454,50.0,-120,100,6,
2025-26,2026-03-03,FLA,NJD,965,2.50771493323642,3.0354434959300494,3.0939609423563783,3.3457356925986312,2.6417369433507556,2.951402240504819,3.14362186466592,3.405264536421027,2,1,0,0,0.8910333333333332,0.8834666666666666,6.0,9.0,5.5,55.55555555555556,48.78048780487805,-125,105,6,1
2025-26,2026-03-03,MTL,SJS,966,3.088076074425356,3.3400263322885726,3.5133488285174996,3.1182590012689086,3.1764119015551735,3.2538496581824794,3.3912352845991878,3.239709025831858,1,2,0,0,0.8899333333333334,0.8984333333333334,2.0,4.0,6.5,54.54545454545454,50.0,-120,100,12,1
2025-26,2026-03-03,CHI,WPG,967,2.82073698282797,3.153758636859925,2.7134530982974603,3.208107444207352,3.045748123045569,3.1151129431636932,2.7932078622041714,3.286338338016074,1,1,0,0,0.9083000000000001,0.9039333333333334,10.0,2.0,5.5,54.54545454545454,50.0,-120,100,5,0
2025-26,2026-03-03,UTA,WSH,968,3.114848163850131,3.1609410068742974,3.1996889210463775,2.8580300072692544,3.249533166581612,2.870102519638596,2.9950818240789956,2.981799646697925,2,1,0,0,0.9124,0.9011666666666668,1.0,0.0,6.0,54.54545454545454,50.0,-120,100,5,0
2025-26,2026-03-04,NYI,ANA,969,3.181059666105809,3.38428604691081,3.0872555349905193,2.9191286515539137,3.394288274292425,3.2385326136332093,2.867383132551657,2.830693370578536,0,2,1,0,0.9019454545454544,0.895,6.0,6.0,6.5,55.55555555555556,48.78048780487805,-125,105,6,0
2025-26,2026-03-04,VGK,DET,970,2.9067676606931983,2.9168948549081652,3.2388235551795854,3.234976309731122,3.0352203869060497,3.1527792156931076,3.0095492497130305,3.2784440766697944,1,0,0,1,0.8947333333333333,0.8782249999999999,4.0,11.0,6.0,52.38095238095239,52.38095238095239,-110,-110,7,1
2025-26,2026-03-04,TOR,NJD,971,2.594283136623378,2.9753541601234454,3.0379025494004805,3.419796563383338,2.737693529898409,2.883387282604913,2.9792530648664886,3.39746780104222,0,1,1,0,0.8921,0.9002793103448276,8.0,0.0,6.0,50.0,54.54545454545454,100,-120,7,1
2025-26,2026-03-04,STL,SEA,972,3.0400691330434673,2.94806589713076,2.8786021156450796,3.2961111067600104,3.1891258265910256,2.7541179673945217,2.7521791633167583,3.545837833096569,1,2,0,0,0.9011333333333333,0.9003,4.0,6.0,6.0,53.48837209302325,51.21951219512195,-115,-105,5,0
2025-26,2026-03-04,CAR,VAN,973,2.5529451246286166,3.655486537052694,3.3459979254333514,2.8602513721184297,2.6941894941523383,3.5200438273145407,2.9201039116092935,2.84519676713344,1,1,0,0,0.8835666666666666,0.9046000000000001,9.0,2.0,6.0,52.38095238095239,52.38095238095239,-110,-110,10,1
2025-26,2026-03-05,FLA,CBJ,974,3.2796673574969497,3.0177292877006208,3.031748059958453,3.3935619546912767,3.3438727888965496,2.985128532153287,3.0656441990858427,3.4604235818438944,1,1,0,0,0.9185,0.8951666666666667,5.0,9.0,6.5,54.54545454545454,50.0,-120,100,6,0
2025-26,2026-03-05,OTT,CGY,975,2.6437400948699987,3.0601401532426027,3.306139182349857,3.080422341752424,2.920146528436481,2.9656089008285673,3.337651193756991,3.3704408513711526,1,1,0,0,0.9162,0.8925666666666667,10.0,3.0,5.5,53.48837209302325,51.21951219512195,-115,-105,5,0
2025-26,2026-03-05,NYI,LAK,976,2.697575780197339,3.191014677724698,3.024636203627515,2.986038497625302,2.780681218648052,3.1514572657899045,2.8077004094029805,2.911397939163726,2,0,0,1,0.9056333333333334,0.9122666666666668,9.0,5.0,5.5,53.48837209302325,51.21951219512195,-115,-105,8,1
2025-26,2026-03-05,BOS,NSH,977,3.072390374937497,3.365321544813705,3.336674657541924,3.077475054997852,3.1920888222119186,3.2752696873283247,3.1459986049649866,3.5057058291021175,1,1,0,0,0.8932333333333333,0.8950666666666668,3.0,1.0,6.5,51.21951219512195,53.48837209302325,-105,-115,9,1
2025-26,2026-03-05,TOR,NYR,978,2.8637098171950917,3.406277990114593,3.039170266381637,3.4335681387896924,2.65865184885613,3.2693511152235195,2.982394496937853,3.4161770926980144,2,0,0,1,0.9087999999999999,0.9067666666666666,4.0,0.0,6.0,52.38095238095239,52.38095238095239,-110,-110,8,1
2025-26,2026-03-05,UTA,PHI,979,2.9450846500211014,3.190564252551183,3.19356841167685,2.837492798097516,2.8800589160180947,3.0059946866022726,2.9964114038658347,2.9544692648008266,2,1,0,0,0.9046333333333334,0.886775,7.0,1.0,6.0,51.21951219512195,53.48837209302325,-105,-115,3,0
2025-26,2026-03-05,BUF,PIT,980,3.4087246727300853,2.8560722712351123,3.453884529089,2.890033389455101,3.4930381144116036,3.0133466608351114,3.3410297907525255,2.9549577548230928,1,1,0,0,0.8873666666666666,0.9009333333333333,9.0,11.0,6.5,51.21951219512195,53.48837209302325,-105,-115,6,0
2025-26,2026-03-05,TBL,WPG,981,2.8315715502980714,3.1183943529119147,3.49326214665236,2.9268025307553716,3.0473281492479005,3.075046283184056,3.4740881664889574,2.966222930232287,1,1,0,0,0.9082333333333333,0.9161,10.0,5.0,6.0,50.0,54.54545454545454,100,-120,5,0
2025-26,2026-03-06,MTL,ANA,982,3.2360932896451886,3.307906131867253,3.5534514284791103,3.2380065545908905,3.4474264812914415,3.1575103388890966,3.4414532018423007,3.3725768737147876,1,2,0,0,0.8971333333333333,0.8831,6.0,3.0,6.5,58.333333333333336,45.45454545454545,-140,120,11,1
2025-26,2026-03-06,VAN,CHI,983,2.6994997046916756,3.2013835492352647,2.6078878971569237,3.7195690216220596,2.8182277148343227,3.1003012725332666,2.669977350664555,3.55670657677849,2,1,0,0,0.88575,0.8933272727272726,1.0,8.0,6.0,52.38095238095239,52.38095238095239,-110,-110,9,1
2025-26,2026-03-06,COL,DAL,984,3.4337592099842476,2.764732006909153,3.449943403906871,2.785844618909094,3.2865436017096785,2.81242487947148,3.405348961559741,2.8566719154488993,2,2,0,0,0.9017333333333333,0.9149333333333334,7.0,11.0,6.0,52.38095238095239,52.38095238095239,-110,-110,9,1
2025-26,2026-03-06,FLA,DET,985,2.915694024413289,2.9557577127760157,3.00366690162776,3.409337609638995,3.0389529246747755,3.1840334119835982,3.030056981599626,3.4762554253475333,1,0,0,1,0.9078333333333333,0.8840666666666667,3.0,9.0,6.0,53.48837209302325,51.21951219512195,-115,-105,4,0
2025-26,2026-03-06,CAR,EDM,986,3.5947874430148214,3.357362183936931,3.425232193436398,2.9013710190238178,3.4937089970435045,3.4485155563817855,3.0358698924094867,2.894371556009292,2,1,0,0,0.8909666666666667,0.8825666666666666,2.0,2.0,6.5,60.0,44.44444444444444,-150,125,9,1
2025-26,2026-03-06,STL,SJS,987,3.211508714022103,3.390405089838798,2.8886856732442707,3.2561148576453873,3.313156162362225,3.3156288550067594,2.771372901943,3.48530057565522,2,1,0,0,0.8991000000000001,0.8780333333333332,2.0,6.0,6.0,55.55555555555556,48.78048780487805,-125,105,5,0
2025-26,2026-03-06,MIN,VGK,988,3.262458862298705,3.2283806476353654,3.4731193432806626,3.0675583475773207,3.4701989940006404,3.1079675965859095,3.4969528731897386,3.0983845991280035,1,2,0,0,0.9114666666666668,0.9117333333333332,10.0,5.0,6.0,54.54545454545454,50.0,-120,100,6,
2025-26,2026-03-07,WSH,BOS,989,3.324451728069865,3.16882842938583,3.083224613566186,3.1575186037537146,3.4224307268462577,2.741380508205091,3.0189971925109695,3.381654155270427,1,3,0,0,0.9002,0.9117999999999999,0.0,1.0,6.0,53.48837209302325,51.21951219512195,-115,-105,4,0
2025-26,2026-03-07,NSH,BUF,990,3.4963632170548435,2.8373063133591487,3.16340368923532,3.351364815963348,3.4356568238148935,2.972304915468423,2.918486226292808,3.3832785685500495,1,1,0,0,0.9081,0.8929666666666667,11.0,2.0,6.5,53.48837209302325,51.21951219512195,-115,-105,5,0
2025-26,2026-03-07,UTA,CBJ,991,3.300004674979047,2.9894382284006946,3.1866281712358204,2.7560152971985845,3.3636765055005,2.954495929203954,3.000561133660018,2.8546475337413733,1,1,0,0,0.8888333333333333,0.9014333333333333,5.0,1.0,6.5,50.0,54.54545454545454,100,-120,9,1
2025-26,2026-03-07,CAR,CGY,992,2.6031021443395965,3.0913411494191605,3.498575441355671,2.9080446923731813,2.8584717456221096,3.006832643390595,3.1419078119111052,2.90271513506357,1,0,0,1,0.9019333333333334,0.9027333333333334,11.0,3.0,5.5,55.55555555555556,48.78048780487805,-125,105,9,1
2025-26,2026-03-07,MTL,LAK,993,2.777004424181175,3.1863299232723645,3.5923810741856275,3.3222213845027624,2.8667175370077613,3.1481064005360717,3.4924314707397732,3.4604546845292967,1,0,0,1,0.9060333333333334,0.8957,8.0,3.0,6.0,52.38095238095239,52.38095238095239,-110,-110,7,1
2025-26,2026-03-07,NYR,NJD,994,2.6484758430014623,2.981266572794145,2.9651281790102244,3.3603416986951182,2.791398095508451,2.8959952250700565,3.0934247085329623,3.3260999330615983,2,1,0,0,0.8921,0.8912999999999999,8.0,4.0,6.0,51.21951219512195,53.48837209302325,-105,-115,9,1
2025-26,2026-03-07,PHI,PIT,995,3.33297482026689,2.928150794511772,2.860072102939079,3.185419909539098,3.401768323988129,3.08753265917083,3.1028172181531968,3.3316015379626687,1,1,0,0,0.8930666666666667,0.9046333333333334,9.0,7.0,5.5,55.55555555555556,48.78048780487805,-125,105,7,1
2025-26,2026-03-07,OTT,SEA,996,3.012992806662888,2.9557782324178015,3.3270802134097432,3.0205667819031365,3.1497064787217757,2.7739116407295175,3.359972958694221,3.2871830664532986,2,1,0,0,0.906,0.8935666666666667,6.0,3.0,6.0,50.0,54.54545454545454,100,-120,11,1
2025-26,2026-03-07,NYI,SJS,997,3.174768574121523,3.375769767328098,3.029410319162857,3.053336904021976,3.2665253267848153,3.3025017788288697,2.824723607478147,2.9899526429420953,0,1,1,0,0.8893333333333333,0.9110666666666667,2.0,5.0,6.5,46.51162790697674,57.446808510638306,115,-135,3,0
2025-26,2026-03-07,TBL,TOR,998,3.011502098041079,3.508873176945255,3.4138472337696864,2.9656230843661815,3.2409821655864084,3.312324070876538,3.3858527691897287,3.0072932460865007,1,1,0,0,0.9026333333333334,0.9157666666666667,0.0,5.0,6.5,50.0,54.54545454545454,100,-120,7,1
2025-26,2026-03-07,VAN,WPG,999,2.87493014752377,3.0568790029881523,2.7218507878453524,3.6901696056592765,3.0838885813375,3.008361923618045,2.7977563598087314,3.529832931149264,1,0,0,1,0.9092333333333333,0.8827,8.0,8.0,6.0,51.21951219512195,53.48837209302325,-105,-115,5,0
2025-26,2026-03-08,STL,ANA,1000,3.321218090116023,3.359252161982914,2.8969471731821725,3.216735747674868,3.5305024791300825,3.2254308855744664,2.787386543369778,3.4274905430247338,1,1,0,0,0.9076521739130434,0.9015666666666667,4.0,6.0,6.5,52.38095238095239,52.38095238095239,-110,-110,4,0
2025-26,2026-03-08,TBL,BUF,1001,3.4764094505817407,2.8178443690395967,3.456859895995705,2.9382917866378246,3.415174389041915,2.943400059874441,3.4360301160810915,2.9740805511490533,0,0,1,1,0.9025333333333333,0.8918333333333333,11.0,5.0,6.5,52.38095238095239,52.38095238095239,-110,-110,15,1
2025-26,2026-03-08,MIN,COL,1002,3.4945596992388346,2.831191334760722,3.4857709781898762,3.038476848591103,3.5327545216969365,2.746609617433597,3.5107599986770643,3.0629035652448606,1,1,0,0,0.916,0.8875,13.0,5.0,6.5,51.21951219512195,53.48837209302325,-105,-115,5,0
2025-26,2026-03-08,CHI,DAL,1003,3.4484142922734558,2.8411700273475664,2.718664382758025,3.288248347808894,3.3095443754271265,2.9005076708781155,2.778369802995019,3.2762037522713547,1,1,0,0,0.9142,0.8836172413793105,10.0,1.0,6.0,51.21951219512195,53.48837209302325,-105,-115,7,1
2025-26,2026-03-08,DET,NJD,1004,2.75990419437255,2.986040637188454,2.863145769947967,2.9620515936921974,2.9108257374907778,2.906123383014622,2.949276522098453,2.8446330033573433,0,1,1,0,0.8915666666666666,0.9078999999999999,8.0,5.0,5.5,53.48837209302325,51.21951219512195,-115,-105,3,0
2025-26,2026-03-08,BOS,PIT,1005,3.3201905613618496,2.96476063886788,3.3130450057230405,3.1038963451994808,3.3823434335759166,3.1217914071395296,3.1468345456861666,3.5878798380779697,0,0,1,1,0.8861,0.8929333333333335,11.0,0.0,6.0,55.55555555555556,48.78048780487805,-125,105,9,1
2025-26,2026-03-08,EDM,VGK,1006,3.2240722420043575,3.252306759915927,3.57147264341441,3.43623759470477,3.4140612852760475,3.142748831512577,3.4442153814154794,3.1316556038239463,1,1,0,0,0.87862,0.8867370370370371,8.0,3.0,7.0,51.21951219512195,53.48837209302325,-105,-115,6,0
2025-26,2026-03-09,LAK,CBJ,1007,3.321221539800591,3.0556293344771284,2.7913622501063102,3.211905309164107,3.383151256844913,3.0330830205804205,2.7655621955548195,3.0494099258259104,1,1,0,0,0.9188333333333334,0.9033333333333334,4.0,8.0,6.0,52.38095238095239,52.38095238095239,-110,-110,9,1
2025-26,2026-03-09,UTA,CHI,1008,2.734383972526824,3.30766436143716,3.2439717988668595,2.8031572366223196,2.8306343742410034,3.207910759152479,3.076260835462492,2.900909577756578,0,1,1,0,0.8579499999999999,0.8897399999999999,4.0,1.0,6.0,52.38095238095239,52.38095238095239,-110,-110,5,0
2025-26,2026-03-09,NYR,PHI,1009,2.900600490652403,3.180280938561977,2.970802806468805,3.4387183586574017,2.784527310098148,3.0158695967770996,3.094095173255594,3.4147321647727944,1,1,0,0,0.9040333333333334,0.9093333333333332,5.0,4.0,5.5,52.38095238095239,52.38095238095239,-110,-110,8,1
2025-26,2026-03-09,OTT,VAN,1010,2.70784936573232,3.661199749822738,3.4371277334440724,3.0537530054985456,2.7500056626783587,3.609093314034622,3.4838727126042257,3.3081454875712524,1,1,0,0,0.8837666666666666,0.8882764705882353,9.0,4.0,6.5,50.0,54.54545454545454,100,-120,2,0
2025-26,2026-03-09,CGY,WSH,1011,3.022785578798807,3.1542249842155257,2.6867423464866484,3.12167581008345,3.2053372238665054,2.887919903908478,2.5096771250278067,3.175239561551263,1,1,0,0,0.9121333333333334,0.9170666666666667,1.0,11.0,6.0,50.0,54.54545454545454,100,-120,10,1
2025-26,2026-03-10,LAK,BOS,1012,3.3317315845211213,3.1627319765922386,2.864394407509085,3.234893000227611,3.404299911048687,2.6933682781093653,2.8497568252681185,3.084875221591187,1,0,0,1,0.9008666666666667,0.9049,0.0,8.0,6.0,52.38095238095239,52.38095238095239,-110,-110,3,0
2025-26,2026-03-10,SJS,BUF,1013,3.6089513597861003,2.950854305017177,3.1078588137857053,3.3298843245485155,3.570374709414213,3.088370709782352,3.040067496880011,3.407196099396419,1,2,0,0,0.9082333333333333,0.8904666666666666,11.0,2.0,6.5,54.54545454545454,50.0,-120,100,9,1
2025-26,2026-03-10,PIT,CAR,1014,3.5103801072163545,2.977850982070949,3.3688107097216,2.999659770139246,3.661299414650176,3.0028974742947736,3.1818800276728116,2.8843623810165493,2,1,0,0,0.8815000000000001,0.8922,3.0,11.0,6.5,48.78048780487805,55.55555555555556,105,-125,9,1
2025-26,2026-03-10,EDM,COL,1015,3.474108366449763,2.811434846487431,3.577977976655833,3.3884454714945904,3.508401428686329,2.7276264376722943,3.4571597980225293,3.0949649089600664,1,1,0,0,0.9117999999999999,0.8881928571428572,13.0,3.0,7.0,48.78048780487805,55.55555555555556,105,-125,7,
2025-26,2026-03-10,VGK,DAL,1016,3.4608680804122263,2.851690277737348,3.186328821660043,3.2738612523376127,3.3319607152822956,2.9088301449940754,3.054836747195302,3.269435861642398,1,1,0,0,0.9010666666666667,0.8771076923076924,10.0,8.0,6.0,50.0,54.54545454545454,100,-120,3,0
2025-26,2026-03-10,DET,FLA,1017,3.008031310027612,3.333994967111331,2.871909114219634,2.8752666766940362,3.057123641193977,3.175336355741427,2.954060484719764,2.753036145418743,3,1,0,0,0.8947666666666667,0.9091666666666666,12.0,5.0,6.0,50.0,54.54545454545454,100,-120,7,1
2025-26,2026-03-10,UTA,MIN,1018,3.435175414865119,3.03909338226392,3.204418363403688,2.8145130885047576,3.2240501137395148,2.9553402697582305,3.039029071736331,2.9103008614014496,1,0,0,1,0.9121333333333332,0.9009,4.0,1.0,6.0,52.38095238095239,52.38095238095239,-110,-110,5,0
2025-26,2026-03-10,TOR,MTL,1019,3.599275739710633,3.3113728220040564,2.983891218776173,3.5489447476243896,3.431587923427085,3.086235313838175,2.956725687816275,3.5035191126155305,2,2,0,0,0.8968333333333334,0.9045,3.0,0.0,6.5,56.52173913043478,47.61904761904761,-130,110,4,0
2025-26,2026-03-10,CGY,NYR,1020,3.0649956356483075,3.3895729188175285,2.7035866689861865,3.239595860011661,2.7879286364644646,3.2269784005361246,2.534080544831293,3.3112579982340344,0,0,1,1,0.8897666666666666,0.9013333333333333,4.0,11.0,6.0,51.21951219512195,53.48837209302325,-105,-115,4,0
2025-26,2026-03-10,NSH,SEA,1021,3.04550020084156,3.0822026081832017,3.129598539766127,3.33911993114493,3.1805462267000313,2.9250734794036535,2.8911414172913634,3.3690817738866117,2,2,0,0,0.9037999999999999,0.8927666666666667,4.0,2.0,6.0,51.21951219512195,53.48837209302325,-105,-115,6,
2025-26,2026-03-10,NYI,STL,1022,2.934607549114582,3.1179917078082346,2.9995500378582616,2.9920497632005425,2.9343302860319804,3.0540686108135273,2.800713794861515,2.926771267529564,1,2,0,0,0.9032333333333333,0.9120666666666667,5.0,5.0,5.5,52.38095238095239,52.38095238095239,-110,-110,7,1
2025-26,2026-03-10,CBJ,TBL,1023,3.5600900887074975,3.0962496924694434,3.3382411536461056,3.1154401344500893,3.3805991435399996,2.8312721401568126,3.0834319108843387,3.2033873794429275,1,0,0,1,0.9161,0.8867666666666666,5.0,5.0,6.5,53.48837209302325,51.21951219512195,-115,-105,7,1
2025-26,2026-03-10,ANA,WPG,1024,2.8833282889224665,3.026333951343314,3.2178514305187167,3.375540169102062,3.083823011139421,2.9746198144126828,2.9710507621505498,3.502301999408088,2,1,0,0,0.9094333333333334,0.8960000000000001,8.0,4.0,6.5,50.0,54.54545454545454,100,-120,5,0
2025-26,2026-03-11,MTL,OTT,1025,3.38735568204578,2.9612092766084253,3.572490025522103,3.2373463759409415,3.2050255049094662,2.869759176953002,3.5050557928729034,3.439517406045324,1,0,0,1,0.8923666666666666,0.9032500000000001,4.0,4.0,6.5,52.38095238095239,52.38095238095239,-110,-110,5,0
2025-26,2026-03-11,WSH,PHI,1026,2.8760232553833744,3.2640468551944224,3.1443210609374197,3.14858336890396,2.7645334630462366,3.1177319124878875,2.952948190751227,3.365186559855963,1,1,0,0,0.8672,0.9117333333333334,5.0,1.0,6.0,52.38095238095239,52.38095238095239,-110,-110,5,0
2025-26,2026-03-12,SJS,BOS,1027,3.2866118303725034,3.095201383611394,3.1040551839041326,3.4069037409634837,3.3527941834528154,2.6397729257030393,3.0367650833190285,3.494140030266882,1,1,0,0,0.9011333333333333,0.8976333333333333,0.0,3.0,6.5,52.38095238095239,52.38095238095239,-110,-110,6,0
2025-26,2026-03-12,WSH,BUF,1028,3.67252568284458,2.95435198313131,3.0789152831090014,3.1736260850942513,3.6467364273717906,3.082940607711207,2.8874516684404714,3.3834363659428233,1,0,0,1,0.8980666666666667,0.8865068965517241,12.0,1.0,6.5,56.52173913043478,47.61904761904761,-130,110,3,0
2025-26,2026-03-12,STL,CAR,1029,3.5473068845657867,3.0093557472442187,2.938677204918639,3.1437999691652565,3.6959730549477876,3.0354658663656964,2.8346451025712938,3.3027859983170837,1,1,0,0,0.9003333333333334,0.8790999999999999,3.0,5.0,6.0,52.38095238095239,52.38095238095239,-110,-110,4,0
2025-26,2026-03-12,EDM,DAL,1030,3.4081883521727,2.797170560332984,3.5805662184782454,3.3696161627294474,3.2795773562203583,2.8424860391025164,3.465638014940533,3.0899430294346746,1,1,0,0,0.9022000000000001,0.8898333333333334,10.0,6.0,6.5,55.55555555555556,48.78048780487805,-125,105,9,1
2025-26,2026-03-12,CBJ,FLA,1031,3.03817518634478,3.318596883979698,3.3840285966517865,3.0807136436062557,3.0899573539516054,3.164689689355148,3.148697094453026,3.1595068596695035,1,1,0,0,0.8857333333333334,0.8868333333333334,16.0,5.0,6.5,51.21951219512195,53.48837209302325,-105,-115,3,0
2025-26,2026-03-12,PHI,MIN,1032,3.4749041944032686,2.945997919951895,2.9128262534224354,3.191790249560442,3.2816692192514867,2.853087669268467,3.1338102166712907,3.315000931262248,1,0,0,1,0.8885666666666665,0.9014333333333333,5.0,5.0,6.0,51.21951219512195,53.48837209302325,-105,-115,5,0
2025-26,2026-03-12,CGY,NJD,1033,2.679917482286252,2.986411984583786,2.6264029260435415,3.2585975902485185,2.8133454673489497,2.9095628579758332,2.455311334963844,3.3292378946915746,3,1,0,0,0.8918333333333333,0.9008,8.0,11.0,5.5,54.54545454545454,50.0,-120,100,9,1
2025-26,2026-03-12,COL,SEA,1034,3.0137721251609206,3.1094740101156777,3.451392405456151,2.8500975267565143,3.137071516960224,2.9647033169985075,3.458159876777486,2.9003439203737784,1,1,0,0,0.9034666666666666,0.9166666666666666,4.0,14.0,6.5,51.21951219512195,53.48837209302325,-105,-115,6,0
2025-26,2026-03-12,DET,TBL,1035,3.5041455729980306,3.15309392462862,2.8777505539187653,2.9112125030948586,3.3249077820360102,2.911955016957237,2.9556641721034387,2.8006293344463833,1,1,0,0,0.9153,0.9083,5.0,5.0,6.0,54.54545454545454,50.0,-120,100,5,0
2025-26,2026-03-12,ANA,TOR,1036,2.9238538473619813,3.523064339735705,3.238264847847325,3.2976582229222484,3.1955770889297477,3.3647169153015866,3.007332985255881,3.4067292317378968,1,1,0,0,0.9053666666666665,0.8962000000000001,3.0,4.0,6.5,54.54545454545454,50.0,-120,100,10,1
2025-26,2026-03-12,CHI,UTA,1037,3.104276115135988,2.8838688837788404,2.74705780762922,3.263238383086715,3.3116929048330492,2.8304933441053746,2.789746788625959,3.298244702019018,1,2,0,0,0.8999,0.9038666666666667,0.0,3.0,6.0,51.21951219512195,53.48837209302325,-105,-115,5,0
2025-26,2026-03-12,NSH,VAN,1038,2.6305340207162793,3.5999488734011518,3.1547923386801644,3.2939047692539605,2.6619787128262633,3.5392279869629513,2.933528240946727,3.3149443106711023,2,1,0,0,0.8925695652173913,0.8941666666666667,8.0,2.0,6.0,53.48837209302325,51.21951219512195,-115,-105,7,1
2025-26,2026-03-12,PIT,VGK,1039,3.116778977599932,3.2304882348335733,3.3821476875432595,3.0605569788879996,3.3595051259230453,3.1689426478279987,3.2054081909092327,2.961854898068066,1,1,0,0,0.8768703703703703,0.8851,6.0,11.0,6.0,54.54545454545454,50.0,-120,100,8,1
2025-26,2026-03-12,NYR,WPG,1040,2.8292427705132654,3.056630596374114,3.0932663060673597,3.28144032426786,3.013309655821405,3.0103186033179417,3.1888131036271963,3.3627183994821683,1,1,0,0,0.9096333333333334,0.9099333333333333,8.0,4.0,5.5,52.38095238095239,52.38095238095239,-110,-110,9,1
2025-26,2026-03-13,LAK,NYI,1041,3.0317354146239324,2.9943240502855146,2.811081435236585,3.1945742137733686,3.2962015258070956,3.0291145874143157,2.787500227016197,3.0496854848232045,2,2,0,0,0.9114666666666668,0.9051666666666667,5.0,8.0,5.5,52.38095238095239,52.38095238095239,-110,-110,5,0
2025-26,2026-03-13,EDM,STL,1042,2.944190433398793,3.0792201669964108,3.5263271832749745,3.4762836609544108,2.9393659187348686,3.0875435643688904,3.409510432715548,3.2248455065535935,0,0,1,1,0.9037666666666666,0.8882517241379311,5.0,6.0,6.5,53.48837209302325,51.21951219512195,-115,-105,5,0
2025-26,2026-03-14,TOR,BUF,1043,3.582646622927841,2.9281480374106543,3.0209295903724454,3.531791725340904,3.5479875248579327,3.045275557562212,2.889930898864731,3.477934084200813,1,1,0,0,0.9072333333333333,0.9052333333333333,14.0,3.0,6.5,54.54545454545454,50.0,-120,100,5,0
2025-26,2026-03-14,DET,DAL,1044,3.5127827664664415,2.7789695351955346,2.8254722165825354,2.9480222602659505,3.4073164373374882,2.817279139661229,2.890822378619952,2.849847342932425,1,1,0,0,0.9029333333333334,0.9080333333333334,10.0,8.0,5.5,53.48837209302325,51.21951219512195,-115,-105,5,0
2025-26,2026-03-14,NYR,MIN,1045,3.425019617164369,2.950970563874024,3.1813085764828113,3.2699193356279364,3.237058749355477,2.8623195899684166,3.280853952027198,3.346510718192475,1,1,0,0,0.9134666666666665,0.9095333333333334,5.0,2.0,6.0,54.54545454545454,50.0,-120,100,6,
2025-26,2026-03-14,SJS,MTL,1046,3.546687899370506,3.1968978212453947,3.130919533028307,3.358874164450276,3.4092317489542077,3.0120484086941253,3.0701526349771027,3.4355282733420913,2,1,0,0,0.8976333333333334,0.8995,3.0,3.0,6.5,56.52173913043478,47.61904761904761,-130,110,6,0
2025-26,2026-03-14,LAK,NJD,1047,2.727698105758086,3.0501527663322587,2.820963869827066,3.156302004927481,2.860752407718734,2.98485298754742,2.7993060119195285,3.01474579191938,1,0,0,1,0.9067333333333334,0.9024666666666666,8.0,8.0,5.5,53.48837209302325,51.21951219512195,-115,-105,10,1
2025-26,2026-03-14,CGY,NYI,1048,3.001758072511372,2.996305379630291,2.707593446863687,3.280029153480794,3.248230343673369,3.0285695193927413,2.5548525656550276,3.3506218536751087,0,1,1,0,0.8934666666666666,0.9129333333333334,5.0,10.0,6.0,52.38095238095239,52.38095238095239,-110,-110,5,0
2025-26,2026-03-14,ANA,OTT,1049,3.340291776578954,2.9643691714454157,3.260213805384428,3.377358011246927,3.1619259037914187,2.8769802840877854,3.042921584975136,3.493042188366769,2,1,0,0,0.8920999999999999,0.9080166666666667,7.0,4.0,6.5,52.38095238095239,52.38095238095239,-110,-110,2,0
2025-26,2026-03-14,CBJ,PHI,1050,2.9189721555194557,3.1546587725231747,3.3071212051784036,3.048219835574923,2.8138397478729127,3.0423666860586005,3.0729638992352832,3.1201880840384786,1,1,0,0,0.9015666666666665,0.9175666666666668,5.0,5.0,6.0,50.0,54.54545454545454,100,-120,3,0
2025-26,2026-03-14,CAR,TBL,1051,3.512199049241791,3.08662700428565,3.4623079737560203,3.0099794839551457,3.345986125399434,2.8465529216045047,3.171354479487045,2.980228557828461,1,1,0,0,0.9160333333333334,0.8810333333333332,4.0,3.0,6.5,50.0,54.54545454545454,100,-120,6,0
2025-26,2026-03-14,PIT,UTA,1052,3.0700413872658467,2.890118531031077,3.334977141144527,3.1494359011849187,3.262309489377411,2.8395522378955094,3.1602042892031963,3.069023763123983,1,1,0,0,0.8995666666666667,0.8927333333333333,0.0,13.0,6.0,53.48837209302325,51.21951219512195,-115,-105,7,1
2025-26,2026-03-14,SEA,VAN,1053,2.6792141368198465,3.5731354949838656,2.953867020801602,3.1663312623634035,2.716544731104986,3.5110477330510723,2.8355766000586207,3.2253263257853524,1,1,0,0,0.8911916666666667,0.8994,8.0,4.0,6.0,52.38095238095239,52.38095238095239,-110,-110,7,1
2025-26,2026-03-14,CHI,VGK,1054,3.2031684063851036,3.1907172308644083,2.759963858788774,3.221798640005388,3.4450714690941737,3.126799886463858,2.802019362766846,3.2494487891733352,1,1,0,0,0.8788857142857144,0.9043333333333334,6.0,4.0,6.0,51.21951219512195,53.48837209302325,-105,-115,4,0
2025-26,2026-03-14,COL,WPG,1055,2.8377295856359708,3.1454169900886626,3.492016572976283,2.7975872174495473,3.0133711587912635,3.112457500215739,3.5028603310855355,2.839144156638903,1,1,0,0,0.9077000000000001,0.9099333333333334,8.0,14.0,6.0,51.21951219512195,53.48837209302325,-105,-115,4,0
2025-26,2026-03-14,BOS,WSH,1056,3.0450371738465414,3.10516923579436,3.2429019846898877,3.120944758230463,3.3325097548261806,2.8896059670461143,3.171402268135406,3.627453154815726,1,1,0,0,0.9110666666666667,0.9004,1.0,0.0,6.0,51.21951219512195,53.48837209302325,-105,-115,5,0
2025-26,2026-03-15,NSH,EDM,1057,3.4713266737124533,3.453783834994373,3.1478992205289713,3.310781778887249,3.467621326608994,3.5311733982189555,2.9361799778767006,3.334241698886343,1,2,0,0,0.8879666666666667,0.8862666666666666,6.0,2.0,6.5,60.0,44.44444444444444,-150,125,4,0
2025-26,2026-03-15,TOR,MIN,1058,3.374968358621787,2.983318511946676,2.98926594683611,3.506533744190661,3.192032362341822,2.9019602002761458,2.859461221903658,3.453363248716345,0,0,1,1,0.8888333333333333,0.9020333333333334,5.0,3.0,6.5,50.0,54.54545454545454,100,-120,6,0
2025-26,2026-03-15,ANA,MTL,1059,3.4908133727758264,3.2178664347859742,3.156962320624318,3.329080207317579,3.354057533023133,3.0446590672487917,2.93694803635339,3.433345621864348,0,0,1,1,0.9055238095238096,0.8950666666666666,3.0,3.0,6.5,56.52173913043478,47.61904761904761,-130,110,7,1
2025-26,2026-03-15,SJS,OTT,1060,3.2938030663804287,2.874898736909247,3.1551368076867914,3.3118210376091977,3.1188873677742293,2.778530174118631,3.1000519613111486,3.3788928264533205,0,0,1,1,0.8941666666666666,0.905,7.0,4.0,6.5,53.48837209302325,51.21951219512195,-115,-105,11,1
2025-26,2026-03-15,FLA,SEA,1061,3.0181580155630323,3.129925627560676,3.006872787244555,3.243949090072269,3.0648000052235047,3.033965943392786,3.0314101543125136,3.3809918782299913,0,2,1,0,0.9025333333333333,0.8945000000000001,4.0,16.0,6.0,52.38095238095239,52.38095238095239,-110,-110,8,1
2025-26,2026-03-15,STL,WPG,1062,2.847461806612483,3.080270562074002,2.947275423854537,3.0457984855283184,3.017351585089294,3.0390446174518,2.8422136441287034,3.221763472121406,0,1,1,0,0.8999666666666667,0.8815000000000001,8.0,5.0,5.5,54.54545454545454,50.0,-120,100,5,0
2025-26,2026-03-16,PIT,COL,1063,3.4104865580834125,2.8089810508585438,3.3514165438089445,3.144303904337323,3.482622279669181,2.7721550932410475,3.185565641786671,3.0698413321578597,1,1,0,0,0.9176666666666667,0.8823666666666666,14.0,13.0,6.5,56.52173913043478,47.61904761904761,-130,110,9,1
2025-26,2026-03-16,UTA,DAL,1064,3.490050926969508,2.76021006721221,3.0690812233844347,2.9277014286993452,3.3882381328422957,2.7930623560609447,2.9339417994995913,2.9830754485385027,1,1,0,0,0.9127333333333333,0.8895461538461539,10.0,1.0,5.5,55.55555555555556,48.78048780487805,-125,105,9,1
2025-26,2026-03-16,CGY,DET,1065,2.8050460554653274,2.952067210026902,2.692294389277283,3.268276238191015,2.968963140470932,3.179053170916316,2.544983626623134,3.334472969373985,1,1,0,0,0.9076333333333333,0.9013333333333333,8.0,11.0,5.5,54.54545454545454,50.0,-120,100,7,1
2025-26,2026-03-16,BOS,NJD,1066,2.833075929416496,3.080076175207906,3.234969863853966,3.0884788843290405,2.973459570584887,3.020182654266169,3.165042331306385,3.5642409425605663,1,1,0,0,0.8906333333333334,0.8922666666666667,8.0,0.0,6.0,54.54545454545454,50.0,-120,100,7,1
2025-26,2026-03-16,LAK,NYR,1067,3.205170624467169,3.2292216619170904,2.8616941262844287,3.241840375022751,2.8355777075434285,3.110301535085613,2.844296611487466,3.1197279814124164,1,1,0,0,0.9108,0.9054333333333333,2.0,9.0,5.5,53.48837209302325,51.21951219512195,-115,-105,5,0
2025-26,2026-03-17,CAR,CBJ,1068,3.2648434630978493,2.987788512845491,3.473765564743453,2.9820794947625755,3.3994062882239517,3.09895781891455,3.199505758261839,2.9503559957548062,2,2,0,0,0.9179666666666667,0.9,4.0,3.0,6.5,51.21951219512195,53.48837209302325,-105,-115,6,0
2025-26,2026-03-17,MIN,CHI,1069,2.6830274245074763,3.244208273772009,3.3312347857014246,3.018043620229093,2.8420939218316286,3.16023896465113,3.4476823266465284,3.061713205269728,2,1,0,0,0.9038000000000002,0.9120666666666667,3.0,6.0,6.0,52.38095238095239,52.38095238095239,-110,-110,7,1
2025-26,2026-03-17,SJS,EDM,1070,3.4530116230266867,3.376021037107115,3.1820349191676387,3.422191482906945,3.4483116393077236,3.4369919050948634,3.131636083644426,3.501364539655616,1,1,0,0,0.8906333333333334,0.9000333333333334,8.0,4.0,7.0,48.78048780487805,55.55555555555556,105,-125,8,1
2025-26,2026-03-17,BOS,MTL,1071,3.472240334260112,3.242225575141958,3.2263145980929986,3.116811328481145,3.342063656753531,3.0794808803859492,3.157315480422955,3.5728750823973643,1,0,0,1,0.8970333333333333,0.9008,5.0,0.0,6.5,51.21951219512195,53.48837209302325,-105,-115,5,0
2025-26,2026-03-17,TBL,SEA,1072,3.111137629829623,3.0968352695416534,3.4609995734841603,3.115806619939896,3.167413022968517,3.00053210853314,3.549343964808514,3.1505124753351827,1,2,0,0,0.9004,0.9159666666666666,4.0,4.0,6.0,54.54545454545454,50.0,-120,100,8,1
2025-26,2026-03-17,NYI,TOR,1073,3.024226993440631,3.4571999481579674,3.003487288473235,2.9681157631339716,3.2908059219389494,3.381193833878464,2.8461744681652164,2.9318563549093377,1,2,0,0,0.9061,0.9110666666666667,3.0,5.0,6.0,52.38095238095239,52.38095238095239,-110,-110,4,0
2025-26,2026-03-17,FLA,VAN,1074,2.666731295321512,3.609652291043847,2.979433692198386,3.3263274699651526,2.701487498456788,3.554530897322732,2.998195634395166,3.4685790186408796,2,1,0,0,0.8850999999999999,0.8875333333333333,8.0,13.0,6.0,52.38095238095239,52.38095238095239,-110,-110,7,1
2025-26,2026-03-17,BUF,VGK,1075,3.226675059900407,3.0941131179399224,3.5572294869353533,2.9030076394960536,3.461040361931682,3.0188582281300165,3.398486914793072,2.8916003522423233,2,2,0,0,0.8828793103448276,0.8982,6.0,13.0,6.5,52.38095238095239,52.38095238095239,-110,-110,2,0
2025-26,2026-03-17,NSH,WPG,1076,2.8567899601005586,3.048536558431662,3.0835883967066398,3.2993137044934606,3.018785680091994,3.006016982264275,2.8738764046201912,3.3209215287873315,1,1,0,0,0.9087666666666666,0.8941,8.0,2.0,5.5,55.55555555555556,48.78048780487805,-125,105,7,1
2025-26,2026-03-18,PHI,ANA,1077,3.183370049901178,3.317307985744628,2.864197186402444,3.119118950019055,3.401760732846526,3.248529186207357,3.1287172073811047,3.2664871795186676,2,3,0,0,0.8952000000000001,0.9027000000000001,6.0,5.0,6.5,51.21951219512195,53.48837209302325,-105,-115,5,0
2025-26,2026-03-18,PIT,CAR,1078,3.3927756943796434,3.0446543744922767,3.4580971211723135,3.1097574449292256,3.594898571117358,3.034368280567179,3.31462354122669,3.03425095020931,0,1,1,0,0.8815000000000001,0.8928666666666667,3.0,11.0,6.5,52.38095238095239,52.38095238095239,-110,-110,11,1
2025-26,2026-03-18,STL,CGY,1079,2.67867825219809,3.3183812145164757,2.922493811144175,3.046605791293811,2.937415472742337,3.044998312954603,2.820126159228278,3.2130272594661244,1,2,0,0,0.9106666666666666,0.9048999999999999,11.0,5.0,5.5,53.48837209302325,51.21951219512195,-115,-105,3,0
2025-26,2026-03-18,DAL,COL,1080,3.3637454782346072,2.941342325460041,3.469398016605135,2.8640290771748322,3.4256884204694913,2.9238614585072877,3.408587189049402,2.8487558202948353,1,1,0,0,0.9158000000000001,0.9032,14.0,10.0,6.0,54.54545454545454,50.0,-120,100,3,0
2025-26,2026-03-18,NJD,NYR,1081,3.1361882279026014,3.249637863104079,2.8720450501532047,3.07738159212493,2.7763272346363412,3.139876609083133,2.6613797948701072,3.1469898326209154,1,1,0,0,0.8924333333333333,0.8903,2.0,8.0,6.0,54.54545454545454,50.0,-120,100,9,1
2025-26,2026-03-18,OTT,WSH,1082,3.0157100314589913,3.103179771404912,3.404361813946448,2.9143269950651534,3.284656792452572,2.898796726287218,3.4226438905666647,3.191564215868844,3,2,0,0,0.9116,0.8931666666666668,1.0,7.0,6.0,52.38095238095239,52.38095238095239,-110,-110,5,0
2025-26,2026-03-19,WPG,BOS,1083,3.1866640527056638,3.112379653028345,2.865287778122716,3.07828625511678,3.301902547918692,2.692635492657964,2.7668074029530754,3.175390422234253,1,1,0,0,0.9007333333333334,0.9083666666666665,0.0,8.0,6.0,51.21951219512195,53.48837209302325,-105,-115,7,1
2025-26,2026-03-19,NYR,CBJ,1084,3.3143592305534124,2.929503678727372,3.1321711675128294,3.3307441475751074,3.4499663007818393,3.0255664666245865,3.3003758321281635,3.2977937213895996,1,0,0,1,0.9189,0.9103333333333333,4.0,6.0,6.0,53.48837209302325,51.21951219512195,-115,-105,9,1
2025-26,2026-03-19,MTL,DET,1085,2.8763619680204857,2.9261584055066243,3.4518556731966488,3.2023693855594026,3.043390752025222,3.135460723944903,3.477476140326671,3.3853201513274085,2,1,0,0,0.9079666666666666,0.8978333333333334,5.0,6.0,6.0,53.48837209302325,51.21951219512195,-115,-105,4,0
2025-26,2026-03-19,FLA,EDM,1086,3.4936683330612075,3.360065584028274,2.951708030314657,3.3729807888106733,3.496696380141944,3.413640113492531,2.9629009214760855,3.516900810608185,1,1,0,0,0.8907666666666666,0.8861333333333332,8.0,13.0,6.5,54.54545454545454,50.0,-120,100,4,0
2025-26,2026-03-19,PHI,LAK,1087,2.899306056857936,3.171249232222781,2.8720696253745253,3.0849591522942585,2.8756021085568713,3.176320352733672,3.1217212026742396,3.2221162942074466,2,0,0,1,0.9062333333333333,0.8696666666666666,8.0,8.0,6.0,50.0,54.54545454545454,100,-120,7,1
2025-26,2026-03-19,CHI,MIN,1088,3.3473266754790854,3.0185751076115905,2.6991462925380576,3.264391825986602,3.1533042008208714,2.942995921638262,2.710101006627174,3.2748195149840904,1,1,0,0,0.8883666666666665,0.9034666666666666,6.0,3.0,6.0,52.38095238095239,52.38095238095239,-110,-110,3,0
2025-26,2026-03-19,SEA,NSH,1089,3.111137458854043,3.286654067170244,3.076422057977193,3.183475119224692,3.286044996102843,3.266075472206725,2.9139667280658625,3.181815465359285,1,1,0,0,0.888,0.9028666666666666,3.0,6.0,6.0,54.54545454545454,50.0,-120,100,4,0
2025-26,2026-03-19,NYI,OTT,1090,3.3260072307709625,2.9492878326464447,3.003297755227552,2.909306796576034,3.25435047040357,2.8254243752258197,2.8525858963449755,2.870379503860632,0,1,1,0,0.8927333333333333,0.9117999999999999,7.0,5.0,6.0,51.21951219512195,53.48837209302325,-105,-115,5,0
2025-26,2026-03-19,BUF,SJS,1091,3.1736889506573718,3.463088099069468,3.5012165168382317,2.817126782852024,3.1831675095735714,3.250292384843006,3.3423641556663566,2.797200389713011,1,1,0,0,0.8989,0.9069,4.0,11.0,6.5,57.446808510638306,46.51162790697674,-135,115,5,0
2025-26,2026-03-19,TBL,VAN,1092,2.7425058741803006,3.5510418196284865,3.530015624266027,3.0800423069496605,2.7857329178740553,3.4906042448111467,3.6221274456353907,3.108557404734878,1,1,0,0,0.8856333333333332,0.9157666666666667,8.0,4.0,6.0,55.55555555555556,48.78048780487805,-125,105,8,1
2025-26,2026-03-19,UTA,VGK,1093,3.1258457459307536,3.0597053612632488,3.157066310008315,2.931860794876405,3.3353008775574815,2.9843682122979978,3.0386895995248344,2.984545163018972,1,2,0,0,0.8856666666666667,0.8987666666666667,6.0,0.0,6.0,51.21951219512195,53.48837209302325,-105,-115,4,0
2025-26,2026-03-20,FLA,CGY,1094,2.6631972361595273,3.2430484557542125,2.984392783018828,3.2655678105711434,2.905913263888646,2.9744933915635148,3.0013347343741517,3.385738551249229,1,0,0,1,0.9006000000000001,0.8907666666666666,11.0,13.0,5.5,55.55555555555556,48.78048780487805,-125,105,5,0
2025-26,2026-03-20,COL,CHI,1095,2.683333607196295,3.192186661286978,3.2865153544402808,2.913936177216771,2.849306697089403,3.1862459405512675,3.4091733810456195,2.8482226558034376,0,1,1,0,0.8832333333333333,0.9071333333333332,3.0,14.0,6.5,50.0,54.54545454545454,100,-120,5,0
2025-26,2026-03-20,CAR,TOR,1096,2.9620015313440224,3.435069338527304,3.4650001173998413,3.102920989123987,3.2071452712078714,3.3614412205562076,3.1203208167919168,3.0205321420660987,2,1,0,0,0.9062333333333333,0.8982666666666667,3.0,3.0,6.5,51.21951219512195,53.48837209302325,-105,-115,7,1
2025-26,2026-03-20,ANA,UTA,1097,3.181112945437842,2.8459878593337966,3.1447266942829373,3.3025733157509105,3.2479558772627266,2.8840274824057577,2.976920294771167,3.4114689823836435,0,1,1,0,0.890037037037037,0.8952000000000001,0.0,6.0,6.5,55.55555555555556,48.78048780487805,-125,105,5,0
2025-26,2026-03-20,NJD,WSH,1098,3.044909504762455,3.0380440139805764,2.9686612822590663,3.074063796796474,3.302622826133426,2.83763167029718,2.7829633347184086,3.1384122529119884,1,1,0,0,0.9126666666666666,0.9058666666666666,1.0,8.0,6.0,52.38095238095239,52.38095238095239,-110,-110,3,0
2025-26,2026-03-21,SEA,CBJ,1099,3.3895291073036593,2.9321596245987704,3.0126544259080754,3.174996624016042,3.525512617614566,3.0253580876751136,2.8514021210489733,3.17067281290253,1,1,0,0,0.8872333333333333,0.9031999999999999,4.0,6.0,6.5,51.21951219512195,53.48837209302325,-105,-115,7,1
2025-26,2026-03-21,BOS,DET,1100,2.881168444504537,2.868469897605221,3.2679100607729903,3.046611231555047,3.038277644254935,3.0614472222096345,3.115037324404335,3.539684982893057,1,1,0,0,0.9091,0.9014000000000001,5.0,0.0,5.5,56.52173913043478,47.61904761904761,-130,110,6,1
2025-26,2026-03-21,TBL,EDM,1101,3.380015743250856,3.3728241389849702,3.596756978186737,3.0470277427449672,3.3660095909895955,3.427740158418635,3.6926707594181023,3.069334920836651,1,1,0,0,0.8888333333333333,0.9156333333333334,8.0,5.0,6.5,58.333333333333336,45.45454545454545,-140,120,7,1
2025-26,2026-03-21,BUF,LAK,1102,2.9038555693987895,3.1932957603020906,3.5389569412817616,2.7361472805845186,2.879616399436831,3.203385467451376,3.3951916185120203,2.705340512628252,1,1,0,0,0.9003333333333333,0.9007333333333334,6.0,11.0,6.5,50.0,54.54545454545454,100,-120,5,0
2025-26,2026-03-21,DAL,MIN,1103,3.2706712944596865,2.987209585088972,3.4167038714263076,2.809328748579553,3.0759220920406247,2.914916613072265,3.3547530209396506,2.785914241351413,1,2,0,0,0.9116,0.9045333333333333,6.0,10.0,5.5,53.48837209302325,51.21951219512195,-115,-105,3,0
2025-26,2026-03-21,NYI,MTL,1104,3.3690293387123478,3.191396868274362,2.9729411031591524,2.9134034871822356,3.319078124373647,3.0422273233502786,2.8296141581653416,2.874213322607813,1,1,0,0,0.9032545454545455,0.9114666666666668,6.0,5.0,5.5,57.446808510638306,46.51162790697674,-135,115,10,1
2025-26,2026-03-21,VGK,NSH,1105,3.1061271253902096,3.213226519217479,3.030346527658161,3.087643941702808,3.2696344055587985,3.186314237059602,2.9814284350162943,3.2166484683293,1,1,0,0,0.8904000000000001,0.9114,3.0,6.0,6.0,54.54545454545454,50.0,-120,100,5,0
2025-26,2026-03-21,TOR,OTT,1106,3.311167953385813,2.921819402533913,2.9649167448402722,3.4461167093506386,3.2398571775361398,2.8023169754130093,2.903212085709719,3.3948071335404384,1,0,0,1,0.8936333333333333,0.9058333333333334,7.0,5.0,6.0,53.48837209302325,51.21951219512195,-115,-105,7,1
2025-26,2026-03-21,WPG,PIT,1107,3.496583006671605,3.194558447499553,2.810819866632673,3.1645794684833315,3.4280600161141987,3.147112335370788,2.709900387875813,3.2686703443265372,2,1,0,0,0.8831,0.9066333333333333,8.0,6.0,6.5,52.38095238095239,52.38095238095239,-110,-110,9,1
2025-26,2026-03-21,PHI,SJS,1108,3.0761746706276405,3.5029726394815572,2.9082851453188865,3.0811525167506497,3.0715340848056436,3.3074834689228307,3.1502018309375353,3.209855180266102,1,1,0,0,0.8961666666666667,0.9035666666666666,6.0,8.0,6.0,52.38095238095239,52.38095238095239,-110,-110,5,0
2025-26,2026-03-21,STL,VAN,1109,2.725414505996646,3.616911745351715,2.8648286110659225,3.0133057869436657,2.763852072975857,3.567792061784791,2.761178661490164,3.166441455638028,1,2,0,0,0.8842333333333333,0.8808333333333334,8.0,5.0,5.5,56.52173913043478,47.61904761904761,-130,110,4,0
2025-26,2026-03-22,BUF,ANA,1110,3.1691551592466953,3.2294011163126606,3.5455769651737024,2.689806076040951,3.3451225752137157,3.235575258908955,3.4084383132009832,2.656952210628945,1,0,0,1,0.90884,0.9083666666666667,6.0,11.0,6.5,56.52173913043478,47.61904761904761,-130,110,11,1
2025-26,2026-03-22,TBL,CGY,1111,2.7104795624442204,3.1731494258587114,3.631739386244401,3.0171561875372204,2.947091170055206,2.909223464430735,3.725367490422641,3.036215263559552,1,0,0,1,0.9119333333333334,0.8879666666666667,11.0,5.0,6.5,51.21951219512195,53.48837209302325,-105,-115,7,1
2025-26,2026-03-22,NSH,CHI,1112,2.639724167993411,3.2152435295770077,3.133846263273677,3.1456996253911913,2.7923012043454065,3.21199998172916,2.9153531826890733,3.303629880050404,1,0,0,1,0.9043333333333334,0.8946333333333334,4.0,0.0,6.0,52.38095238095239,52.38095238095239,-110,-110,5,0
2025-26,2026-03-22,VGK,DAL,1113,3.3396224511394057,2.790521304978188,2.9711790543186862,3.115986027933533,3.3665932244313415,2.9068991058331064,2.9164429299107875,3.2430084764245883,0,0,1,1,0.9094000000000001,0.8817333333333333,10.0,6.0,6.0,52.38095238095239,52.38095238095239,-110,-110,5,0
2025-26,2026-03-22,CBJ,NYI,1114,2.9769342548387066,3.040375476844016,3.4338946225449285,2.9074700338662067,3.232032226617787,2.992393798344607,3.0368345911942067,3.043852838446165,0,0,1,1,0.9097999999999999,0.9185,7.0,4.0,6.0,54.54545454545454,50.0,-120,100,1,0
2025-26,2026-03-22,WPG,NYR,1115,3.1250011254059062,3.404637171957166,2.8510653680290057,3.2185030277407334,2.786650636438379,3.2355611040075445,2.7605071565481327,3.3246099975543153,2,0,0,1,0.905,0.9015666666666665,7.0,6.0,6.0,52.38095238095239,52.38095238095239,-110,-110,5,0
2025-26,2026-03-22,CAR,PIT,1116,3.534904019468212,3.216800935877813,3.4741485355395874,3.098777369089168,3.4748444506046288,3.174506105846226,3.1483893452391007,3.0205903396432587,0,1,1,0,0.8920666666666667,0.8809666666666668,8.0,3.0,6.5,55.55555555555556,48.78048780487805,-125,105,6,0
2025-26,2026-03-22,LAK,UTA,1117,3.113083999436336,2.883654012497198,2.8490984975859455,3.215385585637611,3.167121290685122,2.924897276307866,2.886349706694004,3.0416238430004867,1,0,0,1,0.9001666666666668,0.9056333333333334,0.0,6.0,5.5,54.54545454545454,50.0,-120,100,7,1
2025-26,2026-03-22,COL,WSH,1118,3.0135660216847415,2.9769637492719965,3.3038647702617565,2.858201306540455,3.2554036830129767,2.779883897704288,3.4229781791485103,2.788323615201619,1,1,0,0,0.9135333333333333,0.908,1.0,12.0,6.0,54.54545454545454,50.0,-120,100,5,0
2025-26,2026-03-23,OTT,NYR,1119,3.0906546490216265,3.387386816333555,3.35810622518746,2.8965464489568897,2.765464846614547,3.224884868908768,3.3330973657298557,3.212496326446089,0,1,1,0,0.9093333333333332,0.8927578947368422,7.0,9.0,6.0,51.21951219512195,53.48837209302325,-105,-115,3,0
2025-26,2026-03-24,TOR,BOS,1120,3.286010821063217,3.014857482818898,2.9371917977267343,3.4861767294523225,3.382730808335752,2.641616739739377,2.8755452121637237,3.442281408617043,2,2,0,0,0.9024666666666668,0.9043666666666667,0.0,3.0,6.5,50.0,54.54545454545454,100,-120,6,0
2025-26,2026-03-24,LAK,CGY,1121,2.753830420307958,3.165004419032846,2.857261594614445,3.2366292438053716,2.98265394022815,2.914450177787223,2.8931864196244117,3.074485621292252,1,1,0,0,0.9013333333333333,0.9053000000000001,11.0,6.0,5.5,54.54545454545454,50.0,-120,100,5,0
2025-26,2026-03-24,NJD,DAL,1122,3.2935826745614514,2.79998276870927,2.909776745966851,3.0403808979642126,3.3132469944368688,2.9119070751393203,2.7264564219934972,3.0971272977200037,1,3,0,0,0.9049333333333335,0.9070666666666667,10.0,8.0,5.5,56.52173913043478,47.61904761904761,-130,110,10,1
2025-26,2026-03-24,OTT,DET,1123,2.8574590603852372,2.905458866957572,3.313106401706027,2.8428811660251037,3.0025394254347546,3.09389286856946,3.2842556243859313,3.136744195156354,2,0,0,1,0.9087666666666667,0.8933666666666668,2.0,12.0,6.0,50.0,54.54545454545454,100,-120,5,0
2025-26,2026-03-24,SEA,FLA,1124,2.924732562726793,3.2831379847087585,2.982740468474288,3.227826813745426,3.0457065201624203,3.089794794546814,2.8267624543757393,3.22998734083464,3,2,0,0,0.8876666666666667,0.9024666666666666,20.0,5.0,6.0,52.38095238095239,52.38095238095239,-110,-110,9,1
2025-26,2026-03-24,CAR,MTL,1125,3.4739755780931527,3.1842161836607246,3.514084512519419,3.0358889357251546,3.439075568409373,3.04175433207478,3.2110167269660654,2.9531956431058544,2,1,0,0,0.8985000000000001,0.8823000000000001,5.0,3.0,6.5,54.54545454545454,50.0,-120,100,7,1
2025-26,2026-03-24,SJS,NSH,1126,3.128190843858292,3.1094399602203304,3.0132466965260942,3.5106099677754226,3.2906759241215364,3.1107875988968603,3.125734741185733,3.5382245961477774,1,2,0,0,0.8951,0.8966333333333334,0.0,5.0,6.5,50.0,54.54545454545454,100,-120,9,1
2025-26,2026-03-24,CHI,NYI,1127,2.919333842788965,2.9498191461235255,2.627357288793609,3.2062610248978003,3.152938527237517,2.890893918756283,2.6930766688917838,3.189932259433538,1,1,0,0,0.8942,0.8854333333333334,6.0,7.0,6.0,51.21951219512195,53.48837209302325,-105,-115,7,1
2025-26,2026-03-24,CBJ,PHI,1128,2.944075505330546,3.0186452610080563,3.3251189713930756,2.8531447520009237,2.752294497983581,3.008251418953955,2.9355968663824865,2.9761906912092586,2,1,0,0,0.9043666666666667,0.9190333333333333,5.0,4.0,6.0,50.0,54.54545454545454,100,-120,5,0
2025-26,2026-03-24,COL,PIT,1129,3.452303094845859,3.26916122167384,3.291979626020084,2.8369023735961605,3.385579953807068,3.235254640102589,3.4029726401568507,2.7687106517795144,1,1,0,0,0.8820333333333333,0.9162,8.0,11.0,6.5,54.54545454545454,50.0,-120,100,8,1
2025-26,2026-03-24,WSH,STL,1130,2.872822083490953,2.9542255639183215,2.98541069834017,2.9805220511571133,2.937594168491662,3.0504392197822097,2.8606355436586517,3.290275023115869,2,1,0,0,0.9061666666666667,0.9130666666666667,5.0,2.0,5.5,53.48837209302325,51.21951219512195,-115,-105,3,0
2025-26,2026-03-24,MIN,TBL,1131,3.603237632842973,3.0472628600485745,3.22958365086567,2.929223105641351,3.289575826572284,2.891357754255815,3.459816540370457,3.0537669120462123,1,2,0,0,0.9158333333333334,0.9124666666666668,4.0,4.0,6.5,50.0,54.54545454545454,100,-120,9,1
2025-26,2026-03-24,EDM,UTA,1132,3.1404094975150065,2.891579710436964,3.3342391787445713,3.417438703699882,3.196133735920063,2.9306607354915464,3.35522500670636,3.209348562474903,1,2,0,0,0.9005,0.8863,0.0,8.0,6.5,54.54545454545454,50.0,-120,100,7,1
2025-26,2026-03-24,ANA,VAN,1133,2.6797440669532415,3.5900609813705984,3.253597867260992,3.280996981749963,2.7104780536046884,3.5412463619862127,3.0138356178184154,3.3238215567577796,2,1,0,0,0.8845000000000002,0.8963333333333333,8.0,6.0,6.5,56.52173913043478,47.61904761904761,-130,110,8,1
2025-26,2026-03-24,VGK,WPG,1134,2.8606939462071304,3.1810489667972877,2.974240006234059,3.082324887721822,3.0149134511180957,3.041780636560171,2.923509482241154,3.1981838886078644,1,1,0,0,0.9062333333333334,0.8816666666666666,6.0,6.0,6.0,51.21951219512195,53.48837209302325,-105,-115,5,0
2025-26,2026-03-25,BOS,BUF,1135,3.582564301758879,2.796423864524597,3.246066596706223,3.0475029572086765,3.5153036506189657,3.010300696614682,3.1457282747518005,3.4793510528595943,2,0,0,1,0.9020666666666667,0.8919333333333335,8.0,0.0,6.5,54.54545454545454,50.0,-120,100,7,1
2025-26,2026-03-25,NYR,TOR,1136,2.9735140567595444,3.4371456362039763,3.0293614215203686,3.342378175502886,3.1975617628873922,3.3788200324004105,3.287799300644391,3.3788956878333654,0,1,1,0,0.9053666666666665,0.9098,3.0,7.0,6.0,54.54545454545454,50.0,-120,100,7,1
2025-26,2026-03-26,ANA,CGY,1137,2.7688174930026452,3.130940079219724,3.3040634750292406,3.2701555332741763,2.9886891141260055,2.888314279774691,3.0813032256430453,3.310566927152451,1,1,0,0,0.9119333333333334,0.9055846153846154,10.0,9.0,6.5,54.54545454545454,50.0,-120,100,5,0
2025-26,2026-03-26,MIN,FLA,1138,2.9915258729461107,3.3032672253757873,3.2214769457009123,3.024960234724279,3.1150276836647435,3.120768669085344,3.437856612518413,3.156132691061897,1,1,0,0,0.8905,0.8886333333333333,20.0,2.0,6.0,55.55555555555556,48.78048780487805,-125,105,5,0
2025-26,2026-03-26,CBJ,MTL,1139,3.5146955834369877,3.1481993209772883,3.3119801332565455,2.831832749406745,3.487107744254803,3.0080786704479596,2.9408396170164073,2.9463479323314026,1,1,0,0,0.9003666666666668,0.9192333333333333,6.0,4.0,6.5,52.38095238095239,52.38095238095239,-110,-110,3,0
2025-26,2026-03-26,NJD,NSH,1140,3.2142583387315433,3.1063171248252863,3.0070069924839773,3.0714488406777476,3.3787041502913295,3.106583315774933,2.8439302238401774,3.129700850124323,1,1,0,0,0.8943333333333333,0.8896333333333334,0.0,11.0,6.0,54.54545454545454,50.0,-120,100,6,
2025-26,2026-03-26,DAL,NYI,1141,2.924545058463148,2.9836064569471747,3.312858860776338,2.902145029502349,3.146377606178484,2.932620845862604,3.270496416215286,2.7652330064980077,1,1,0,0,0.9109999999999999,0.9031333333333333,5.0,10.0,5.5,54.54545454545454,50.0,-120,100,3,0
2025-26,2026-03-26,PIT,OTT,1142,3.300370828998792,2.8218914737175647,3.402390882599267,3.347803759302565,3.295240861758466,2.7808851403697896,3.366333727400838,3.1293555548145435,1,1,0,0,0.8947,0.8913333333333334,12.0,8.0,6.0,54.54545454545454,50.0,-120,100,7,1
2025-26,2026-03-26,CHI,PHI,1143,2.917592771751315,3.0187617759429,2.675723064468827,3.197811688077684,2.732568766553813,3.0089677988744916,2.744062166548898,3.181081869761618,1,1,0,0,0.8700666666666668,0.9043333333333334,5.0,7.0,5.5,54.54545454545454,50.0,-120,100,6,1
2025-26,2026-03-26,SJS,STL,1144,2.879577584224855,2.867043864956173,3.0141233001636953,3.5786859960743613,2.9433213408179273,2.9464206980184073,3.1199351962649864,3.6137831762793566,1,1,0,0,0.9074333333333333,0.8892000000000001,6.0,5.0,6.0,50.0,54.54545454545454,100,-120,3,0
2025-26,2026-03-26,SEA,TBL,1145,3.666293136115227,3.0459183778680443,3.015122565229175,3.278906124369497,3.3788219815659506,2.8968196548148515,2.8696028203691246,3.289174023134264,1,1,0,0,0.9153666666666668,0.8978,4.0,5.0,6.0,55.55555555555556,48.78048780487805,-125,105,7,1
2025-26,2026-03-26,WSH,UTA,1146,3.104477059032753,2.9571085927795764,2.896605098362308,2.981899206326343,3.153471299868168,3.001586499833797,2.7653947206581444,3.2771667806235527,1,1,0,0,0.8921965517241379,0.9131333333333332,2.0,2.0,6.0,52.38095238095239,52.38095238095239,-110,-110,11,1
2025-26,2026-03-26,LAK,VAN,1147,2.6957660951460882,3.6240072249264457,2.836456103973581,3.2282833944219753,2.7270748475140443,3.580739304907423,2.8677350534933823,3.0741734602282382,1,1,0,0,0.8845666666666666,0.9055,8.0,6.0,6.0,52.38095238095239,52.38095238095239,-110,-110,4,0
2025-26,2026-03-26,EDM,VGK,1148,2.9160203806737344,3.109064710721137,3.379704141689749,3.3691002250544333,3.2140763003500092,3.021186076906874,3.405211840932472,3.1657544938097844,1,1,0,0,0.8811333333333333,0.8875666666666666,6.0,8.0,6.5,53.48837209302325,51.21951219512195,-115,-105,7,1
2025-26,2026-03-26,COL,WPG,1149,2.8978449951545637,3.1133135033589254,3.3698881020448983,2.815680157608419,3.0480187834190846,2.9741053961688486,3.4844728837734573,2.74798404211457,1,1,0,0,0.9071666666666668,0.9080666666666666,6.0,8.0,6.0,53.48837209302325,51.21951219512195,-115,-105,5,0
2025-26,2026-03-27,DET,BUF,1150,3.5563071357350817,2.8364993075910125,2.8358333449645143,2.911630803547811,3.4886026712758462,3.0448927974183384,2.86486154316025,2.850676656668731,1,2,0,0,0.9061666666666667,0.9082333333333333,8.0,3.0,6.0,53.48837209302325,51.21951219512195,-115,-105,7,1
2025-26,2026-03-27,CHI,NYR,1151,3.0286864177945794,3.3572164866036474,2.6325683006105414,3.2504605761190564,2.710433822866766,3.1828925069293064,2.693138592131316,3.239920528210521,1,0,0,1,0.9087181818181819,0.8880333333333332,7.0,7.0,6.0,54.54545454545454,50.0,-120,100,7,1
2025-26,2026-03-28,MIN,BOS,1152,3.2655969623074634,3.0462282930668074,3.2121199393431143,2.9947260312698414,3.332106495981129,2.6963013700068936,3.416356558386488,3.115191218236097,2,1,0,0,0.9025333333333333,0.9114666666666668,0.0,3.0,6.0,53.48837209302325,51.21951219512195,-115,-105,9,1
2025-26,2026-03-28,SEA,BUF,1153,3.5031180858217743,2.906414638099521,3.047341275981637,3.2688956782966745,3.434452096876811,3.110445621149498,2.913314386024099,3.2773391691007583,0,1,1,0,0.9010666666666667,0.8978,8.0,4.0,6.5,51.21951219512195,53.48837209302325,-105,-115,5,0
2025-26,2026-03-28,NJD,CAR,1154,3.4623144923553775,3.096311387780745,3.038491644907751,3.0399118412485304,3.6608893063832344,3.100955078627274,2.886863891903587,3.0921058276187456,3,1,0,0,0.8980666666666667,0.8896333333333334,2.0,11.0,6.5,51.21951219512195,53.48837209302325,-105,-115,7,1
2025-26,2026-03-28,SJS,CBJ,1155,3.2390070838264062,2.8110447866315913,2.955707311232928,3.524162132563653,3.5670262041374343,2.992447460683746,3.0488704472185737,3.552119458207484,1,1,0,0,0.8872333333333333,0.8930333333333333,7.0,6.0,6.5,51.21951219512195,53.48837209302325,-105,-115,5,0
2025-26,2026-03-28,VAN,CGY,1156,2.7503820852891754,3.125747588833401,2.6215934964009078,3.626946833183898,2.9576141228094595,2.8944079803579053,2.774779091455493,3.4962632760033374,1,1,0,0,0.9016666666666667,0.88922,13.0,8.0,6.0,53.48837209302325,51.21951219512195,-115,-105,10,1
2025-26,2026-03-28,WPG,COL,1157,3.3553756202127234,2.7968008606283616,2.8751881072500485,3.1106800522605256,3.3331669289778922,2.8952097115381688,2.7756725497808485,3.2765154068778863,1,1,0,0,0.9082666666666668,0.9074333333333333,8.0,7.0,6.0,52.38095238095239,52.38095238095239,-110,-110,6,
2025-26,2026-03-28,PHI,DET,1158,2.906147769302611,2.8884840192280454,2.9841215478725265,2.9605300772638334,2.9734290496264926,3.0908060961960753,3.178864571831505,3.132233591896902,0,1,1,0,0.9086333333333333,0.9036333333333334,2.0,5.0,5.5,55.55555555555556,48.78048780487805,-125,105,8,1
2025-26,2026-03-28,ANA,EDM,1159,3.395080811207832,3.355013302048989,3.2916955479980117,3.2293697560382815,3.315187959811211,3.475814874574061,3.078491520680024,3.2638906302185897,1,1,0,0,0.8877666666666667,0.8964666666666666,6.0,10.0,7.0,51.21951219512195,53.48837209302325,-105,-115,6,0
2025-26,2026-03-28,UTA,LAK,1160,2.8765984181481024,3.130367352692852,3.132913789655871,3.0822115518053095,2.820678001146548,3.228601871226119,3.0723392285395907,2.885270750682612,1,1,0,0,0.9066333333333334,0.8993666666666668,6.0,2.0,5.5,54.54545454545454,50.0,-120,100,8,1
2025-26,2026-03-28,MTL,NSH,1161,3.1771538530714034,3.13417443084141,3.4631559449601057,3.0836042638538714,3.3295957536111325,3.13703242198042,3.3885700517010373,3.360554879614913,1,1,0,0,0.8951666666666667,0.9018347826086957,0.0,6.0,6.5,51.21951219512195,53.48837209302325,-105,-115,5,0
2025-26,2026-03-28,FLA,NYI,1162,2.900704305802721,2.9270846143054867,2.963826437398837,3.291157646917265,3.1080431674557873,2.8712224629578698,2.937085527778408,3.3988831644213633,1,1,0,0,0.9116666666666667,0.8925666666666666,5.0,22.0,5.5,54.54545454545454,50.0,-120,100,7,1
2025-26,2026-03-28,DAL,PIT,1163,3.417007373791194,3.3349584977618645,3.241173022506643,2.8794340326485424,3.3350956743228344,3.3261172873353306,3.192167748050397,2.747676066682649,1,1,0,0,0.8914666666666666,0.9034,9.0,9.0,6.0,54.54545454545454,50.0,-120,100,9,1
2025-26,2026-03-28,TOR,STL,1164,2.8587160767026534,2.816743087986178,3.007093908152815,3.419359295474625,2.916365427008347,2.886854732429196,2.9206357551303213,3.389683950613794,1,2,0,0,0.8815000000000001,0.9060333333333332,5.0,3.0,6.0,51.21951219512195,53.48837209302325,-105,-115,6,
2025-26,2026-03-28,OTT,TBL,1165,3.6394848648699343,3.0778447867458953,3.290112080627169,2.8637406910619525,3.3636498515204023,2.940548679605286,3.2730104287969164,3.101245826241676,1,1,0,0,0.9141666666666667,0.8926999999999999,6.0,11.0,6.0,52.38095238095239,52.38095238095239,-110,-110,6,
2025-26,2026-03-28,WSH,VGK,1166,2.92338599125787,3.1374678905583155,3.0250645084885903,3.0165592966349144,3.2087059595380953,3.0556086770263096,2.915783034161554,3.3013255631366034,1,1,0,0,0.8808666666666666,0.9128666666666666,6.0,2.0,6.0,52.38095238095239,52.38095238095239,-110,-110,9,1
2025-26,2026-03-29,MTL,CAR,1167,3.5044293644788866,3.0653916044313085,3.4742917538378686,3.0223318327551385,3.698331333639179,3.065504092290927,3.403793595214807,3.278641210358488,0,0,1,1,0.8806999999999999,0.9015000000000001,2.0,7.0,6.5,52.38095238095239,52.38095238095239,-110,-110,4,0
2025-26,2026-03-29,BOS,CBJ,1168,3.201070784261478,2.8228272908905208,3.3465936124570392,3.0474964951006545,3.5080129990815063,2.996078359567871,3.174634333915147,3.4573461998969237,0,0,1,1,0.9191,0.9026000000000001,7.0,1.0,6.0,53.48837209302325,51.21951219512195,-115,-105,7,1
2025-26,2026-03-29,CHI,NJD,1169,3.010019772135982,3.1013310356122896,2.593269573167665,3.3323911264381203,3.0046287402826293,3.022912159083224,2.6446129868985007,3.3331114968637294,0,1,1,0,0.906,0.9038000000000002,11.0,9.0,6.0,52.38095238095239,52.38095238095239,-110,-110,8,1
2025-26,2026-03-29,FLA,NYR,1170,3.121131692460018,3.2847219012530093,2.9383061154987202,3.3404599671677944,2.832916073304382,3.108327872188147,2.908448224998479,3.4499822396900433,1,0,0,1,0.9085333333333333,0.8872,5.0,22.0,6.0,52.38095238095239,52.38095238095239,-110,-110,4,0
2025-26,2026-03-29,DAL,PHI,1171,3.0475873188376394,2.965115441684008,3.322227160619724,2.887335105874386,2.818233350896705,2.9446438756834135,3.2832159987177763,2.7644150692682774,0,0,1,1,0.8726666666666667,0.9099333333333334,5.0,12.0,5.5,55.55555555555556,48.78048780487805,-125,105,3,0
2025-26,2026-03-29,NSH,TBL,1172,3.6413672932176824,3.0457233691825905,3.110835112072657,3.159700702936276,3.3813397994410996,2.910373344153642,2.922348016639471,3.255245262890627,0,0,1,1,0.8872333333333333,0.8943333333333333,5.0,0.0,6.5,52.38095238095239,52.38095238095239,-110,-110,5,0
2025-26,2026-03-30,TOR,ANA,1173,3.250080776183274,3.2505401756020644,2.948159809862387,3.4610946772897364,3.4302560253403103,3.293486304596071,2.857251671810816,3.4398552203627712,1,1,0,0,0.9060074074074074,0.9044333333333334,8.0,3.0,6.5,58.333333333333336,45.45454545454545,-140,120,9,1
2025-26,2026-03-30,CGY,COL,1174,3.3114272443892325,2.8386492206964764,2.884750192158127,3.1229660730089206,3.2853403207404086,2.936732944373846,2.537196710221216,3.3816113618473107,1,1,0,0,0.9166666666666666,0.9018666666666667,8.0,13.0,6.0,53.48837209302325,51.21951219512195,-115,-105,11,1
2025-26,2026-03-30,PIT,NYI,1175,2.9680463176729024,2.903441656210057,3.4005521340767477,3.412152696600945,3.1759952244260203,2.844508322949753,3.3833244670240306,3.1295814923675693,1,1,0,0,0.9116,0.8806999999999999,5.0,8.0,6.0,55.55555555555556,48.78048780487805,-125,105,11,1
2025-26,2026-03-30,STL,SJS,1176,2.9620711033614997,3.4741944607183988,2.928347162099086,2.7683724792691997,3.0030317088841576,3.3305172363404965,2.7784248487838505,3.0942526316359795,1,1,0,0,0.8899333333333334,0.9083,5.0,5.0,6.0,50.0,54.54545454545454,100,-120,9,1
2025-26,2026-03-30,VAN,VGK,1177,2.960453976676207,3.194581243563786,2.6440024198415872,3.7228157693593475,3.2365933153578594,3.1217475767196,2.790669704484363,3.6127175126251423,1,1,0,0,0.8794666666666667,0.8846333333333334,6.0,8.0,6.5,52.38095238095239,52.38095238095239,-110,-110,6,0
2025-26,2026-03-31,DAL,BOS,1178,3.364019759291187,3.048799681114718,3.250964100815526,2.866059580332857,3.422325690016101,2.7146791560937213,3.204877970056999,2.748986604833778,1,1,0,0,0.8917333333333334,0.9024666666666668,1.0,14.0,6.0,54.54545454545454,50.0,-120,100,9,1
2025-26,2026-03-31,NYI,BUF,1179,3.4849450676469598,2.8858495311865573,2.9729358306460645,3.060775661975958,3.420453356850694,3.0745631326507827,2.8424714548909202,3.019267352125131,2,0,0,1,0.9019333333333334,0.9093999999999999,6.0,6.0,6.0,52.38095238095239,52.38095238095239,-110,-110,7,1
2025-26,2026-03-31,CAR,CBJ,1180,3.1958248068329294,2.8649552133005995,3.424932548659664,3.0660784486194244,3.4893558723948286,3.0310658405464586,3.170193396422368,3.0316469241013584,1,1,0,0,0.9193666666666667,0.8980666666666667,10.0,2.0,6.5,51.21951219512195,53.48837209302325,-105,-115,7,1
2025-26,2026-03-31,WPG,CHI,1181,2.6160684515969805,3.3809338639285356,2.915869057663912,3.0805781203896863,2.774478614498409,3.2058569109326944,2.825287101905305,3.2353352174403276,1,2,0,0,0.9035999999999998,0.9075666666666667,9.0,7.0,6.0,51.21951219512195,53.48837209302325,-105,-115,7,1
2025-26,2026-03-31,SEA,EDM,1182,3.4116190737360403,3.3135549585860997,3.020564022594951,3.2618604817222883,3.3394501496577824,3.4216383909666126,2.888302841179628,3.271164517881579,2,2,0,0,0.8894333333333333,0.8988666666666666,6.0,3.0,6.5,52.38095238095239,52.38095238095239,-110,-110,3,0
2025-26,2026-03-31,OTT,FLA,1183,2.8846486115605074,3.328135629737697,3.250578550386634,2.9038058236209494,3.082821702769571,3.117463579391807,3.227931927972544,3.135700902227955,1,2,0,0,0.8917666666666667,0.8957,22.0,11.0,6.0,52.38095238095239,52.38095238095239,-110,-110,9,1
2025-26,2026-03-31,NJD,NYR,1184,3.1193581225596994,3.2155554263303947,3.073542546590008,3.1007299226558307,2.8487919202238934,3.0372108779993847,2.862656420466311,3.162753829348324,1,1,0,0,0.9092666666666667,0.8895,5.0,11.0,6.0,54.54545454545454,50.0,-120,100,5,0
2025-26,2026-03-31,DET,PIT,1185,3.535188609931784,3.3966408772260674,2.9153317095107356,2.9583904312823583,3.3263897008766277,3.4103389841048637,2.9406890696285344,2.8357618167033185,0,2,1,0,0.8906666666666666,0.9076333333333333,8.0,2.0,6.5,51.21951219512195,53.48837209302325,-105,-115,6,0
2025-26,2026-03-31,MTL,TBL,1186,3.616140204117107,3.0180528012729906,3.4560252099968394,2.9650324192099875,3.37031032313705,2.882791176017984,3.383108799339884,3.2055226034646496,1,1,0,0,0.9144333333333333,0.9032333333333333,4.0,6.0,6.5,50.0,54.54545454545454,100,-120,5,0
2025-26,2026-03-31,PHI,WSH,1187,3.0876076980356366,3.049572282721581,3.019169229118091,2.9105529862306776,3.2176077658714526,2.7944444808818742,3.238642135012363,3.133530632558008,2,1,0,0,0.9122,0.9037666666666666,2.0,5.0,5.5,54.54545454545454,50.0,-120,100,10,1
2025-26,2026-04-01,VAN,COL,1188,3.4813134805679167,2.8206973969182334,2.633243405686709,3.7221383554152085,3.479593952309344,2.908141099281214,2.7678834859684414,3.620774667883594,1,1,0,0,0.9073333333333333,0.8852333333333334,9.0,9.0,6.5,53.48837209302325,51.21951219512195,-115,-105,14,1
2025-26,2026-04-01,STL,LAK,1189,2.858482087887714,3.220344027041898,2.965938981204666,2.843306075460925,2.80621166259418,3.3215155791550197,2.825168242218742,3.163887537769541,3,1,0,0,0.9014000000000001,0.8819666666666667,7.0,5.0,5.5,52.38095238095239,52.38095238095239,-110,-110,3,0
2025-26,2026-04-01,ANA,SJS,1190,3.027637969695324,3.486097838199619,3.274096936192161,3.304457754365047,3.077458513603836,3.348256321079939,3.0443301240944933,3.293001095466016,1,1,0,0,0.8893333333333333,0.8967333333333334,3.0,10.0,6.5,56.52173913043478,47.61904761904761,-130,110,7,1
2025-26,2026-04-02,CBJ,CAR,1191,3.468239739134519,3.036174499338397,3.1599697718208835,2.934030824878402,3.6057979502485855,3.063832279086839,2.8805534688142393,2.9260441785320848,1,1,0,0,0.8801,0.8881666666666667,2.0,11.0,6.5,52.38095238095239,52.38095238095239,-110,-110,6,0
2025-26,2026-04-02,WPG,DAL,1192,3.242935238616501,2.965451972995874,2.952593124025482,3.079780274767434,3.3427692264971065,3.021007380409813,2.867663500848446,3.229744565741847,1,1,0,0,0.9014666666666666,0.9071666666666668,14.0,6.0,5.5,53.48837209302325,51.21951219512195,-115,-105,3,0
2025-26,2026-04-02,CHI,EDM,1193,3.394964937356076,3.2117408295869807,2.6361931481798,3.395697293015259,3.328563089594993,3.2991926467498165,2.6623602479981034,3.3923800443463032,1,1,0,0,0.8864333333333334,0.9028000000000002,4.0,9.0,6.5,52.38095238095239,52.38095238095239,-110,-110,4,0
2025-26,2026-04-02,BOS,FLA,1194,2.982191709458091,3.3154494127391856,3.439633694971051,3.0492628990721453,3.183993299210852,3.110462015963127,3.198316020636003,3.4440565228055315,1,1,0,0,0.8875333333333333,0.9022666666666667,26.0,1.0,6.5,51.21951219512195,53.48837209302325,-105,-115,3,0
2025-26,2026-04-02,NSH,LAK,1195,2.8353864743085775,3.1506303208852806,3.0800125670109217,3.156546226209358,2.7860306789185847,3.235613719241811,2.8926133051503276,3.2518504033162667,0,3,1,0,0.9047000000000001,0.8949,6.0,0.0,5.5,53.48837209302325,51.21951219512195,-115,-105,9,1
2025-26,2026-04-02,VAN,MIN,1196,3.2080721792280094,3.0904761695899405,2.8016093434807328,3.7804199541069785,3.0492330361929563,2.8544680062677945,2.946457513403372,3.693401604281424,4,0,0,1,0.9102666666666667,0.8853384615384615,2.0,9.0,6.5,53.48837209302325,51.21951219512195,-115,-105,7,1
2025-26,2026-04-02,WSH,NJD,1197,3.0123981716846866,3.128099027866988,3.175735443582011,3.079666498695967,3.0819692991765772,3.020311777353954,2.986397554162192,3.3295116987568445,1,1,0,0,0.9059333333333333,0.9113333333333333,11.0,2.0,6.5,50.0,54.54545454545454,100,-120,10,1
2025-26,2026-04-02,MTL,NYR,1198,3.1464047369633303,3.148488041433664,3.46778012329505,2.9096727682434564,2.8970292819441634,2.967518684122982,3.3965883234044685,3.1351175416921473,1,1,0,0,0.9098,0.90395,4.0,6.0,6.5,51.21951219512195,53.48837209302325,-105,-115,5,0
2025-26,2026-04-02,BUF,OTT,1199,3.2418879433580616,3.000882356365269,3.4952140247671513,2.893838997363313,3.293251881781215,2.827142272597272,3.4558821972363467,2.7847599656392426,1,1,0,0,0.8936333333333333,0.9016000000000001,12.0,8.0,6.5,50.0,54.54545454545454,100,-120,5,0
2025-26,2026-04-02,DET,PHI,1200,3.050885820632237,3.007126110329213,2.8618569092869546,3.022619458149394,2.805684957909175,2.8796720062076453,2.875894283034378,2.9174582157842495,1,1,0,0,0.874,0.9067666666666666,3.0,2.0,5.5,55.55555555555556,48.78048780487805,-125,105,6,1
2025-26,2026-04-02,UTA,SEA,1201,2.931933625267389,3.2519457959988474,3.221633403788788,3.0535799931118763,3.1295368535031334,3.1018544738425486,3.1675520976602614,2.869386713383303,1,4,0,0,0.9016000000000001,0.8999,3.0,2.0,6.0,54.54545454545454,50.0,-120,100,8,1
2025-26,2026-04-02,TOR,SJS,1202,3.05802725072819,3.465359782941828,3.0156683385759484,3.4750673836614836,3.111720627626784,3.329284620711186,2.9317755910939023,3.4615100371459815,0,2,1,0,0.8935,0.9038999999999999,2.0,3.0,6.5,52.38095238095239,52.38095238095239,-110,-110,5,0
2025-26,2026-04-02,PIT,TBL,1203,3.530406518745884,3.0496813372218283,3.5728085167860235,3.3210734454785378,3.2908361212374064,2.921766459114836,3.5295093171193517,3.1320389971283635,1,1,0,0,0.9143666666666667,0.8916,6.0,7.0,6.5,53.48837209302325,51.21951219512195,-115,-105,9,1
2025-26,2026-04-02,CGY,VGK,1204,2.9955290794521425,3.1590781412045223,2.8653023375266558,3.301985785848527,3.266968702831412,3.080560694410256,2.527159321483415,3.574291133088944,2,2,0,0,0.8864545454545456,0.9007333333333333,4.0,10.0,6.0,54.54545454545454,50.0,-120,100,9,1
2025-26,2026-04-03,STL,ANA,1205,3.263807160118629,3.322661910041958,2.9095430194434395,2.8224907285057714,3.454688727249473,3.3452943407006357,2.765331334472492,3.128907299682327,1,1,0,0,0.8958666666666666,0.9067666666666666,11.0,3.0,6.0,53.48837209302325,51.21951219512195,-115,-105,8,1
2025-26,2026-04-03,PHI,NYI,1206,2.977841757246649,3.0915020446799644,3.021747704207698,3.039791670453528,3.1775578613396145,3.0202957393313175,3.260042794495237,3.234240630232463,2,0,0,1,0.9093333333333333,0.9018333333333334,5.0,3.0,5.5,54.54545454545454,50.0,-120,100,5,0
2025-26,2026-04-04,CGY,ANA,1207,3.2238843511226487,3.3994906280657093,2.873995293579667,3.380230901588896,3.400520945008002,3.4295409833934007,2.553701942426815,3.6476148708030762,0,1,1,0,0.9030928571428571,0.9098,11.0,10.0,6.5,58.333333333333336,45.45454545454545,-140,120,8,1
2025-26,2026-04-04,NYI,CAR,1208,3.5090144923817204,2.9772908881576075,2.9212837505200064,3.1192312420891355,3.6462152210430228,2.9951933848739376,2.850631890463419,3.058835964169825,1,0,0,1,0.8986000000000001,0.9083333333333333,2.0,5.0,6.5,48.78048780487805,55.55555555555556,105,-125,7,1
2025-26,2026-04-04,WPG,CBJ,1209,3.095551500537355,2.999478700772807,2.867815503628467,3.078820291638126,3.4394952388914146,3.095691406824871,2.7757134683633025,3.2232017971860913,1,1,0,0,0.9188333333333334,0.9067666666666667,10.0,9.0,6.0,52.38095238095239,52.38095238095239,-110,-110,3,0
2025-26,2026-04-04,COL,DAL,1210,3.233980993544536,2.879679384943665,3.5518351531739425,2.9815436060769684,3.329723987962958,2.920861243666548,3.4611993219837376,2.7415276816984475,1,2,0,0,0.9106666666666666,0.9166000000000001,14.0,9.0,6.0,52.38095238095239,52.38095238095239,-110,-110,2,0
2025-26,2026-04-04,VGK,EDM,1211,3.3788467273500364,3.1443291256386225,3.0870731414367962,3.153494522205185,3.3153340214453246,3.2191032160274764,2.861904034808117,3.231876524197201,1,1,0,0,0.8923666666666666,0.8854434782608697,4.0,4.0,6.5,51.21951219512195,53.48837209302325,-105,-115,6,0
2025-26,2026-04-04,TOR,LAK,1212,2.87569004247192,3.2062968318777285,2.9571360607345474,3.484976309928502,2.8333756687202087,3.2929692129312675,2.8714995300345745,3.4730437943730608,1,1,0,0,0.9044333333333334,0.9052333333333333,6.0,4.0,6.0,53.48837209302325,51.21951219512195,-115,-105,13,1
2025-26,2026-04-04,MTL,NJD,1213,3.1347185113013083,3.125513059792459,3.4489998957657337,2.886723799438733,3.214131035256668,3.023005929429487,3.3801498382953143,3.0976698837516152,1,1,0,0,0.906,0.9049666666666667,11.0,6.0,6.5,51.21951219512195,53.48837209302325,-105,-115,7,1
2025-26,2026-04-04,DET,NYR,1214,3.112686460105403,3.1445392697214203,2.901365427778612,2.9949313393900576,2.8716300189139057,2.973205079038275,2.9198916548607015,2.8911369375234464,1,1,0,0,0.8905666666666666,0.9073666666666667,4.0,2.0,6.5,51.21951219512195,53.48837209302325,-105,-115,5,0
2025-26,2026-04-04,MIN,OTT,1215,3.2635170762437187,2.9439400354214786,3.2616210519177726,3.059765324736861,3.314568159638359,2.772682196543196,3.397389811364946,3.2228696603211584,1,1,0,0,0.8945666666666667,0.8884333333333333,12.0,2.0,6.0,52.38095238095239,52.38095238095239,-110,-110,5,0
2025-26,2026-04-04,FLA,PIT,1216,3.5492685983288133,3.398722133620283,2.956217710362933,3.2442213723020896,3.381356587825295,3.3253210588569613,2.8475678926974033,3.4368590131768606,1,1,0,0,0.8803,0.8889333333333334,7.0,24.0,6.5,50.0,54.54545454545454,100,-120,13,1
2025-26,2026-04-04,CHI,SEA,1217,2.9090641872514653,3.334002189472494,2.596983839314838,3.3812440445958334,3.0940403119726687,3.200551309655132,2.6167459346605093,3.3779112725612728,1,1,0,0,0.8989333333333334,0.8862333333333334,3.0,9.0,6.0,53.48837209302325,51.21951219512195,-115,-105,6,
2025-26,2026-04-04,NSH,SJS,1218,3.0888971388613826,3.3876684410659093,3.1406330864865124,3.1837457735067933,3.1434831906986065,3.24981756271744,2.9690248472302754,3.2776275581972696,1,1,0,0,0.8896000000000001,0.8947,2.0,0.0,6.5,51.21951219512195,53.48837209302325,-105,-115,9,1
2025-26,2026-04-04,BOS,TBL,1219,3.599841453496722,3.0515941086455487,3.3641146377237243,3.0215856797240463,3.3789479816805263,2.931064119378267,3.1266670655179385,3.3932024464928983,1,1,0,0,0.9139666666666667,0.9023333333333333,6.0,1.0,6.5,48.78048780487805,55.55555555555556,105,-125,4,0
2025-26,2026-04-04,UTA,VAN,1220,2.7850588459103367,3.8084335858661498,3.3050412996859078,3.025160542726627,2.655037780915,3.588372343897359,3.262361641965983,2.846953400885757,1,1,0,0,0.8858592592592592,0.9002333333333332,9.0,5.0,6.5,53.48837209302325,51.21951219512195,-115,-105,11,1
2025-26,2026-04-04,BUF,WSH,1221,3.17242607635921,3.200242824147862,3.417102968194042,2.9330173082795747,3.3123132054345024,2.841947335323715,3.372577817325893,2.8326157113925436,1,1,0,0,0.9097999999999999,0.9045666666666666,1.0,8.0,6.5,48.78048780487805,55.55555555555556,105,-125,8,1
2025-26,2026-04-05,STL,COL,1222,3.5005812123681914,2.8967891849612886,3.007432502554017,2.804819316123023,3.5620201192604597,3.0824571350605776,2.881824988539679,3.0926723947645676,0,1,1,0,0.9039333333333334,0.9070333333333334,10.0,2.0,6.0,51.21951219512195,53.48837209302325,-105,-115,5,0
2025-26,2026-04-05,MIN,DET,1223,2.8496391362483315,3.028492701308884,3.283077851666791,3.0009211677713723,2.987627812260699,3.1575356189108086,3.4135460253436922,3.149885442849167,0,0,1,1,0.8949333333333335,0.9107999999999999,2.0,3.0,6.0,54.54545454545454,50.0,-120,100,9,1
2025-26,2026-04-05,NJD,MTL,1224,3.462158830851427,2.8959098525533924,3.132484520773455,3.1535684164866926,3.442415148003439,2.946551297449394,2.8072456034636106,3.195765047861282,0,0,1,1,0.9044,0.8887,6.0,11.0,6.5,54.54545454545454,50.0,-120,100,3,0
2025-26,2026-04-05,WSH,NYR,1225,3.1407243113171615,3.081595070991899,3.2560983848512466,3.1632799265183964,2.915129976566196,2.9121934340996125,2.9931650808981267,3.449920390732969,0,0,1,1,0.9094,0.8893333333333333,4.0,1.0,6.0,54.54545454545454,50.0,-120,100,9,1
2025-26,2026-04-05,CAR,OTT,1226,3.195615243344094,2.9803509009485483,3.5192972099054867,2.9821937953505295,3.237684920782589,2.820728878931302,3.2310354054239796,3.0059886084274,0,0,1,1,0.8937,0.8803666666666667,12.0,4.0,6.5,50.0,54.54545454545454,100,-120,9,1
2025-26,2026-04-05,BOS,PHI,1227,3.0549398381179134,2.982556566822327,3.290922276717967,3.0238302765567178,2.788476704458407,2.9248042440872766,3.055675299046145,3.378948482430681,1,0,0,1,0.9024333333333333,0.8906000000000002,3.0,0.0,6.0,52.38095238095239,52.38095238095239,-110,-110,3,0
2025-26,2026-04-05,FLA,PIT,1228,3.7070907061049594,3.4142764175692895,2.9921629828444707,3.4162314090374886,3.5655484167054734,3.34388862725246,2.890795683473433,3.6203726259384905,0,0,1,1,0.8793,0.8899666666666667,8.0,23.0,6.5,57.446808510638306,46.51162790697674,-135,115,7,1
2025-26,2026-04-06,TBL,BUF,1229,3.370594787339001,3.0281366021077756,3.5750909016955577,2.992359216882408,3.4426715902110825,3.0725020807493992,3.6928691570012613,3.080356699431988,1,1,0,0,0.9016000000000001,0.9144333333333333,8.0,6.0,6.5,53.48837209302325,51.21951219512195,-115,-105,6,0
2025-26,2026-04-06,NSH,LAK,1230,3.005716443609089,3.2912335004217743,3.2269727261311836,3.178503772424771,2.982072315493887,3.3794156137011497,3.0705145749103218,3.269652521900086,1,1,0,0,0.9025333333333333,0.8946333333333334,6.0,1.0,6.0,51.21951219512195,53.48837209302325,-105,-115,5,0
2025-26,2026-04-06,CHI,SJS,1231,3.087838149636681,3.462518335805653,2.6483620350695576,3.3368618707507625,3.142268116958177,3.336683587809573,2.669543574604361,3.331935218228298,1,1,0,0,0.8943,0.9037333333333334,2.0,8.0,6.5,50.0,54.54545454545454,100,-120,5,0
2025-26,2026-04-06,SEA,WPG,1232,2.847414458819567,3.018837131980923,2.8861813356694532,3.351319535618248,3.0295390269992586,2.9777555605090056,2.794279509753865,3.268277602415275,1,1,0,0,0.9070333333333332,0.8986666666666666,9.0,3.0,5.5,53.48837209302325,51.21951219512195,-115,-105,8,1
2025-26,2026-04-07,NSH,ANA,1233,3.2175649918685365,3.4447695786199835,3.188688989877407,3.172288871696515,3.387060602664067,3.475554274628065,3.0343440212294066,3.2602174842285474,2,0,0,1,0.8945333333333333,0.8941333333333332,10.0,1.0,6.5,54.54545454545454,50.0,-120,100,5,0
2025-26,2026-04-07,BOS,CAR,1234,3.49721362035989,3.0743381007029558,3.219347152652695,2.9943467320945256,3.652208306594843,2.9973216929418816,2.9867879689627577,3.33060691273381,1,1,0,0,0.8975333333333334,0.9024,2.0,0.0,6.5,48.78048780487805,55.55555555555556,105,-125,11,1
2025-26,2026-04-07,CGY,DAL,1235,3.1382911559579454,2.8599681477149397,2.944018595848109,3.3672114037108356,3.221278331684866,2.894784346975402,2.645497474971527,3.621463414744142,2,2,0,0,0.9026666666666666,0.9101333333333332,13.0,10.0,5.5,56.52173913043478,47.61904761904761,-130,110,7,1
2025-26,2026-04-07,CBJ,DET,1236,2.889308986725551,3.089772609083991,3.035716465739197,2.97390268517139,3.0276539277245726,3.21551470919123,2.822179843592243,3.0050439280191075,1,2,0,0,0.9068333333333334,0.9190333333333333,1.0,10.0,6.0,52.38095238095239,52.38095238095239,-110,-110,7,1
2025-26,2026-04-07,SEA,MIN,1237,3.3327512806111828,3.0337373655610014,2.8646261345283364,3.4278066934840674,3.121147571044116,2.833144530670004,2.7741238704386975,3.3579953822351354,1,0,0,1,0.8898999999999998,0.8996,3.0,4.0,6.0,54.54545454545454,50.0,-120,100,7,1
2025-26,2026-04-07,FLA,MTL,1238,3.3541221245308517,2.9034419860982,2.965573615919489,3.45964781957335,3.327646583811403,2.9486553180401502,2.864075347952755,3.6604661689061726,1,1,0,0,0.9053666666666668,0.8879,4.0,23.0,6.5,52.38095238095239,52.38095238095239,-110,-110,7,1
2025-26,2026-04-07,PHI,NJD,1239,3.129238467226471,3.0598357750532785,3.025113796552406,2.9262219247069976,3.212025941015062,3.056424432807306,3.28313981900362,3.16349119673148,1,1,0,0,0.8899666666666667,0.9028999999999999,11.0,3.0,6.0,51.21951219512195,53.48837209302325,-105,-115,6,
2025-26,2026-04-07,TBL,OTT,1240,3.279015811902415,2.984138920058337,3.521646834956853,3.0254034858352434,3.3302772469169675,2.8304890932624716,3.6262830658283294,3.113928892845778,1,0,0,1,0.8938333333333333,0.8889666666666667,12.0,9.0,6.5,51.21951219512195,53.48837209302325,-105,-115,8,1
2025-26,2026-04-07,COL,STL,1241,3.0103612894519927,2.7872129076975662,3.450935285195574,2.9048130462911796,3.0042178262025776,2.8280719516046573,3.4078303874755367,2.6642186582146357,1,1,0,0,0.9073666666666667,0.9175333333333333,2.0,7.0,6.0,53.48837209302325,51.21951219512195,-115,-105,4,0
2025-26,2026-04-07,EDM,UTA,1242,3.4143091850007043,3.0577204884464555,3.307242063434921,3.20286967328735,3.1966047975331784,3.1404460973871293,3.4212920717865085,3.175517601899075,2,2,0,0,0.8995,0.8873666666666667,4.0,4.0,6.5,52.38095238095239,52.38095238095239,-110,-110,11,1
2025-26,2026-04-07,VGK,VAN,1243,2.82935850373993,3.895203623666974,3.1489304835672765,3.0929405152386042,2.7135584329322184,3.691484043377808,2.938885888892108,3.1638002886534493,2,2,0,0,0.8816428571428572,0.8903583333333334,10.0,4.0,6.5,51.21951219512195,53.48837209302325,-105,-115,3,0
2025-26,2026-04-08,BUF,NYR,1244,3.286721500614032,3.02161587450498,3.3863586684217757,3.0000160950789194,3.090016685316944,2.8512863408846494,3.3210737867653193,2.9468011551221696,2,1,0,0,0.9098,0.9017999999999999,4.0,9.0,6.0,55.55555555555556,48.78048780487805,-125,105,8,1
2025-26,2026-04-08,EDM,SJS,1245,3.087246430469043,3.4148073241775503,3.3553476773889512,3.285586733644629,3.139859417333644,3.2896611409645495,3.4676945321010924,3.2686395394449854,1,0,0,1,0.8950333333333335,0.8907666666666666,2.0,4.0,6.5,58.333333333333336,45.45454545454545,-140,120,7,1
2025-26,2026-04-08,WSH,TOR,1246,3.054729103490945,3.5881230405850437,3.18845188202441,3.308594763687534,3.236148943416719,3.364510506504392,2.928688876059352,3.5991150038552564,3,2,0,0,0.9034999999999999,0.9104666666666666,3.0,2.0,6.5,52.38095238095239,52.38095238095239,-110,-110,4,0
2025-26,2026-04-09,SJS,ANA,1247,3.121283391812472,3.4871110236036573,3.055337079611262,3.4573439218865216,3.2717015213629983,3.52145000687125,3.0523783189732154,3.5061075203422214,1,0,0,1,0.8934666666666667,0.8889333333333334,10.0,2.0,6.5,57.446808510638306,46.51162790697674,-135,115,7,1
2025-26,2026-04-09,CBJ,BUF,1248,3.4304743905255473,3.002298700340319,3.066570180350665,2.977784442515652,3.4575546377928954,3.0384332234982696,2.8665079596231293,3.0081490867982663,0,1,1,0,0.8991083333333334,0.9191666666666667,9.0,10.0,6.5,53.48837209302325,55.55555555555556,-115,-125,5,0
2025-26,2026-04-09,CAR,CHI,1249,2.6378635148919014,3.324526886001481,3.567055980664117,3.133806318235242,2.798455144247553,3.2298426532381117,3.2196608770946153,3.1113868495759522,2,1,0,0,0.9033333333333334,0.8794333333333334,8.0,6.0,6.0,53.48837209302325,51.21951219512195,-115,-105,9,1
2025-26,2026-04-09,CGY,COL,1250,3.4325755407759684,2.8519018921986024,2.949590667015334,3.3831518392427675,3.5065874551420566,3.079863052448274,2.6662129880027776,3.6266307301961254,1,1,0,0,0.9038666666666667,0.8996,8.0,12.0,6.5,50.0,54.54545454545454,100,-120,4,0
2025-26,2026-04-09,MIN,DAL,1251,3.164416799843618,2.8690746474077895,3.3795476107478817,3.0048386941796936,3.2466205662413854,2.9022413898602184,3.4594451513255273,3.1816828965332262,1,1,0,0,0.9021333333333333,0.9098666666666666,14.0,3.0,6.0,52.38095238095239,52.38095238095239,-110,-110,9,1
2025-26,2026-04-09,PHI,DET,1252,2.8973557051255336,3.1184176258870626,3.086240003540053,2.872640123576403,3.0303143006921034,3.2398619810052285,3.336925787306117,3.092958354682023,1,1,0,0,0.9069666666666667,0.9035666666666666,4.0,3.0,6.0,53.48837209302325,51.21951219512195,-115,-105,9,1
2025-26,2026-04-09,VAN,LAK,1253,3.009280028168656,3.25182201124802,2.7800363951201037,3.826682381894171,2.988783872605024,3.330040344603598,2.921095594960856,3.7347557075909266,2,1,0,0,0.9033333333333334,0.8834206896551724,6.0,10.0,6.0,54.54545454545454,50.0,-120,100,5,0
2025-26,2026-04-09,TBL,MTL,1254,3.370620712241562,2.9108445944494514,3.4707526457138123,3.116575351625436,3.3485765097527262,2.953069833355633,3.5630709631936752,3.2116798054988154,1,1,0,0,0.9055,0.9142333333333333,3.0,6.0,6.5,51.21951219512195,53.48837209302325,-105,-115,3,0
2025-26,2026-04-09,PIT,NJD,1255,3.066066516507113,3.119108243297545,3.7374551170477686,3.368660833488308,3.139795173174914,3.120351798025468,3.5067725264353142,3.233377622969197,1,3,0,0,0.9057999999999999,0.8907333333333334,14.0,9.0,6.5,56.52173913043478,47.61904761904761,-130,110,7,1
2025-26,2026-04-09,TOR,NYI,1256,2.9299162979076447,3.148577753062754,2.9648425169854526,3.592970635297714,3.1094897356879145,3.0563785938487897,2.9794660213318838,3.590428704641347,4,0,0,1,0.9082000000000001,0.9136363636363637,5.0,12.0,6.5,51.21951219512195,53.48837209302325,-105,-115,8,1
2025-26,2026-04-09,FLA,OTT,1257,3.358413999624154,2.9578384259172132,2.9700048111105852,3.4711801922195167,3.416900378204217,2.8074524149592364,2.8727008569832,3.6643786354208663,1,1,0,0,0.8947,0.8869333333333332,9.0,29.0,6.5,50.0,54.54545454545454,100,-120,6,0
2025-26,2026-04-09,VGK,SEA,1258,2.843929999602144,3.470715989263676,3.1144382523980885,3.0312086092771016,3.0650736237768528,3.2246180420667705,2.909480909337423,3.094394344061062,1,1,0,0,0.8989999999999999,0.8809333333333333,4.0,4.0,6.0,54.54545454545454,50.0,-120,100,7,1
2025-26,2026-04-09,WPG,STL,1259,2.9528197367456226,2.7996157862712856,2.947896910586436,2.992077278013836,2.942967724291373,2.837662314903798,2.7564796479173537,3.155094011903891,1,2,0,0,0.8828999999999999,0.9072333333333333,2.0,9.0,5.5,52.38095238095239,52.38095238095239,-110,-110,5,0
2025-26,2026-04-09,NSH,UTA,1260,3.4875085736614695,3.117487154521417,3.2431626581167206,3.078448926538075,3.291340187506767,3.200473267278422,3.1000198961103878,3.154811064131626,1,1,0,0,0.8985,0.8950333333333335,4.0,2.0,6.0,54.54545454545454,50.0,-120,100,5,0
2025-26,2026-04-11,TBL,BOS,1261,3.2723630187769834,3.087486707119144,3.391318829387156,3.083199023421505,3.5142061552155317,2.7298024232999296,3.469358602735157,3.1724389291675745,3,1,0,0,0.9011333333333333,0.9141666666666667,0.0,7.0,6.0,53.48837209302325,51.21951219512195,-115,-105,3,0
2025-26,2026-04-11,STL,CHI,1262,2.6266484032731343,3.4307185207252253,2.926527938214948,2.8101801947819247,2.7803133152279726,3.349789940370085,2.886621502780102,3.062740594261263,1,1,0,0,0.8873,0.9075666666666666,9.0,2.0,6.0,52.38095238095239,52.38095238095239,-110,-110,8,1
2025-26,2026-04-11,VGK,COL,1263,3.4145044194600476,2.8008970198573757,3.110878537458745,3.0612611581825426,3.4858333244402706,3.009361633110868,2.914826713831695,3.1251885842015774,1,1,0,0,0.9053333333333334,0.89048,8.0,4.0,6.0,53.48837209302325,51.21951219512195,-115,-105,5,0
2025-26,2026-04-11,NYR,DAL,1264,3.218386619942625,2.906820842700535,3.2755134737338234,3.082163419667227,3.3039785797215475,2.9395094487376223,3.2758261721317727,3.4093536452292343,1,2,0,0,0.9017333333333333,0.909,15.0,2.0,5.5,55.55555555555556,48.78048780487805,-125,105,2,0
2025-26,2026-04-11,NJD,DET,1265,2.99240552218995,3.113945553174641,3.0344554599107543,3.1744288903036626,3.130260605066075,3.2263026260733128,2.814870365800086,3.0943358903373457,1,1,0,0,0.9067000000000001,0.9049999999999999,4.0,17.0,6.5,50.0,54.54545454545454,100,-120,8,1
2025-26,2026-04-11,EDM,LAK,1266,3.039507983541821,3.1814599309224687,3.39997079523123,3.2440460984608626,3.024682702316111,3.2473272380419638,3.5086625749220115,3.2262486205563774,1,2,0,0,0.9044,0.8899,7.0,6.0,6.5,51.21951219512195,53.48837209302325,-105,-115,1,0
2025-26,2026-04-11,CBJ,MTL,1267,3.324078320800128,2.8556313935535904,2.9748776072809613,3.0391167067462104,3.3002227131287962,2.8889866110738103,2.7734334525272333,3.0765142084067985,1,1,0,0,0.9059,0.9183,3.0,10.0,6.5,53.48837209302325,55.55555555555556,-115,-125,7,1
2025-26,2026-04-11,MIN,NSH,1268,3.173009274562394,3.105229235927978,3.3928505624260543,3.0651421967664807,3.2624666675372973,3.164213823828515,3.4680334650880447,3.241146531373971,1,1,0,0,0.8985333333333334,0.8900999999999999,1.0,3.0,6.5,53.48837209302325,55.55555555555556,-115,-125,3,0
2025-26,2026-04-11,OTT,NYI,1269,2.992974844416104,3.142014010920811,3.40155531984769,2.9002216975790187,3.1716802394166987,3.0522951893612476,3.2161126066987253,3.238411510357763,1,1,0,0,0.9075333333333333,0.8955666666666666,5.0,9.0,6.0,54.54545454545454,50.0,-120,100,3,0
2025-26,2026-04-11,WSH,PIT,1270,3.7630625250243317,3.321839750461928,3.209294376871224,3.2047614607704897,3.6057102899779143,3.292761950173392,2.9627443067312065,3.472138055105845,1,2,0,0,0.8803,0.9112666666666666,15.0,2.0,6.5,57.446808510638306,46.51162790697674,-135,115,9,1
2025-26,2026-04-11,CGY,SEA,1271,2.880907502060972,3.449066972339185,2.892386575752955,3.365644180641681,3.094235137276003,3.213580162566023,2.6164213699962993,3.596686287759196,1,1,0,0,0.8833363636363637,0.9086666666666667,5.0,11.0,6.5,51.21951219512195,53.48837209302325,-105,-115,5,0
2025-26,2026-04-11,VAN,SJS,1272,2.9933959568792905,3.5259902782607244,2.730013831581751,3.817986574519197,3.1017340266347984,3.3388448377108926,2.8575116043084954,3.7308812129456297,1,1,0,0,0.8876000000000001,0.8839666666666666,2.0,9.0,6.5,55.55555555555556,48.78048780487805,-125,105,7,1
2025-26,2026-04-11,FLA,TOR,1273,2.966573635033619,3.625429125873565,2.911684748645549,3.5089974068831853,3.1276587284657165,3.377086996148889,2.8132198623467572,3.696586015675589,1,1,0,0,0.9027,0.8882333333333333,12.0,31.0,6.5,54.54545454545454,50.0,-120,100,8,1
2025-26,2026-04-11,CAR,UTA,1274,3.4951469012802363,3.052694657501258,3.6608190172241017,3.0985227568859046,3.3091035072924146,3.1252365733127925,3.340813127267197,3.073789799446287,1,1,0,0,0.8994333333333332,0.8804333333333335,5.0,9.0,6.5,51.21951219512195,53.48837209302325,-105,-115,5,0
2025-26,2026-04-11,PHI,WPG,1275,2.9501785825395856,2.962514498564992,3.082317352520772,2.9678966143124543,3.12822327801875,2.9479283017934836,3.319821456305519,3.186383475977213,1,1,0,0,0.9073666666666665,0.9018333333333334,9.0,3.0,5.5,54.54545454545454,50.0,-120,100,8,1
2025-26,2026-04-12,VAN,ANA,1276,3.2057274760218806,3.405805124188928,2.7746854913583796,3.782895899858863,3.3569696561366924,3.430325702853733,2.9013574875989936,3.695540672859996,2,0,0,1,0.894,0.8822666666666666,8.0,9.0,6.5,60.0,44.44444444444444,-150,125,7,1
2025-26,2026-04-12,BOS,CBJ,1277,3.0375701222508136,3.009561932819962,3.2009082193200076,3.0542834280441036,3.355092986753889,3.0618570278104986,3.055753738635574,3.4130054494039204,0,0,1,1,0.9183,0.8925333333333334,10.0,0.0,6.5,50.0,54.54545454545454,100,-120,5,0
2025-26,2026-04-12,UTA,CGY,1278,2.839991092564203,3.3808789572915865,3.4149004152444737,3.0821390079487583,3.104622791510545,2.9050609359296606,3.3817814432117537,2.8906230438688807,0,0,1,1,0.9006000000000001,0.8872333333333333,15.0,6.0,6.0,53.48837209302325,51.21951219512195,-115,-105,5,0
2025-26,2026-04-12,OTT,NJD,1279,3.0935871152939347,3.167603610241549,3.385119008410348,2.8174960154228126,3.0988260410098087,3.1814703422987662,3.2089331620032393,3.129242405174038,0,0,1,1,0.9412454545454545,0.8910727272727272,17.0,7.0,6.0,53.48837209302325,51.21951219512195,-115,-105,7,1
2025-26,2026-04-12,MTL,NYI,1280,2.9060958997165303,3.1375935877947945,3.281196771845776,2.9235489365030576,3.06554545109715,3.053339104224867,3.3959914061027563,3.0974409318358846,0,0,1,1,0.9072666666666666,0.9041384615384616,5.0,5.0,6.0,54.54545454545454,50.0,-120,100,5,0
2025-26,2026-04-12,PIT,WSH,1281,3.291347213099642,3.1977234162610233,3.730400307376287,3.3987271261109586,3.397395916718967,2.8178400605659966,3.548945439016073,3.187032657165719,0,0,1,1,0.9103999999999999,0.8909333333333334,3.0,13.0,6.5,58.333333333333336,45.45454545454545,-140,120,3,0
2025-26,2026-04-13,BUF,CHI,1282,2.6439268775621665,3.4706254525662352,3.47002217339469,2.91266678752958,2.7894357433144386,3.399994649643087,3.370893687118041,2.94852838424812,1,3,0,0,0.9012,0.9009333333333333,9.0,9.0,6.5,51.21951219512195,53.48837209302325,-105,-115,6,0
2025-26,2026-04-13,COL,EDM,1283,3.2926996919403915,3.173697732140972,3.3655489343672467,2.8099152208541325,3.237614306682605,3.277330168912188,3.3887736481596655,2.6135011707124534,1,1,0,0,0.8910333333333333,0.9179333333333334,9.0,9.0,6.5,53.48837209302325,51.21951219512195,-115,-105,3,0
2025-26,2026-04-13,NYR,FLA,1284,3.0061548231550925,3.456987569591871,3.1731605202234228,3.048217212168746,3.1453274855649176,3.043275954192806,3.1655014310090563,3.352946814099759,1,1,0,0,0.8883,0.8932333333333333,31.0,2.0,6.5,53.48837209302325,55.55555555555556,-115,-125,5,0
2025-26,2026-04-13,SJS,NSH,1285,3.1356699136579933,3.041234445852935,2.994743653557061,3.5326640834075076,3.2148530817729335,3.0926739782128743,2.9829713748849214,3.5783453331150943,1,1,0,0,0.8996666666666665,0.8935,1.0,2.0,6.5,52.38095238095239,52.38095238095239,-110,-110,5,0
2025-26,2026-04-13,CAR,PHI,1286,3.198309281695587,2.910542223900054,3.660792360552364,3.0350047130437776,2.765401457893059,2.8629940278862476,3.3579395363910827,3.004084296215473,1,1,0,0,0.9027000000000001,0.8954,3.0,7.0,6.0,50.0,54.54545454545454,100,-120,5,0
2025-26,2026-04-13,LAK,SEA,1287,2.9166951758145845,3.369389798941587,2.977525214501668,3.083167652853749,3.1215112216575043,3.1393597455691276,2.9108061554520783,2.9825080443085805,1,1,0,0,0.6936363636363636,0.9062666666666668,8.0,8.0,5.5,55.55555555555556,48.78048780487805,-125,105,8,1
2025-26,2026-04-13,MIN,STL,1288,2.988857418973188,2.8182750995963204,3.3155508263210067,3.032649500127629,2.908425260242687,2.84739742490441,3.381839332113552,3.1943917091216796,1,1,0,0,0.9076333333333333,0.9083333333333333,2.0,4.0,5.5,53.48837209302325,51.21951219512195,-115,-105,9,1
2025-26,2026-04-13,DET,TBL,1289,3.3429083495447136,3.019163915179708,2.9930239814285495,3.1685183445295144,3.361864376260006,2.8693114907827333,2.8598325146291863,2.9324682182332134,1,1,0,0,0.9145666666666667,0.8927333333333334,8.0,4.0,6.5,48.78048780487805,55.55555555555556,105,-125,7,1
2025-26,2026-04-13,DAL,TOR,1290,2.939666278732667,3.6873477161492603,3.1783952409811786,2.821596685162023,3.0888837891102248,3.4586174196332493,3.196149320536011,2.867948099107412,1,1,0,0,0.9038333333333334,0.9115333333333332,12.0,12.0,6.5,53.48837209302325,51.21951219512195,-115,-105,11,1
2025-26,2026-04-13,WPG,VGK,1291,3.106074094639732,3.028967680173035,2.894806669742259,3.0853120245112415,3.354493872127855,3.081751217386966,2.7711719128348222,3.1114902900752424,1,1,0,0,0.8930615384615385,0.9060333333333332,4.0,10.0,6.0,50.0,54.54545454545454,100,-120,8,1
2025-26,2026-04-14,NJD,BOS,1292,3.1935184926131055,3.02387398106938,3.1211994328752963,3.162076972954972,3.4211290182684597,2.713447161835627,2.892764458586546,3.0890350817237513,1,1,0,0,0.9012666666666667,0.9379,0.0,17.0,6.5,53.48837209302325,55.55555555555556,-115,-125,4,0
2025-26,2026-04-14,WSH,CBJ,1293,3.00761540891435,3.010636103090311,3.2799018936989803,3.1013389034530743,3.308218869053328,3.058459002526633,3.0652800230186417,3.4504336533795823,1,1,0,0,0.9179,0.8766384615384616,10.0,4.0,6.5,53.48837209302325,51.21951219512195,-115,-105,3,0
2025-26,2026-04-14,COL,CGY,1294,2.878333523778151,3.305097497056847,3.3209408176748254,2.7610425458522774,3.1354355507266547,2.8436781250751935,3.336699784499871,2.5718453627078333,1,0,0,1,0.9014666666666666,0.9052,14.0,7.0,6.5,50.0,54.54545454545454,100,-120,4,0
2025-26,2026-04-14,ANA,MIN,1295,3.303399763815422,3.1227061401012883,3.1971376442731643,3.4177986987014686,3.179410988313269,2.8092290573749783,3.042948474721215,3.316046700991742,0,1,1,0,0.8900333333333333,0.8934666666666667,3.0,8.0,6.5,56.52173913043478,47.61904761904761,-130,110,5,0
2025-26,2026-04-14,CAR,NYI,1296,2.8517307554503555,3.1618443496012265,3.602957230736776,3.035614326663211,2.9991074733742433,3.082970081180131,3.307716530248695,3.008338109967901,1,0,0,1,0.8918,0.8957999999999999,6.0,5.0,6.5,53.48837209302325,51.21951219512195,-115,-105,3,0
2025-26,2026-04-14,MTL,PHI,1297,3.1909817161859606,2.886668122408965,3.29841391584721,2.8679357776472116,2.7810004007319664,2.837342516396645,3.4080663920286645,3.028739183891401,0,1,1,0,0.8724,0.9049,3.0,5.0,6.0,54.54545454545454,50.0,-120,100,6,
2025-26,2026-04-14,PIT,STL,1298,3.080335901974698,2.8282838205207015,3.608171604161999,3.3809429408504927,3.0150401011969845,2.854577352527399,3.4222575864036453,3.1799486764159868,0,1,1,0,0.8837666666666666,0.8913999999999999,2.0,9.0,6.5,51.21951219512195,53.48837209302325,-105,-115,12,1
2025-26,2026-04-14,WPG,UTA,1299,3.337383493970533,3.1091936617812896,2.8712372027830644,3.172064227036186,3.2295158757308755,3.152387867028277,2.7493409371012802,3.2074612992558094,1,0,0,1,0.8993666666666668,0.9008333333333333,4.0,10.0,6.0,53.48837209302325,51.21951219512195,-115,-105,8,1
2025-26,2026-04-14,LAK,VAN,1300,2.8160226676836797,3.748193242651531,3.0410214934321806,3.0822826753773893,2.6619218657461574,3.6235190097338856,2.981540709798504,2.9892207780602713,1,0,0,1,0.8845000000000002,0.9023,9.0,8.0,6.0,53.48837209302325,51.21951219512195,-115,-105,7,1
2025-26,2026-04-15,DAL,BUF,1301,3.5100236651567287,2.8592527819220104,3.2617842421753678,2.8916051304832533,3.5004159878307104,2.93756213373574,3.284230026554195,2.944866896548652,1,1,0,0,0.9044,0.9028666666666667,9.0,10.0,6.0,53.48837209302325,51.21951219512195,-115,-105,7,1
2025-26,2026-04-15,SJS,CHI,1302,2.602940400199463,3.510701630702559,2.9977905454852,3.4812558970718803,2.739050891986121,3.4456151816351297,2.984395553139364,3.521923367418559,1,1,0,0,0.9001333333333332,0.8885333333333333,9.0,2.0,6.5,52.38095238095239,52.38095238095239,-110,-110,7,1
2025-26,2026-04-15,DET,FLA,1303,3.0086122920753176,3.409024222596209,2.9959850848696203,3.1931751278690688,3.144099222568715,3.0084081737426627,2.866911001010063,2.97424819068518,1,1,0,0,0.8889666666666667,0.9063,35.0,5.0,6.0,53.48837209302325,51.21951219512195,-115,-105,9,1
2025-26,2026-04-15,TOR,OTT,1304,3.369604722329828,2.8577588769043594,3.004840241080214,3.7479752378055453,3.4621790215241726,2.7509458737988823,2.979525528641602,3.627515982845231,2,1,0,0,0.8896956521739131,0.8990344827586206,7.0,13.0,6.5,56.52173913043478,47.61904761904761,-130,110,4,0
2025-26,2026-04-15,NYR,TBL,1305,3.3596341768463223,3.0209932309356,3.1382813497175754,3.048812644487244,3.3834350641742064,2.8746728641301913,3.12324588445847,3.342663665602225,1,1,0,0,0.8947000000000002,0.9131333333333335,6.0,2.0,6.5,51.21951219512195,53.48837209302325,-105,-115,6,0
2025-26,2026-04-15,SEA,VGK,1306,3.192389455707343,2.9998419651988653,2.923790189605994,3.4152402438476566,3.4405525532411145,3.043260515650962,2.7516342606280944,3.407605823394689,1,1,0,0,0.8937925925925926,0.7073666666666667,4.0,8.0,6.0,54.54545454545454,50.0,-120,100,5,0
2025-26,2026-04-16,LAK,CGY,1307,2.8266969670217494,3.2933770325480993,3.041348993958685,3.110462169856217,3.069239968454686,2.8506693210576484,2.9820019067361563,3.0276940807842663,1,1,0,0,0.905,0.9062666666666668,18.0,8.0,6.0,53.48837209302325,51.21951219512195,-115,-105,4,0
2025-26,2026-04-16,SEA,COL,1308,3.3081859292372755,2.714477481350515,2.8693738616585893,3.427517669853975,3.429614050699279,3.0073767025479774,2.6987757204031064,3.4232952857213785,1,0,0,1,0.9188666666666666,0.9136363636363637,7.0,8.0,6.5,53.48837209302325,55.55555555555556,-115,-125,2,0
2025-26,2026-04-16,VAN,EDM,1309,3.221067174001879,3.1372673299602853,2.855525578608925,3.7151998209152044,3.1667277387335173,3.2272675378247793,2.935005875089984,3.665605299399532,2,1,0,0,0.8931,0.8851666666666667,7.0,9.0,6.5,55.55555555555556,48.78048780487805,-125,105,7,1
2025-26,2026-04-16,ANA,NSH,1310,3.101684084490708,3.041324043508472,3.160135195815663,3.4004204576928685,3.179259349250615,3.0845255687728788,3.0051686111174947,3.307062548229176,2,1,0,0,0.8945666666666666,0.9001758620689655,3.0,9.0,6.5,54.54545454545454,50.0,-120,100,9,1
2025-26,2026-04-16,STL,UTA,1311,3.3834260126141156,3.1062129153828897,3.1984112618460387,2.8984303057179237,3.2897113395053794,3.142669001360644,2.955670541813976,3.061085552394453,1,1,0,0,0.8991666666666667,0.9075,6.0,2.0,6.0,53.48837209302325,51.21951219512195,-115,-105,8,1
2025-26,2026-04-16,SJS,WPG,1312,2.8794077811321745,3.225926722972917,2.969987747414941,3.5205130540447285,3.0619646238236715,3.078789692674897,2.9508563872927236,3.5666523014899387,1,0,0,1,0.9005,0.8941,10.0,2.0,6.5,51.21951219512195,53.48837209302325,-105,-115,7,1
